level,daytype,horizon,n_days,cov_emp,se,cell
0.5,saturday,1,72,0.5138888888888888,0.058902827083330896,C
0.5,sunday,1,71,0.4225352112676056,0.05862259412843413,C
0.5,weekday,1,357,0.453781512605042,0.026349506685803742,C
0.5,all,1,500,0.458,0.022281651644346298,C
0.5,saturday,2,72,0.5972222222222222,0.05780088420918413,C
0.5,sunday,2,71,0.5070422535211268,0.05933319697178108,C
0.5,weekday,2,357,0.5322128851540616,0.02640782977591178,C
0.5,all,2,500,0.538,0.022296008611408454,C
0.5,saturday,3,72,0.6527777777777778,0.05610740575713344,C
0.5,sunday,3,71,0.5492957746478874,0.059049982004012076,C
0.5,weekday,3,357,0.5854341736694678,0.026073640701101308,C
0.5,all,3,500,0.59,0.02199545407578575,C
0.5,saturday,4,72,0.6527777777777778,0.05610740575713344,C
0.5,sunday,4,71,0.5492957746478874,0.059049982004012076,C
0.5,weekday,4,357,0.5910364145658263,0.026020481656007857,C
0.5,all,4,500,0.594,0.021961967125009547,C
0.5,saturday,5,72,0.5416666666666666,0.058720605990582514,C
0.5,sunday,5,71,0.5211267605633803,0.059286088431625354,C
0.5,weekday,5,357,0.5714285714285714,0.026191385629377464,C
0.5,all,5,500,0.56,0.02219909908081857,C
0.5,saturday,6,72,0.25,0.05103103630798288,C
0.5,sunday,6,71,0.38028169014084506,0.05761302746414258,C
0.5,weekday,6,357,0.5882352941176471,0.026047496633532213,C
0.5,all,6,500,0.51,0.022356207191739835,C
0.5,saturday,7,72,0.05555555555555555,0.026995147661320835,C
0.5,sunday,7,71,0.056338028169014086,0.02736401840987166,C
0.5,weekday,7,357,0.6134453781512605,0.025772661898485816,C
0.5,all,7,500,0.454,0.022265848288354075,C
0.5,saturday,8,72,0.027777777777777776,0.01936713024384434,C
0.5,sunday,8,71,0.014084507042253521,0.013984968642741177,C
0.5,weekday,8,357,0.6526610644257703,0.025199184072002254,C
0.5,all,8,500,0.472,0.022325590697672478,C
0.5,saturday,9,72,0.125,0.03897559777889522,C
0.5,sunday,9,71,0.056338028169014086,0.02736401840987166,C
0.5,weekday,9,357,0.5938375350140056,0.025992593053030224,C
0.5,all,9,500,0.45,0.022248595461286987,C
0.5,saturday,10,72,0.16666666666666666,0.04392052305789416,C
0.5,sunday,10,71,0.15492957746478872,0.04294221526646171,C
0.5,weekday,10,357,0.5154061624649859,0.026450241332534315,C
0.5,all,10,500,0.414,0.0220274374360705,C
0.5,saturday,11,72,0.2361111111111111,0.0500503433112029,C
0.5,sunday,11,71,0.22535211267605634,0.049585399087381056,C
0.5,weekday,11,357,0.48739495798319327,0.026454395668474198,C
0.5,all,11,500,0.414,0.0220274374360705,C
0.5,saturday,12,72,0.3333333333333333,0.05555555555555556,C
0.5,sunday,12,71,0.30985915492957744,0.054880979931595526,C
0.5,weekday,12,357,0.47058823529411764,0.026416983125827756,C
0.5,all,12,500,0.428,0.022127629787213995,C
0.5,saturday,13,72,0.3611111111111111,0.05660657065109946,C
0.5,sunday,13,71,0.36619718309859156,0.057174899223846616,C
0.5,weekday,13,357,0.5070028011204482,0.02646021064302055,C
0.5,all,13,500,0.466,0.022308921982023246,C
0.5,saturday,14,72,0.4166666666666667,0.05810139073153302,C
0.5,sunday,14,71,0.43661971830985913,0.05886041495942303,C
0.5,weekday,14,357,0.5714285714285714,0.026191385629377464,C
0.5,all,14,500,0.53,0.022320394261750844,C
0.5,saturday,15,72,0.4027777777777778,0.05780088420918413,C
0.5,sunday,15,71,0.43661971830985913,0.05886041495942303,C
0.5,weekday,15,357,0.5910364145658263,0.026020481656007857,C
0.5,all,15,500,0.542,0.022281651644346295,C
0.5,saturday,16,72,0.4305555555555556,0.05835445678683116,C
0.5,sunday,16,71,0.5352112676056338,0.05919175887556613,C
0.5,weekday,16,357,0.5994397759103641,0.025934183608879884,C
0.5,all,16,500,0.566,0.02216501748251059,C
0.5,saturday,17,72,0.4027777777777778,0.05780088420918413,C
0.5,sunday,17,71,0.5633802816901409,0.05886041495942303,C
0.5,weekday,17,357,0.6498599439775911,0.025246238158413894,C
0.5,all,17,500,0.602,0.02189045454073533,C
0.5,saturday,18,72,0.3333333333333333,0.05555555555555556,C
0.5,sunday,18,71,0.5352112676056338,0.05919175887556613,C
0.5,weekday,18,357,0.6274509803921569,0.02558865774193387,C
0.5,all,18,500,0.572,0.022127629787213995,C
0.5,saturday,19,72,0.2916666666666667,0.05356683548799136,C
0.5,sunday,19,71,0.5211267605633803,0.059286088431625354,C
0.5,weekday,19,357,0.6414565826330533,0.025381682185379336,C
0.5,all,19,500,0.574,0.02211442967837968,C
0.5,saturday,20,72,0.2222222222222222,0.04899539464934427,C
0.5,sunday,20,71,0.4788732394366197,0.05928608843162535,C
0.5,weekday,20,357,0.680672268907563,0.02467477710829337,C
0.5,all,20,500,0.586,0.0220274374360705,C
0.5,saturday,21,72,0.2361111111111111,0.0500503433112029,C
0.5,sunday,21,71,0.4225352112676056,0.05862259412843413,C
0.5,weekday,21,357,0.7030812324929971,0.024181735648235326,C
0.5,all,21,500,0.596,0.021944657664224338,C
0.5,saturday,22,72,0.2916666666666667,0.05356683548799136,C
0.5,sunday,22,71,0.5352112676056338,0.05919175887556613,C
0.5,weekday,22,357,0.742296918767507,0.023148056113568082,C
0.5,all,22,500,0.648,0.02135865164283551,C
0.5,saturday,23,72,0.5277777777777778,0.05883456031082794,C
0.5,sunday,23,71,0.6056338028169014,0.05799969641766592,C
0.5,weekday,23,357,0.7647058823529411,0.02245011874147451,C
0.5,all,23,500,0.708,0.0203340109176719,C
0.5,saturday,24,72,0.6805555555555556,0.05494943273365379,C
0.5,sunday,24,71,0.5633802816901409,0.05886041495942303,C
0.5,weekday,24,357,0.6946778711484594,0.024374558904870742,C
0.5,all,24,500,0.674,0.020963015050321363,C
0.6827,saturday,1,72,0.6666666666666666,0.05555555555555556,C
0.6827,sunday,1,71,0.5774647887323944,0.05862259412843413,C
0.6827,weekday,1,357,0.6078431372549019,0.02583994355188809,C
0.6827,all,1,500,0.612,0.021792475765731623,C
0.6827,saturday,2,72,0.7222222222222222,0.05278589931014528,C
0.6827,sunday,2,71,0.7183098591549296,0.05338417835400071,C
0.6827,weekday,2,357,0.7058823529411765,0.024115295932081993,C
0.6827,all,2,500,0.71,0.020292855885754475,C
0.6827,saturday,3,72,0.75,0.05103103630798288,C
0.6827,sunday,3,71,0.7605633802816901,0.05064467838459024,C
0.6827,weekday,3,357,0.7619047619047619,0.022541955634816712,C
0.6827,all,3,500,0.76,0.019099738218101316,C
0.6827,saturday,4,72,0.7222222222222222,0.05278589931014528,C
0.6827,sunday,4,71,0.7605633802816901,0.05064467838459024,C
0.6827,weekday,4,357,0.7619047619047619,0.022541955634816712,C
0.6827,all,4,500,0.756,0.019207498535728174,C
0.6827,saturday,5,72,0.7361111111111112,0.05194167979702981,C
0.6827,sunday,5,71,0.6901408450704225,0.054880979931595526,C
0.6827,weekday,5,357,0.7535014005602241,0.02280946778176572,C
0.6827,all,5,500,0.742,0.019567115270269147,C
0.6827,saturday,6,72,0.4722222222222222,0.05883456031082794,C
0.6827,sunday,6,71,0.49295774647887325,0.05933319697178108,C
0.6827,weekday,6,357,0.7478991596638656,0.022981298366630737,C
0.6827,all,6,500,0.672,0.02099599961897504,C
0.6827,saturday,7,72,0.1527777777777778,0.042399673805588435,C
0.6827,sunday,7,71,0.15492957746478872,0.04294221526646171,C
0.6827,weekday,7,357,0.8095238095238095,0.020782656212951653,C
0.6827,all,7,500,0.622,0.02168483340955148,C
0.6827,saturday,8,72,0.1111111111111111,0.037037037037037035,C
0.6827,sunday,8,71,0.04225352112676056,0.023874130344503686,C
0.6827,weekday,8,357,0.8263305322128851,0.020049545336368914,C
0.6827,all,8,500,0.612,0.021792475765731623,C
0.6827,saturday,9,72,0.16666666666666666,0.04392052305789416,C
0.6827,sunday,9,71,0.1267605633802817,0.03948476670993462,C
0.6827,weekday,9,357,0.7787114845938375,0.02197018022053908,C
0.6827,all,9,500,0.598,0.021926969694875762,C
0.6827,saturday,10,72,0.2916666666666667,0.05356683548799136,C
0.6827,sunday,10,71,0.28169014084507044,0.05338417835400071,C
0.6827,weekday,10,357,0.7142857142857143,0.0239093545358778,C
0.6827,all,10,500,0.592,0.021978898971513564,C
0.6827,saturday,11,72,0.4444444444444444,0.05856069741052554,C
0.6827,sunday,11,71,0.36619718309859156,0.057174899223846616,C
0.6827,weekday,11,357,0.6722689075630253,0.024842553144602795,C
0.6827,all,11,500,0.596,0.021944657664224338,C
0.6827,saturday,12,72,0.4861111111111111,0.05890282708333089,C
0.6827,sunday,12,71,0.43661971830985913,0.05886041495942303,C
0.6827,weekday,12,357,0.6750700280112045,0.02478764066364334,C
0.6827,all,12,500,0.614,0.0217717247823869,C
0.6827,saturday,13,72,0.5555555555555556,0.05856069741052554,C
0.6827,sunday,13,71,0.5211267605633803,0.059286088431625354,C
0.6827,weekday,13,357,0.7002801120448179,0.024247086903448914,C
0.6827,all,13,500,0.654,0.021273645667821018,C
0.6827,saturday,14,72,0.5416666666666666,0.058720605990582514,C
0.6827,sunday,14,71,0.5352112676056338,0.05919175887556613,C
0.6827,weekday,14,357,0.7450980392156863,0.023065304389710283,C
0.6827,all,14,500,0.686,0.020755914819636352,C
0.6827,saturday,15,72,0.5555555555555556,0.05856069741052554,C
0.6827,sunday,15,71,0.5633802816901409,0.05886041495942303,C
0.6827,weekday,15,357,0.7703081232492998,0.022262347060763774,C
0.6827,all,15,500,0.71,0.020292855885754475,C
0.6827,saturday,16,72,0.625,0.057054433073454806,C
0.6827,sunday,16,71,0.5915492957746479,0.05833592935857883,C
0.6827,weekday,16,357,0.803921568627451,0.021012979857066256,C
0.6827,all,16,500,0.748,0.019416281827373642,C
0.6827,saturday,17,72,0.6111111111111112,0.057452192805513225,C
0.6827,sunday,17,71,0.7464788732394366,0.051628162017765496,C
0.6827,weekday,17,357,0.8431372549019608,0.019247526982793202,C
0.6827,all,17,500,0.796,0.018021320706318945,C
0.6827,saturday,18,72,0.5138888888888888,0.058902827083330896,C
0.6827,sunday,18,71,0.7605633802816901,0.05064467838459024,C
0.6827,weekday,18,357,0.8291316526610645,0.01992087676632044,C
0.6827,all,18,500,0.774,0.01870422412183943,C
0.6827,saturday,19,72,0.5,0.05892556509887896,C
0.6827,sunday,19,71,0.704225352112676,0.05416355065056952,C
0.6827,weekday,19,357,0.834733893557423,0.019657659749970854,C
0.6827,all,19,500,0.768,0.018877287940803362,C
0.6827,saturday,20,72,0.4583333333333333,0.058720605990582514,C
0.6827,sunday,20,71,0.6901408450704225,0.054880979931595526,C
0.6827,weekday,20,357,0.8711484593837535,0.017731961765665105,C
0.6827,all,20,500,0.786,0.01834142851579451,C
0.6827,saturday,21,72,0.4305555555555556,0.05835445678683116,C
0.6827,sunday,21,71,0.676056338028169,0.0555388667156425,C
0.6827,weekday,21,357,0.8879551820728291,0.016693880586237504,C
0.6827,all,21,500,0.792,0.018151363585141474,C
0.6827,saturday,22,72,0.5694444444444444,0.05835445678683116,C
0.6827,sunday,22,71,0.704225352112676,0.05416355065056952,C
0.6827,weekday,22,357,0.907563025210084,0.0153294703892032,C
0.6827,all,22,500,0.83,0.016798809481626965,C
0.6827,saturday,23,72,0.7777777777777778,0.04899539464934427,C
0.6827,sunday,23,71,0.7887323943661971,0.04844535246297056,C
0.6827,weekday,23,357,0.9215686274509803,0.01422900855475359,C
0.6827,all,23,500,0.882,0.014427473791346842,C
0.6827,saturday,24,72,0.8611111111111112,0.04075652051309955,C
0.6827,sunday,24,71,0.7887323943661971,0.04844535246297056,C
0.6827,weekday,24,357,0.8571428571428571,0.0185201063872047,C
0.6827,all,24,500,0.848,0.01605590234150669,C
0.8,saturday,1,72,0.6944444444444444,0.0542872194424008,C
0.8,sunday,1,71,0.647887323943662,0.05668411847740348,C
0.8,weekday,1,357,0.7226890756302521,0.02369327668791142,C
0.8,all,1,500,0.708,0.0203340109176719,C
0.8,saturday,2,72,0.7777777777777778,0.04899539464934427,C
0.8,sunday,2,71,0.8169014084507042,0.04589846376912448,C
0.8,weekday,2,357,0.7983193277310925,0.021236666847066717,C
0.8,all,2,500,0.798,0.01795527777562909,C
0.8,saturday,3,72,0.8055555555555556,0.04664222611020806,C
0.8,sunday,3,71,0.8309859154929577,0.04447634657729004,C
0.8,weekday,3,357,0.8627450980392157,0.018212563294620544,C
0.8,all,3,500,0.85,0.015968719422671314,C
0.8,saturday,4,72,0.8194444444444444,0.04533137969344014,C
0.8,sunday,4,71,0.8450704225352113,0.04294221526646172,C
0.8,weekday,4,357,0.865546218487395,0.018055001724001173,C
0.8,all,4,500,0.856,0.015701210144444283,C
0.8,saturday,5,72,0.8194444444444444,0.04533137969344014,C
0.8,sunday,5,71,0.8309859154929577,0.04447634657729004,C
0.8,weekday,5,357,0.8319327731092437,0.019790261174521238,C
0.8,all,5,500,0.83,0.016798809481626965,C
0.8,saturday,6,72,0.5555555555555556,0.05856069741052554,C
0.8,sunday,6,71,0.6056338028169014,0.05799969641766592,C
0.8,weekday,6,357,0.8151260504201681,0.020545472716637602,C
0.8,all,6,500,0.748,0.019416281827373642,C
0.8,saturday,7,72,0.2777777777777778,0.05278589931014528,C
0.8,sunday,7,71,0.23943661971830985,0.05064467838459024,C
0.8,weekday,7,357,0.8627450980392157,0.018212563294620544,C
0.8,all,7,500,0.69,0.02068332661831747,C
0.8,saturday,8,72,0.19444444444444445,0.04664222611020807,C
0.8,sunday,8,71,0.11267605633802817,0.03752560865804669,C
0.8,weekday,8,357,0.8907563025210085,0.016509865655961575,C
0.8,all,8,500,0.68,0.020861447696648473,C
0.8,saturday,9,72,0.3194444444444444,0.05494943273365379,C
0.8,sunday,9,71,0.30985915492957744,0.054880979931595526,C
0.8,weekday,9,357,0.8851540616246498,0.01687458673124291,C
0.8,all,9,500,0.722,0.020035768016225385,C
0.8,saturday,10,72,0.4861111111111111,0.05890282708333089,C
0.8,sunday,10,71,0.4225352112676056,0.05862259412843413,C
0.8,weekday,10,357,0.8095238095238095,0.020782656212951653,C
0.8,all,10,500,0.708,0.0203340109176719,C
0.8,saturday,11,72,0.5416666666666666,0.058720605990582514,C
0.8,sunday,11,71,0.4788732394366197,0.05928608843162535,C
0.8,weekday,11,357,0.7927170868347339,0.02145392477299269,C
0.8,all,11,500,0.712,0.020251222185339826,C
0.8,saturday,12,72,0.625,0.057054433073454806,C
0.8,sunday,12,71,0.5492957746478874,0.059049982004012076,C
0.8,weekday,12,357,0.7899159663865546,0.021560203797059262,C
0.8,all,12,500,0.732,0.0198078772209442,C
0.8,saturday,13,72,0.625,0.057054433073454806,C
0.8,sunday,13,71,0.5915492957746479,0.05833592935857883,C
0.8,weekday,13,357,0.7955182072829131,0.021346087037973825,C
0.8,all,13,500,0.742,0.019567115270269147,C
0.8,saturday,14,72,0.6666666666666666,0.05555555555555556,C
0.8,sunday,14,71,0.6197183098591549,0.05761302746414258,C
0.8,weekday,14,357,0.8319327731092437,0.019790261174521238,C
0.8,all,14,500,0.778,0.018585801031970613,C
0.8,saturday,15,72,0.6944444444444444,0.0542872194424008,C
0.8,sunday,15,71,0.647887323943662,0.05668411847740348,C
0.8,weekday,15,357,0.8599439775910365,0.018367576855438984,C
0.8,all,15,500,0.806,0.017684117167673367,C
0.8,saturday,16,72,0.7222222222222222,0.05278589931014528,C
0.8,sunday,16,71,0.7605633802816901,0.05064467838459024,C
0.8,weekday,16,357,0.8879551820728291,0.016693880586237504,C
0.8,all,16,500,0.846,0.016142118820031033,C
0.8,saturday,17,72,0.7916666666666666,0.04786128038920216,C
0.8,sunday,17,71,0.8169014084507042,0.04589846376912448,C
0.8,weekday,17,357,0.9131652661064426,0.014903467429075116,C
0.8,all,17,500,0.882,0.014427473791346842,C
0.8,saturday,18,72,0.7222222222222222,0.05278589931014528,C
0.8,sunday,18,71,0.8450704225352113,0.04294221526646172,C
0.8,weekday,18,357,0.927170868347339,0.013753028618363888,C
0.8,all,18,500,0.886,0.014212951839783317,C
0.8,saturday,19,72,0.7083333333333334,0.05356683548799136,C
0.8,sunday,19,71,0.8028169014084507,0.04721868874183584,C
0.8,weekday,19,357,0.9047619047619048,0.01553597077188842,C
0.8,all,19,500,0.862,0.01542439626046997,C
0.8,saturday,20,72,0.7083333333333334,0.05356683548799136,C
0.8,sunday,20,71,0.8169014084507042,0.04589846376912448,C
0.8,weekday,20,357,0.9215686274509803,0.01422900855475359,C
0.8,all,20,500,0.876,0.014739335127474372,C
0.8,saturday,21,72,0.7222222222222222,0.05278589931014528,C
0.8,sunday,21,71,0.8169014084507042,0.04589846376912448,C
0.8,weekday,21,357,0.9495798319327731,0.011580672433137902,C
0.8,all,21,500,0.898,0.013534843922262271,C
0.8,saturday,22,72,0.8333333333333334,0.04392052305789415,C
0.8,sunday,22,71,0.8591549295774648,0.041283584119470355,C
0.8,weekday,22,357,0.9551820728291317,0.01095052287292284,C
0.8,all,22,500,0.924,0.01185107590052481,C
0.8,saturday,23,72,0.9166666666666666,0.03257233166544049,C
0.8,sunday,23,71,0.8591549295774648,0.041283584119470355,C
0.8,weekday,23,357,0.9523809523809523,0.01127097781740836,C
0.8,all,23,500,0.934,0.01110351295761841,C
0.8,saturday,24,72,0.9305555555555556,0.029958747929501813,C
0.8,sunday,24,71,0.9014084507042254,0.03537948313367657,C
0.8,weekday,24,357,0.9327731092436975,0.013253342257555934,C
0.8,all,24,500,0.928,0.0115599307956406,C
0.9,saturday,1,72,0.8055555555555556,0.04664222611020806,C
0.9,sunday,1,71,0.7183098591549296,0.05338417835400071,C
0.9,weekday,1,357,0.8151260504201681,0.020545472716637602,C
0.9,all,1,500,0.8,0.017888543819998316,C
0.9,saturday,2,72,0.8194444444444444,0.04533137969344014,C
0.9,sunday,2,71,0.8591549295774648,0.041283584119470355,C
0.9,weekday,2,357,0.876750700280112,0.01739787406427662,C
0.9,all,2,500,0.866,0.015234434679370286,C
0.9,saturday,3,72,0.8611111111111112,0.04075652051309955,C
0.9,sunday,3,71,0.9295774647887324,0.030364731614087568,C
0.9,weekday,3,357,0.9103641456582633,0.0151186963814665,C
0.9,all,3,500,0.906,0.013050976974924135,C
0.9,saturday,4,72,0.8888888888888888,0.03703703703703704,C
0.9,sunday,4,71,0.9577464788732394,0.0238741303445037,C
0.9,weekday,4,357,0.9159663865546218,0.01468358763439853,C
0.9,all,4,500,0.918,0.012269963325128561,C
0.9,saturday,5,72,0.8472222222222222,0.042399673805588435,C
0.9,sunday,5,71,0.9295774647887324,0.030364731614087568,C
0.9,weekday,5,357,0.907563025210084,0.0153294703892032,C
0.9,all,5,500,0.902,0.013296315279053816,C
0.9,saturday,6,72,0.7361111111111112,0.05194167979702981,C
0.9,sunday,6,71,0.6901408450704225,0.054880979931595526,C
0.9,weekday,6,357,0.8851540616246498,0.01687458673124291,C
0.9,all,6,500,0.836,0.0165592270351004,C
0.9,saturday,7,72,0.4583333333333333,0.058720605990582514,C
0.9,sunday,7,71,0.5211267605633803,0.059286088431625354,C
0.9,weekday,7,357,0.927170868347339,0.013753028618363888,C
0.9,all,7,500,0.802,0.017821111076473318,C
0.9,saturday,8,72,0.4166666666666667,0.05810139073153302,C
0.9,sunday,8,71,0.36619718309859156,0.057174899223846616,C
0.9,weekday,8,357,0.9467787114845938,0.011880448237326443,C
0.9,all,8,500,0.788,0.018278730809331373,C
0.9,saturday,9,72,0.5555555555555556,0.05856069741052554,C
0.9,sunday,9,71,0.5070422535211268,0.05933319697178108,C
0.9,weekday,9,357,0.9215686274509803,0.01422900855475359,C
0.9,all,9,500,0.81,0.01754422982065613,C
0.9,saturday,10,72,0.7083333333333334,0.05356683548799136,C
0.9,sunday,10,71,0.5774647887323944,0.05862259412843413,C
0.9,weekday,10,357,0.9019607843137255,0.01573836575091292,C
0.9,all,10,500,0.828,0.0168769665520792,C
0.9,saturday,11,72,0.75,0.05103103630798288,C
0.9,sunday,11,71,0.6056338028169014,0.05799969641766592,C
0.9,weekday,11,357,0.876750700280112,0.01739787406427662,C
0.9,all,11,500,0.82,0.017181385275931625,C
0.9,saturday,12,72,0.7777777777777778,0.04899539464934427,C
0.9,sunday,12,71,0.676056338028169,0.0555388667156425,C
0.9,weekday,12,357,0.8907563025210085,0.016509865655961575,C
0.9,all,12,500,0.844,0.01622738426241272,C
0.9,saturday,13,72,0.7638888888888888,0.05005034331120291,C
0.9,sunday,13,71,0.7183098591549296,0.05338417835400071,C
0.9,weekday,13,357,0.9159663865546218,0.01468358763439853,C
0.9,all,13,500,0.866,0.015234434679370286,C
0.9,saturday,14,72,0.8055555555555556,0.04664222611020806,C
0.9,sunday,14,71,0.7746478873239436,0.049585399087381056,C
0.9,weekday,14,357,0.9327731092436975,0.013253342257555934,C
0.9,all,14,500,0.892,0.013880633991284403,C
0.9,saturday,15,72,0.8888888888888888,0.03703703703703704,C
0.9,sunday,15,71,0.8028169014084507,0.04721868874183584,C
0.9,weekday,15,357,0.9439775910364145,0.012171038160689903,C
0.9,all,15,500,0.916,0.012405160216619531,C
0.9,saturday,16,72,0.8888888888888888,0.03703703703703704,C
0.9,sunday,16,71,0.8309859154929577,0.04447634657729004,C
0.9,weekday,16,357,0.9607843137254902,0.01027327121559968,C
0.9,all,16,500,0.932,0.01125841907196565,C
0.9,saturday,17,72,0.9027777777777778,0.03491459057638508,C
0.9,sunday,17,71,0.9014084507042254,0.03537948313367657,C
0.9,weekday,17,357,0.969187675070028,0.009146018337792855,C
0.9,all,17,500,0.95,0.00974679434480897,C
0.9,saturday,18,72,0.9444444444444444,0.026995147661320842,C
0.9,sunday,18,71,0.9154929577464789,0.03300994345777757,C
0.9,weekday,18,357,0.9719887955182073,0.008732978947832332,C
0.9,all,18,500,0.96,0.008763560920082661,C
0.9,saturday,19,72,0.8888888888888888,0.03703703703703704,C
0.9,sunday,19,71,0.9154929577464789,0.03300994345777757,C
0.9,weekday,19,357,0.9719887955182073,0.008732978947832332,C
0.9,all,19,500,0.952,0.009559916317625384,C
0.9,saturday,20,72,0.875,0.03897559777889522,C
0.9,sunday,20,71,0.9154929577464789,0.03300994345777757,C
0.9,weekday,20,357,0.9775910364145658,0.007833491613478237,C
0.9,all,20,500,0.954,0.009368457717255283,C
0.9,saturday,21,72,0.9166666666666666,0.03257233166544049,C
0.9,sunday,21,71,0.9436619718309859,0.027364018409871668,C
0.9,weekday,21,357,0.9831932773109243,0.006803413371659935,C
0.9,all,21,500,0.968,0.007870959280799264,C
0.9,saturday,22,72,0.9444444444444444,0.026995147661320842,C
0.9,sunday,22,71,0.9436619718309859,0.027364018409871668,C
0.9,weekday,22,357,0.9803921568627451,0.007338050868285495,C
0.9,all,22,500,0.97,0.007628892449104264,C
0.9,saturday,23,72,0.9722222222222222,0.019367130243844344,C
0.9,sunday,23,71,0.9436619718309859,0.027364018409871668,C
0.9,weekday,23,357,0.9803921568627451,0.007338050868285495,C
0.9,all,23,500,0.974,0.007116740827092135,C
0.9,saturday,24,72,0.9583333333333334,0.023549756885851616,C
0.9,sunday,24,71,0.9295774647887324,0.030364731614087568,C
0.9,weekday,24,357,0.9663865546218487,0.00953889012622683,C
0.9,all,24,500,0.96,0.008763560920082661,C
0.95,saturday,1,72,0.8055555555555556,0.04664222611020806,C
0.95,sunday,1,71,0.8028169014084507,0.04721868874183584,C
0.95,weekday,1,357,0.8515406162464986,0.018817953993946764,C
0.95,all,1,500,0.838,0.016477621187537962,C
0.95,saturday,2,72,0.8611111111111112,0.04075652051309955,C
0.95,sunday,2,71,0.9154929577464789,0.03300994345777757,C
0.95,weekday,2,357,0.9299719887955182,0.013506310264103033,C
0.95,all,2,500,0.918,0.012269963325128561,C
0.95,saturday,3,72,0.9166666666666666,0.03257233166544049,C
0.95,sunday,3,71,0.9436619718309859,0.027364018409871668,C
0.95,weekday,3,357,0.9439775910364145,0.012171038160689903,C
0.95,all,3,500,0.94,0.010620734437881408,C
0.95,saturday,4,72,0.9583333333333334,0.023549756885851616,C
0.95,sunday,4,71,0.971830985915493,0.019635954637023313,C
0.95,weekday,4,357,0.9523809523809523,0.01127097781740836,C
0.95,all,4,500,0.956,0.009172131704244116,C
0.95,saturday,5,72,0.9027777777777778,0.03491459057638508,C
0.95,sunday,5,71,0.9577464788732394,0.0238741303445037,C
0.95,weekday,5,357,0.9635854341736695,0.009913992208905365,C
0.95,all,5,500,0.954,0.009368457717255283,C
0.95,saturday,6,72,0.8194444444444444,0.04533137969344014,C
0.95,sunday,6,71,0.8450704225352113,0.04294221526646172,C
0.95,weekday,6,357,0.938375350140056,0.012727157534437757,C
0.95,all,6,500,0.908,0.012925633446759966,C
0.95,saturday,7,72,0.625,0.057054433073454806,C
0.95,sunday,7,71,0.647887323943662,0.05668411847740348,C
0.95,weekday,7,357,0.9467787114845938,0.011880448237326443,C
0.95,all,7,500,0.858,0.01560999679692472,C
0.95,saturday,8,72,0.5972222222222222,0.05780088420918413,C
0.95,sunday,8,71,0.5774647887323944,0.05862259412843413,C
0.95,weekday,8,357,0.9607843137254902,0.01027327121559968,C
0.95,all,8,500,0.854,0.015791390059142988,C
0.95,saturday,9,72,0.7916666666666666,0.04786128038920216,C
0.95,sunday,9,71,0.6197183098591549,0.05761302746414258,C
0.95,weekday,9,357,0.9467787114845938,0.011880448237326443,C
0.95,all,9,500,0.878,0.014636666287102402,C
0.95,saturday,10,72,0.8194444444444444,0.04533137969344014,C
0.95,sunday,10,71,0.7323943661971831,0.052540106553156475,C
0.95,weekday,10,357,0.9467787114845938,0.011880448237326443,C
0.95,all,10,500,0.898,0.013534843922262271,C
0.95,saturday,11,72,0.8333333333333334,0.04392052305789415,C
0.95,sunday,11,71,0.7464788732394366,0.051628162017765496,C
0.95,weekday,11,357,0.9355742296918768,0.012993759591228582,C
0.95,all,11,500,0.894,0.013766916866168691,C
0.95,saturday,12,72,0.8472222222222222,0.042399673805588435,C
0.95,sunday,12,71,0.7887323943661971,0.04844535246297056,C
0.95,weekday,12,357,0.9355742296918768,0.012993759591228582,C
0.95,all,12,500,0.902,0.013296315279053816,C
0.95,saturday,13,72,0.8888888888888888,0.03703703703703704,C
0.95,sunday,13,71,0.8309859154929577,0.04447634657729004,C
0.95,weekday,13,357,0.957983193277311,0.010618333423533355,C
0.95,all,13,500,0.93,0.011410521460476728,C
0.95,saturday,14,72,0.9027777777777778,0.03491459057638508,C
0.95,sunday,14,71,0.8309859154929577,0.04447634657729004,C
0.95,weekday,14,357,0.9635854341736695,0.009913992208905365,C
0.95,all,14,500,0.936,0.01094568408095172,C
0.95,saturday,15,72,0.9583333333333334,0.023549756885851616,C
0.95,sunday,15,71,0.8732394366197183,0.039484766709934636,C
0.95,weekday,15,357,0.969187675070028,0.009146018337792855,C
0.95,all,15,500,0.954,0.009368457717255283,C
0.95,saturday,16,72,0.9722222222222222,0.019367130243844344,C
0.95,sunday,16,71,0.9154929577464789,0.03300994345777757,C
0.95,weekday,16,357,0.9747899159663865,0.008296760478906587,C
0.95,all,16,500,0.966,0.008104813384649892,C
0.95,saturday,17,72,0.9583333333333334,0.023549756885851616,C
0.95,sunday,17,71,0.9436619718309859,0.027364018409871668,C
0.95,weekday,17,357,0.9859943977591037,0.006219479056869686,C
0.95,all,17,500,0.976,0.006844559883586383,C
0.95,saturday,18,72,0.9722222222222222,0.019367130243844344,C
0.95,sunday,18,71,0.9577464788732394,0.0238741303445037,C
0.95,weekday,18,357,0.988795518207283,0.005570767383855156,C
0.95,all,18,500,0.982,0.005945754788082,C
0.95,saturday,19,72,0.9583333333333334,0.023549756885851616,C
0.95,sunday,19,71,0.9859154929577465,0.013984968642741166,C
0.95,weekday,19,357,0.988795518207283,0.005570767383855156,C
0.95,all,19,500,0.984,0.00561141693336006,C
0.95,saturday,20,72,0.9444444444444444,0.026995147661320842,C
0.95,sunday,20,71,0.9859154929577465,0.013984968642741166,C
0.95,weekday,20,357,0.9915966386554622,0.004831254704963531,C
0.95,all,20,500,0.984,0.00561141693336006,C
0.95,saturday,21,72,0.9583333333333334,0.023549756885851616,C
0.95,sunday,21,71,0.971830985915493,0.019635954637023313,C
0.95,weekday,21,357,0.9943977591036415,0.003950270633319207,C
0.95,all,21,500,0.986,0.0052543315464481325,C
0.95,saturday,22,72,0.9861111111111112,0.0137921010275613,C
0.95,sunday,22,71,0.971830985915493,0.019635954637023313,C
0.95,weekday,22,357,0.9971988795518207,0.0027971945591467244,C
0.95,all,22,500,0.992,0.003983967871356396,C
0.95,saturday,23,72,1.0,0.0,C
0.95,sunday,23,71,0.9859154929577465,0.013984968642741166,C
0.95,weekday,23,357,0.9859943977591037,0.006219479056869686,C
0.95,all,23,500,0.988,0.004869496893930627,C
0.95,saturday,24,72,0.9861111111111112,0.0137921010275613,C
0.95,sunday,24,71,0.971830985915493,0.019635954637023313,C
0.95,weekday,24,357,0.9859943977591037,0.006219479056869686,C
0.95,all,24,500,0.984,0.00561141693336006,C
0.99,saturday,1,72,0.8888888888888888,0.03703703703703704,C
0.99,sunday,1,71,0.8873239436619719,0.03752560865804668,C
0.99,weekday,1,357,0.9215686274509803,0.01422900855475359,C
0.99,all,1,500,0.912,0.012669333052690657,C
0.99,saturday,2,72,0.9583333333333334,0.023549756885851616,C
0.99,sunday,2,71,0.9577464788732394,0.0238741303445037,C
0.99,weekday,2,357,0.9551820728291317,0.01095052287292284,C
0.99,all,2,500,0.956,0.009172131704244116,C
0.99,saturday,3,72,0.9861111111111112,0.0137921010275613,C
0.99,sunday,3,71,0.9859154929577465,0.013984968642741166,C
0.99,weekday,3,357,0.9747899159663865,0.008296760478906587,C
0.99,all,3,500,0.978,0.006559878047646925,C
0.99,saturday,4,72,0.9861111111111112,0.0137921010275613,C
0.99,sunday,4,71,0.9859154929577465,0.013984968642741166,C
0.99,weekday,4,357,0.9803921568627451,0.007338050868285495,C
0.99,all,4,500,0.982,0.005945754788082,C
0.99,saturday,5,72,0.9722222222222222,0.019367130243844344,C
0.99,sunday,5,71,0.971830985915493,0.019635954637023313,C
0.99,weekday,5,357,0.9859943977591037,0.006219479056869686,C
0.99,all,5,500,0.982,0.005945754788082,C
0.99,saturday,6,72,0.9027777777777778,0.03491459057638508,C
0.99,sunday,6,71,0.971830985915493,0.019635954637023313,C
0.99,weekday,6,357,0.9775910364145658,0.007833491613478237,C
0.99,all,6,500,0.966,0.008104813384649892,C
0.99,saturday,7,72,0.875,0.03897559777889522,C
0.99,sunday,7,71,0.8873239436619719,0.03752560865804668,C
0.99,weekday,7,357,0.9803921568627451,0.007338050868285495,C
0.99,all,7,500,0.952,0.009559916317625384,C
0.99,saturday,8,72,0.9305555555555556,0.029958747929501813,C
0.99,sunday,8,71,0.8169014084507042,0.04589846376912448,C
0.99,weekday,8,357,0.9831932773109243,0.006803413371659935,C
0.99,all,8,500,0.952,0.009559916317625384,C
0.99,saturday,9,72,0.9583333333333334,0.023549756885851616,C
0.99,sunday,9,71,0.8732394366197183,0.039484766709934636,C
0.99,weekday,9,357,0.988795518207283,0.005570767383855156,C
0.99,all,9,500,0.968,0.007870959280799264,C
0.99,saturday,10,72,0.9444444444444444,0.026995147661320842,C
0.99,sunday,10,71,0.8591549295774648,0.041283584119470355,C
0.99,weekday,10,357,0.9803921568627451,0.007338050868285495,C
0.99,all,10,500,0.958,0.00897061870775924,C
0.99,saturday,11,72,0.9444444444444444,0.026995147661320842,C
0.99,sunday,11,71,0.9014084507042254,0.03537948313367657,C
0.99,weekday,11,357,0.9803921568627451,0.007338050868285495,C
0.99,all,11,500,0.964,0.008331146379700699,C
0.99,saturday,12,72,0.9583333333333334,0.023549756885851616,C
0.99,sunday,12,71,0.9295774647887324,0.030364731614087568,C
0.99,weekday,12,357,0.9803921568627451,0.007338050868285495,C
0.99,all,12,500,0.97,0.007628892449104264,C
0.99,saturday,13,72,0.9583333333333334,0.023549756885851616,C
0.99,sunday,13,71,0.9154929577464789,0.03300994345777757,C
0.99,weekday,13,357,0.9859943977591037,0.006219479056869686,C
0.99,all,13,500,0.972,0.0073778045514909145,C
0.99,saturday,14,72,0.9722222222222222,0.019367130243844344,C
0.99,sunday,14,71,0.9295774647887324,0.030364731614087568,C
0.99,weekday,14,357,0.9859943977591037,0.006219479056869686,C
0.99,all,14,500,0.976,0.006844559883586383,C
0.99,saturday,15,72,0.9722222222222222,0.019367130243844344,C
0.99,sunday,15,71,0.9436619718309859,0.027364018409871668,C
0.99,weekday,15,357,0.9859943977591037,0.006219479056869686,C
0.99,all,15,500,0.978,0.006559878047646925,C
0.99,saturday,16,72,1.0,0.0,C
0.99,sunday,16,71,0.9577464788732394,0.0238741303445037,C
0.99,weekday,16,357,0.988795518207283,0.005570767383855156,C
0.99,all,16,500,0.986,0.0052543315464481325,C
0.99,saturday,17,72,0.9861111111111112,0.0137921010275613,C
0.99,sunday,17,71,0.971830985915493,0.019635954637023313,C
0.99,weekday,17,357,0.988795518207283,0.005570767383855156,C
0.99,all,17,500,0.986,0.0052543315464481325,C
0.99,saturday,18,72,0.9861111111111112,0.0137921010275613,C
0.99,sunday,18,71,1.0,0.0,C
0.99,weekday,18,357,1.0,0.0,C
0.99,all,18,500,0.998,0.001997998998998749,C
0.99,saturday,19,72,0.9722222222222222,0.019367130243844344,C
0.99,sunday,19,71,0.9859154929577465,0.013984968642741166,C
0.99,weekday,19,357,0.9971988795518207,0.0027971945591467244,C
0.99,all,19,500,0.992,0.003983967871356396,C
0.99,saturday,20,72,0.9722222222222222,0.019367130243844344,C
0.99,sunday,20,71,0.9859154929577465,0.013984968642741166,C
0.99,weekday,20,357,1.0,0.0,C
0.99,all,20,500,0.994,0.0034536936748935927,C
0.99,saturday,21,72,0.9861111111111112,0.0137921010275613,C
0.99,sunday,21,71,0.9859154929577465,0.013984968642741166,C
0.99,weekday,21,357,1.0,0.0,C
0.99,all,21,500,0.996,0.002822764602300377,C
0.99,saturday,22,72,1.0,0.0,C
0.99,sunday,22,71,0.9859154929577465,0.013984968642741166,C
0.99,weekday,22,357,0.9971988795518207,0.0027971945591467244,C
0.99,all,22,500,0.996,0.002822764602300377,C
0.99,saturday,23,72,1.0,0.0,C
0.99,sunday,23,71,0.9859154929577465,0.013984968642741166,C
0.99,weekday,23,357,0.9971988795518207,0.0027971945591467244,C
0.99,all,23,500,0.996,0.002822764602300377,C
0.99,saturday,24,72,1.0,0.0,C
0.99,sunday,24,71,0.9859154929577465,0.013984968642741166,C
0.99,weekday,24,357,0.9943977591036415,0.003950270633319207,C
0.99,all,24,500,0.994,0.0034536936748935927,C
0.5,saturday,1,72,0.4305555555555556,0.05835445678683116,D
0.5,sunday,1,71,0.352112676056338,0.05668411847740348,D
0.5,weekday,1,357,0.3753501400560224,0.025627279561977506,D
0.5,all,1,500,0.38,0.021707141681944216,D
0.5,saturday,2,72,0.5416666666666666,0.058720605990582514,D
0.5,sunday,2,71,0.38028169014084506,0.05761302746414258,D
0.5,weekday,2,357,0.47058823529411764,0.026416983125827756,D
0.5,all,2,500,0.468,0.022314838112789438,D
0.5,saturday,3,72,0.5694444444444444,0.05835445678683116,D
0.5,sunday,3,71,0.49295774647887325,0.05933319697178108,D
0.5,weekday,3,357,0.5406162464985994,0.026375351393326887,D
0.5,all,3,500,0.538,0.022296008611408454,D
0.5,saturday,4,72,0.5833333333333334,0.058101390731533024,D
0.5,sunday,4,71,0.5352112676056338,0.05919175887556613,D
0.5,weekday,4,357,0.5686274509803921,0.026212355852940027,D
0.5,all,4,500,0.566,0.02216501748251059,D
0.5,saturday,5,72,0.4305555555555556,0.05835445678683116,D
0.5,sunday,5,71,0.4507042253521127,0.059049982004012076,D
0.5,weekday,5,357,0.5266106442577031,0.026425301601685228,D
0.5,all,5,500,0.502,0.02236050088884415,D
0.5,saturday,6,72,0.2222222222222222,0.04899539464934427,D
0.5,sunday,6,71,0.3380281690140845,0.05613930434636632,D
0.5,weekday,6,357,0.5462184873949579,0.026349506685803742,D
0.5,all,6,500,0.47,0.022320394261750844,D
0.5,saturday,7,72,0.041666666666666664,0.023549756885851626,D
0.5,sunday,7,71,0.056338028169014086,0.02736401840987166,D
0.5,weekday,7,357,0.6022408963585434,0.025903656832346272,D
0.5,all,7,500,0.444,0.022219990999098087,D
0.5,saturday,8,72,0.041666666666666664,0.023549756885851626,D
0.5,sunday,8,71,0.014084507042253521,0.013984968642741177,D
0.5,weekday,8,357,0.6302521008403361,0.025549117315338668,D
0.5,all,8,500,0.458,0.022281651644346298,D
0.5,saturday,9,72,0.125,0.03897559777889522,D
0.5,sunday,9,71,0.056338028169014086,0.02736401840987166,D
0.5,weekday,9,357,0.5630252100840336,0.026251734524199145,D
0.5,all,9,500,0.428,0.022127629787213995,D
0.5,saturday,10,72,0.16666666666666666,0.04392052305789416,D
0.5,sunday,10,71,0.1267605633802817,0.03948476670993462,D
0.5,weekday,10,357,0.5126050420168067,0.026454395668474198,D
0.5,all,10,500,0.408,0.021978898971513564,D
0.5,saturday,11,72,0.2361111111111111,0.0500503433112029,D
0.5,sunday,11,71,0.2535211267605634,0.051628162017765496,D
0.5,weekday,11,357,0.49859943977591037,0.026462702383807022,D
0.5,all,11,500,0.426,0.02211442967837968,D
0.5,saturday,12,72,0.3055555555555556,0.0542872194424008,D
0.5,sunday,12,71,0.2535211267605634,0.051628162017765496,D
0.5,weekday,12,357,0.44537815126050423,0.026304426230741366,D
0.5,all,12,500,0.398,0.02189045454073533,D
0.5,saturday,13,72,0.3333333333333333,0.05555555555555556,D
0.5,sunday,13,71,0.38028169014084506,0.05761302746414258,D
0.5,weekday,13,357,0.49299719887955185,0.02646021064302055,D
0.5,all,13,500,0.454,0.022265848288354075,D
0.5,saturday,14,72,0.4027777777777778,0.05780088420918413,D
0.5,sunday,14,71,0.43661971830985913,0.05886041495942303,D
0.5,weekday,14,357,0.5630252100840336,0.026251734524199145,D
0.5,all,14,500,0.522,0.0223390241505756,D
0.5,saturday,15,72,0.375,0.057054433073454806,D
0.5,sunday,15,71,0.4225352112676056,0.05862259412843413,D
0.5,weekday,15,357,0.5798319327731093,0.026123326478488685,D
0.5,all,15,500,0.528,0.022325590697672478,D
0.5,saturday,16,72,0.3888888888888889,0.05745219280551323,D
0.5,sunday,16,71,0.4647887323943662,0.059191758875566124,D
0.5,weekday,16,357,0.5882352941176471,0.026047496633532213,D
0.5,all,16,500,0.542,0.022281651644346295,D
0.5,saturday,17,72,0.4027777777777778,0.05780088420918413,D
0.5,sunday,17,71,0.5211267605633803,0.059286088431625354,D
0.5,weekday,17,357,0.6274509803921569,0.02558865774193387,D
0.5,all,17,500,0.58,0.02207260745811423,D
0.5,saturday,18,72,0.3472222222222222,0.05610740575713344,D
0.5,sunday,18,71,0.4647887323943662,0.059191758875566124,D
0.5,weekday,18,357,0.6078431372549019,0.02583994355188809,D
0.5,all,18,500,0.55,0.022248595461286987,D
0.5,saturday,19,72,0.2777777777777778,0.05278589931014528,D
0.5,sunday,19,71,0.49295774647887325,0.05933319697178108,D
0.5,weekday,19,357,0.6218487394957983,0.025664986922550575,D
0.5,all,19,500,0.554,0.022229889788300795,D
0.5,saturday,20,72,0.20833333333333334,0.047861280389202156,D
0.5,sunday,20,71,0.4647887323943662,0.059191758875566124,D
0.5,weekday,20,357,0.6638655462184874,0.025001293118518612,D
0.5,all,20,500,0.57,0.022140460699813815,D
0.5,saturday,21,72,0.19444444444444445,0.04664222611020807,D
0.5,sunday,21,71,0.4647887323943662,0.059191758875566124,D
0.5,weekday,21,357,0.6918767507002801,0.024436696502767197,D
0.5,all,21,500,0.588,0.02201163328787757,D
0.5,saturday,22,72,0.2638888888888889,0.05194167979702981,D
0.5,sunday,22,71,0.5070422535211268,0.05933319697178108,D
0.5,weekday,22,357,0.7338935574229691,0.02338891761531015,D
0.5,all,22,500,0.634,0.021542701780417423,D
0.5,saturday,23,72,0.5555555555555556,0.05856069741052554,D
0.5,sunday,23,71,0.5915492957746479,0.05833592935857883,D
0.5,weekday,23,357,0.742296918767507,0.023148056113568082,D
0.5,all,23,500,0.694,0.020608930103234373,D
0.5,saturday,24,72,0.6944444444444444,0.0542872194424008,D
0.5,sunday,24,71,0.5492957746478874,0.059049982004012076,D
0.5,weekday,24,357,0.6722689075630253,0.024842553144602795,D
0.5,all,24,500,0.658,0.021214900423994452,D
0.6827,saturday,1,72,0.5277777777777778,0.05883456031082794,D
0.6827,sunday,1,71,0.5070422535211268,0.05933319697178108,D
0.6827,weekday,1,357,0.49859943977591037,0.026462702383807022,D
0.6827,all,1,500,0.504,0.022359964221796064,D
0.6827,saturday,2,72,0.6666666666666666,0.05555555555555556,D
0.6827,sunday,2,71,0.676056338028169,0.0555388667156425,D
0.6827,weekday,2,357,0.6442577030812325,0.02533748206676877,D
0.6827,all,2,500,0.652,0.02130239423163509,D
0.6827,saturday,3,72,0.75,0.05103103630798288,D
0.6827,sunday,3,71,0.7464788732394366,0.051628162017765496,D
0.6827,weekday,3,357,0.7170868347338936,0.02383846820467187,D
0.6827,all,3,500,0.726,0.01994612744369192,D
0.6827,saturday,4,72,0.7083333333333334,0.05356683548799136,D
0.6827,sunday,4,71,0.7183098591549296,0.05338417835400071,D
0.6827,weekday,4,357,0.7366946778711485,0.023309849895479486,D
0.6827,all,4,500,0.73,0.019854470529329156,D
0.6827,saturday,5,72,0.625,0.057054433073454806,D
0.6827,sunday,5,71,0.647887323943662,0.05668411847740348,D
0.6827,weekday,5,357,0.7030812324929971,0.024181735648235326,D
0.6827,all,5,500,0.684,0.020791536739741004,D
0.6827,saturday,6,72,0.4027777777777778,0.05780088420918413,D
0.6827,sunday,6,71,0.49295774647887325,0.05933319697178108,D
0.6827,weekday,6,357,0.7254901960784313,0.023618950485824946,D
0.6827,all,6,500,0.646,0.021386163751360363,D
0.6827,saturday,7,72,0.1388888888888889,0.04075652051309956,D
0.6827,sunday,7,71,0.15492957746478872,0.04294221526646171,D
0.6827,weekday,7,357,0.7843137254901961,0.02176817669904394,D
0.6827,all,7,500,0.602,0.02189045454073533,D
0.6827,saturday,8,72,0.09722222222222222,0.03491459057638508,D
0.6827,sunday,8,71,0.056338028169014086,0.02736401840987166,D
0.6827,weekday,8,357,0.7927170868347339,0.02145392477299269,D
0.6827,all,8,500,0.588,0.02201163328787757,D
0.6827,saturday,9,72,0.19444444444444445,0.04664222611020807,D
0.6827,sunday,9,71,0.1267605633802817,0.03948476670993462,D
0.6827,weekday,9,357,0.7815126050420168,0.021869914179652627,D
0.6827,all,9,500,0.604,0.02187162545399861,D
0.6827,saturday,10,72,0.2777777777777778,0.05278589931014528,D
0.6827,sunday,10,71,0.29577464788732394,0.05416355065056951,D
0.6827,weekday,10,357,0.7002801120448179,0.024247086903448914,D
0.6827,all,10,500,0.582,0.02205792374635473,D
0.6827,saturday,11,72,0.375,0.057054433073454806,D
0.6827,sunday,11,71,0.36619718309859156,0.057174899223846616,D
0.6827,weekday,11,357,0.6498599439775911,0.025246238158413894,D
0.6827,all,11,500,0.57,0.022140460699813815,D
0.6827,saturday,12,72,0.4861111111111111,0.05890282708333089,D
0.6827,sunday,12,71,0.43661971830985913,0.05886041495942303,D
0.6827,weekday,12,357,0.6498599439775911,0.025246238158413894,D
0.6827,all,12,500,0.596,0.021944657664224338,D
0.6827,saturday,13,72,0.5,0.05892556509887896,D
0.6827,sunday,13,71,0.49295774647887325,0.05933319697178108,D
0.6827,weekday,13,357,0.6750700280112045,0.02478764066364334,D
0.6827,all,13,500,0.624,0.021662132858977667,D
0.6827,saturday,14,72,0.5,0.05892556509887896,D
0.6827,sunday,14,71,0.5352112676056338,0.05919175887556613,D
0.6827,weekday,14,357,0.7282913165266106,0.023543456143200345,D
0.6827,all,14,500,0.668,0.02106067425321421,D
0.6827,saturday,15,72,0.5277777777777778,0.05883456031082794,D
0.6827,sunday,15,71,0.5492957746478874,0.059049982004012076,D
0.6827,weekday,15,357,0.7450980392156863,0.023065304389710283,D
0.6827,all,15,500,0.686,0.020755914819636352,D
0.6827,saturday,16,72,0.5972222222222222,0.05780088420918413,D
0.6827,sunday,16,71,0.5774647887323944,0.05862259412843413,D
0.6827,weekday,16,357,0.7871148459383753,0.021664947049306445,D
0.6827,all,16,500,0.73,0.019854470529329156,D
0.6827,saturday,17,72,0.5416666666666666,0.058720605990582514,D
0.6827,sunday,17,71,0.6619718309859155,0.05613930434636632,D
0.6827,weekday,17,357,0.8375350140056023,0.019523032029080664,D
0.6827,all,17,500,0.77,0.018820201911775546,D
0.6827,saturday,18,72,0.4583333333333333,0.058720605990582514,D
0.6827,sunday,18,71,0.6901408450704225,0.054880979931595526,D
0.6827,weekday,18,357,0.8151260504201681,0.020545472716637602,D
0.6827,all,18,500,0.746,0.019467100451787882,D
0.6827,saturday,19,72,0.4722222222222222,0.05883456031082794,D
0.6827,sunday,19,71,0.6619718309859155,0.05613930434636632,D
0.6827,weekday,19,357,0.8095238095238095,0.020782656212951653,D
0.6827,all,19,500,0.74,0.019616319736382767,D
0.6827,saturday,20,72,0.4305555555555556,0.05835445678683116,D
0.6827,sunday,20,71,0.647887323943662,0.05668411847740348,D
0.6827,weekday,20,357,0.8543417366946778,0.01867021277113163,D
0.6827,all,20,500,0.764,0.018989681408596616,D
0.6827,saturday,21,72,0.4027777777777778,0.05780088420918413,D
0.6827,sunday,21,71,0.6197183098591549,0.05761302746414258,D
0.6827,weekday,21,357,0.8627450980392157,0.018212563294620544,D
0.6827,all,21,500,0.762,0.01904499934365974,D
0.6827,saturday,22,72,0.5416666666666666,0.058720605990582514,D
0.6827,sunday,22,71,0.676056338028169,0.0555388667156425,D
0.6827,weekday,22,357,0.8795518207282913,0.01722648727438868,D
0.6827,all,22,500,0.802,0.017821111076473318,D
0.6827,saturday,23,72,0.7777777777777778,0.04899539464934427,D
0.6827,sunday,23,71,0.7605633802816901,0.05064467838459024,D
0.6827,weekday,23,357,0.8907563025210085,0.016509865655961575,D
0.6827,all,23,500,0.856,0.015701210144444283,D
0.6827,saturday,24,72,0.8333333333333334,0.04392052305789415,D
0.6827,sunday,24,71,0.7887323943661971,0.04844535246297056,D
0.6827,weekday,24,357,0.8487394957983193,0.018963385335701306,D
0.6827,all,24,500,0.838,0.016477621187537962,D
0.8,saturday,1,72,0.6944444444444444,0.0542872194424008,D
0.8,sunday,1,71,0.5774647887323944,0.05862259412843413,D
0.8,weekday,1,357,0.6442577030812325,0.02533748206676877,D
0.8,all,1,500,0.642,0.021439962686534694,D
0.8,saturday,2,72,0.7361111111111112,0.05194167979702981,D
0.8,sunday,2,71,0.7183098591549296,0.05338417835400071,D
0.8,weekday,2,357,0.773109243697479,0.02216637756010733,D
0.8,all,2,500,0.76,0.019099738218101316,D
0.8,saturday,3,72,0.7916666666666666,0.04786128038920216,D
0.8,sunday,3,71,0.8028169014084507,0.04721868874183584,D
0.8,weekday,3,357,0.8235294117647058,0.020176304134412806,D
0.8,all,3,500,0.816,0.017328819925199756,D
0.8,saturday,4,72,0.8055555555555556,0.04664222611020806,D
0.8,sunday,4,71,0.7887323943661971,0.04844535246297056,D
0.8,weekday,4,357,0.8291316526610645,0.01992087676632044,D
0.8,all,4,500,0.82,0.017181385275931625,D
0.8,saturday,5,72,0.7777777777777778,0.04899539464934427,D
0.8,sunday,5,71,0.7323943661971831,0.052540106553156475,D
0.8,weekday,5,357,0.8179271708683473,0.020424234110531955,D
0.8,all,5,500,0.8,0.017888543819998316,D
0.8,saturday,6,72,0.5,0.05892556509887896,D
0.8,sunday,6,71,0.5352112676056338,0.05919175887556613,D
0.8,weekday,6,357,0.8095238095238095,0.020782656212951653,D
0.8,all,6,500,0.726,0.01994612744369192,D
0.8,saturday,7,72,0.2222222222222222,0.04899539464934427,D
0.8,sunday,7,71,0.28169014084507044,0.05338417835400071,D
0.8,weekday,7,357,0.865546218487395,0.018055001724001173,D
0.8,all,7,500,0.69,0.02068332661831747,D
0.8,saturday,8,72,0.1527777777777778,0.042399673805588435,D
0.8,sunday,8,71,0.11267605633802817,0.03752560865804669,D
0.8,weekday,8,357,0.8879551820728291,0.016693880586237504,D
0.8,all,8,500,0.672,0.02099599961897504,D
0.8,saturday,9,72,0.2638888888888889,0.05194167979702981,D
0.8,sunday,9,71,0.2676056338028169,0.052540106553156475,D
0.8,weekday,9,357,0.8543417366946778,0.01867021277113163,D
0.8,all,9,500,0.686,0.020755914819636352,D
0.8,saturday,10,72,0.4444444444444444,0.05856069741052554,D
0.8,sunday,10,71,0.3380281690140845,0.05613930434636632,D
0.8,weekday,10,357,0.8011204481792717,0.02112563961130823,D
0.8,all,10,500,0.684,0.020791536739741004,D
0.8,saturday,11,72,0.5277777777777778,0.05883456031082794,D
0.8,sunday,11,71,0.43661971830985913,0.05886041495942303,D
0.8,weekday,11,357,0.7619047619047619,0.022541955634816712,D
0.8,all,11,500,0.682,0.020826713614970557,D
0.8,saturday,12,72,0.5833333333333334,0.058101390731533024,D
0.8,sunday,12,71,0.5070422535211268,0.05933319697178108,D
0.8,weekday,12,357,0.7787114845938375,0.02197018022053908,D
0.8,all,12,500,0.712,0.020251222185339826,D
0.8,saturday,13,72,0.6111111111111112,0.057452192805513225,D
0.8,sunday,13,71,0.5492957746478874,0.059049982004012076,D
0.8,weekday,13,357,0.7843137254901961,0.02176817669904394,D
0.8,all,13,500,0.726,0.01994612744369192,D
0.8,saturday,14,72,0.6388888888888888,0.05660657065109947,D
0.8,sunday,14,71,0.5915492957746479,0.05833592935857883,D
0.8,weekday,14,357,0.834733893557423,0.019657659749970854,D
0.8,all,14,500,0.772,0.018762515822778138,D
0.8,saturday,15,72,0.6805555555555556,0.05494943273365379,D
0.8,sunday,15,71,0.6197183098591549,0.05761302746414258,D
0.8,weekday,15,357,0.8403361344537815,0.019386335797267593,D
0.8,all,15,500,0.786,0.01834142851579451,D
0.8,saturday,16,72,0.6666666666666666,0.05555555555555556,D
0.8,sunday,16,71,0.7183098591549296,0.05338417835400071,D
0.8,weekday,16,357,0.8879551820728291,0.016693880586237504,D
0.8,all,16,500,0.832,0.01671980861134481,D
0.8,saturday,17,72,0.7361111111111112,0.05194167979702981,D
0.8,sunday,17,71,0.8450704225352113,0.04294221526646172,D
0.8,weekday,17,357,0.9159663865546218,0.01468358763439853,D
0.8,all,17,500,0.88,0.014532721699667961,D
0.8,saturday,18,72,0.625,0.057054433073454806,D
0.8,sunday,18,71,0.8028169014084507,0.04721868874183584,D
0.8,weekday,18,357,0.9047619047619048,0.01553597077188842,D
0.8,all,18,500,0.85,0.015968719422671314,D
0.8,saturday,19,72,0.625,0.057054433073454806,D
0.8,sunday,19,71,0.8028169014084507,0.04721868874183584,D
0.8,weekday,19,357,0.9019607843137255,0.01573836575091292,D
0.8,all,19,500,0.848,0.01605590234150669,D
0.8,saturday,20,72,0.625,0.057054433073454806,D
0.8,sunday,20,71,0.7464788732394366,0.051628162017765496,D
0.8,weekday,20,357,0.907563025210084,0.0153294703892032,D
0.8,all,20,500,0.844,0.01622738426241272,D
0.8,saturday,21,72,0.6527777777777778,0.05610740575713344,D
0.8,sunday,21,71,0.7746478873239436,0.049585399087381056,D
0.8,weekday,21,357,0.9411764705882353,0.012453085271175604,D
0.8,all,21,500,0.876,0.014739335127474372,D
0.8,saturday,22,72,0.7777777777777778,0.04899539464934427,D
0.8,sunday,22,71,0.8450704225352113,0.04294221526646172,D
0.8,weekday,22,357,0.9467787114845938,0.011880448237326443,D
0.8,all,22,500,0.908,0.012925633446759966,D
0.8,saturday,23,72,0.875,0.03897559777889522,D
0.8,sunday,23,71,0.8873239436619719,0.03752560865804668,D
0.8,weekday,23,357,0.957983193277311,0.010618333423533355,D
0.8,all,23,500,0.936,0.01094568408095172,D
0.8,saturday,24,72,0.9027777777777778,0.03491459057638508,D
0.8,sunday,24,71,0.9014084507042254,0.03537948313367657,D
0.8,weekday,24,357,0.9299719887955182,0.013506310264103033,D
0.8,all,24,500,0.922,0.01199299795714149,D
0.9,saturday,1,72,0.7638888888888888,0.05005034331120291,D
0.9,sunday,1,71,0.6619718309859155,0.05613930434636632,D
0.9,weekday,1,357,0.7955182072829131,0.021346087037973825,D
0.9,all,1,500,0.772,0.018762515822778138,D
0.9,saturday,2,72,0.8055555555555556,0.04664222611020806,D
0.9,sunday,2,71,0.8450704225352113,0.04294221526646172,D
0.9,weekday,2,357,0.8683473389355743,0.017894824839037548,D
0.9,all,2,500,0.856,0.015701210144444283,D
0.9,saturday,3,72,0.8611111111111112,0.04075652051309955,D
0.9,sunday,3,71,0.8732394366197183,0.039484766709934636,D
0.9,weekday,3,357,0.907563025210084,0.0153294703892032,D
0.9,all,3,500,0.896,0.013651666564928987,D
0.9,saturday,4,72,0.875,0.03897559777889522,D
0.9,sunday,4,71,0.971830985915493,0.019635954637023313,D
0.9,weekday,4,357,0.9187675070028011,0.01445884481892119,D
0.9,all,4,500,0.92,0.012132600710482479,D
0.9,saturday,5,72,0.8472222222222222,0.042399673805588435,D
0.9,sunday,5,71,0.9295774647887324,0.030364731614087568,D
0.9,weekday,5,357,0.9047619047619048,0.01553597077188842,D
0.9,all,5,500,0.9,0.013416407864998736,D
0.9,saturday,6,72,0.6944444444444444,0.0542872194424008,D
0.9,sunday,6,71,0.704225352112676,0.05416355065056952,D
0.9,weekday,6,357,0.8795518207282913,0.01722648727438868,D
0.9,all,6,500,0.828,0.0168769665520792,D
0.9,saturday,7,72,0.5,0.05892556509887896,D
0.9,sunday,7,71,0.4507042253521127,0.059049982004012076,D
0.9,weekday,7,357,0.9103641456582633,0.0151186963814665,D
0.9,all,7,500,0.786,0.01834142851579451,D
0.9,saturday,8,72,0.3333333333333333,0.05555555555555556,D
0.9,sunday,8,71,0.3380281690140845,0.05613930434636632,D
0.9,weekday,8,357,0.9327731092436975,0.013253342257555934,D
0.9,all,8,500,0.762,0.01904499934365974,D
0.9,saturday,9,72,0.5416666666666666,0.058720605990582514,D
0.9,sunday,9,71,0.43661971830985913,0.05886041495942303,D
0.9,weekday,9,357,0.9131652661064426,0.014903467429075116,D
0.9,all,9,500,0.792,0.018151363585141474,D
0.9,saturday,10,72,0.6666666666666666,0.05555555555555556,D
0.9,sunday,10,71,0.5633802816901409,0.05886041495942303,D
0.9,weekday,10,357,0.896358543417367,0.016131454481777396,D
0.9,all,10,500,0.816,0.017328819925199756,D
0.9,saturday,11,72,0.6944444444444444,0.0542872194424008,D
0.9,sunday,11,71,0.5915492957746479,0.05833592935857883,D
0.9,weekday,11,357,0.876750700280112,0.01739787406427662,D
0.9,all,11,500,0.81,0.01754422982065613,D
0.9,saturday,12,72,0.75,0.05103103630798288,D
0.9,sunday,12,71,0.6338028169014085,0.057174899223846616,D
0.9,weekday,12,357,0.8851540616246498,0.01687458673124291,D
0.9,all,12,500,0.83,0.016798809481626965,D
0.9,saturday,13,72,0.7777777777777778,0.04899539464934427,D
0.9,sunday,13,71,0.6619718309859155,0.05613930434636632,D
0.9,weekday,13,357,0.896358543417367,0.016131454481777396,D
0.9,all,13,500,0.846,0.016142118820031033,D
0.9,saturday,14,72,0.8055555555555556,0.04664222611020806,D
0.9,sunday,14,71,0.7605633802816901,0.05064467838459024,D
0.9,weekday,14,357,0.9103641456582633,0.0151186963814665,D
0.9,all,14,500,0.874,0.01484075469779081,D
0.9,saturday,15,72,0.8472222222222222,0.042399673805588435,D
0.9,sunday,15,71,0.8028169014084507,0.04721868874183584,D
0.9,weekday,15,357,0.9159663865546218,0.01468358763439853,D
0.9,all,15,500,0.89,0.013992855319769442,D
0.9,saturday,16,72,0.875,0.03897559777889522,D
0.9,sunday,16,71,0.8450704225352113,0.04294221526646172,D
0.9,weekday,16,357,0.957983193277311,0.010618333423533355,D
0.9,all,16,500,0.93,0.011410521460476728,D
0.9,saturday,17,72,0.9583333333333334,0.023549756885851616,D
0.9,sunday,17,71,0.8732394366197183,0.039484766709934636,D
0.9,weekday,17,357,0.9635854341736695,0.009913992208905365,D
0.9,all,17,500,0.95,0.00974679434480897,D
0.9,saturday,18,72,0.9305555555555556,0.029958747929501813,D
0.9,sunday,18,71,0.9014084507042254,0.03537948313367657,D
0.9,weekday,18,357,0.9719887955182073,0.008732978947832332,D
0.9,all,18,500,0.956,0.009172131704244116,D
0.9,saturday,19,72,0.875,0.03897559777889522,D
0.9,sunday,19,71,0.9014084507042254,0.03537948313367657,D
0.9,weekday,19,357,0.969187675070028,0.009146018337792855,D
0.9,all,19,500,0.946,0.010107818755794947,D
0.9,saturday,20,72,0.875,0.03897559777889522,D
0.9,sunday,20,71,0.9154929577464789,0.03300994345777757,D
0.9,weekday,20,357,0.9803921568627451,0.007338050868285495,D
0.9,all,20,500,0.956,0.009172131704244116,D
0.9,saturday,21,72,0.875,0.03897559777889522,D
0.9,sunday,21,71,0.9295774647887324,0.030364731614087568,D
0.9,weekday,21,357,0.9775910364145658,0.007833491613478237,D
0.9,all,21,500,0.956,0.009172131704244116,D
0.9,saturday,22,72,0.9305555555555556,0.029958747929501813,D
0.9,sunday,22,71,0.9295774647887324,0.030364731614087568,D
0.9,weekday,22,357,0.9747899159663865,0.008296760478906587,D
0.9,all,22,500,0.962,0.008550555537507495,D
0.9,saturday,23,72,0.9444444444444444,0.026995147661320842,D
0.9,sunday,23,71,0.9436619718309859,0.027364018409871668,D
0.9,weekday,23,357,0.9775910364145658,0.007833491613478237,D
0.9,all,23,500,0.968,0.007870959280799264,D
0.9,saturday,24,72,0.9444444444444444,0.026995147661320842,D
0.9,sunday,24,71,0.9295774647887324,0.030364731614087568,D
0.9,weekday,24,357,0.9635854341736695,0.009913992208905365,D
0.9,all,24,500,0.956,0.009172131704244116,D
0.95,saturday,1,72,0.8333333333333334,0.04392052305789415,D
0.95,sunday,1,71,0.8028169014084507,0.04721868874183584,D
0.95,weekday,1,357,0.8739495798319328,0.017566337790535826,D
0.95,all,1,500,0.858,0.01560999679692472,D
0.95,saturday,2,72,0.8472222222222222,0.042399673805588435,D
0.95,sunday,2,71,0.9295774647887324,0.030364731614087568,D
0.95,weekday,2,357,0.9327731092436975,0.013253342257555934,D
0.95,all,2,500,0.92,0.012132600710482479,D
0.95,saturday,3,72,0.9305555555555556,0.029958747929501813,D
0.95,sunday,3,71,0.971830985915493,0.019635954637023313,D
0.95,weekday,3,357,0.9467787114845938,0.011880448237326443,D
0.95,all,3,500,0.948,0.009929350431926557,D
0.95,saturday,4,72,0.9444444444444444,0.026995147661320842,D
0.95,sunday,4,71,0.971830985915493,0.019635954637023313,D
0.95,weekday,4,357,0.9551820728291317,0.01095052287292284,D
0.95,all,4,500,0.956,0.009172131704244116,D
0.95,saturday,5,72,0.9027777777777778,0.03491459057638508,D
0.95,sunday,5,71,0.9436619718309859,0.027364018409871668,D
0.95,weekday,5,357,0.957983193277311,0.010618333423533355,D
0.95,all,5,500,0.948,0.009929350431926557,D
0.95,saturday,6,72,0.7777777777777778,0.04899539464934427,D
0.95,sunday,6,71,0.8028169014084507,0.04721868874183584,D
0.95,weekday,6,357,0.9467787114845938,0.011880448237326443,D
0.95,all,6,500,0.902,0.013296315279053816,D
0.95,saturday,7,72,0.625,0.057054433073454806,D
0.95,sunday,7,71,0.647887323943662,0.05668411847740348,D
0.95,weekday,7,357,0.9551820728291317,0.01095052287292284,D
0.95,all,7,500,0.864,0.01532997064576446,D
0.95,saturday,8,72,0.6111111111111112,0.057452192805513225,D
0.95,sunday,8,71,0.5915492957746479,0.05833592935857883,D
0.95,weekday,8,357,0.9663865546218487,0.00953889012622683,D
0.95,all,8,500,0.862,0.01542439626046997,D
0.95,saturday,9,72,0.7777777777777778,0.04899539464934427,D
0.95,sunday,9,71,0.5915492957746479,0.05833592935857883,D
0.95,weekday,9,357,0.957983193277311,0.010618333423533355,D
0.95,all,9,500,0.88,0.014532721699667961,D
0.95,saturday,10,72,0.8194444444444444,0.04533137969344014,D
0.95,sunday,10,71,0.676056338028169,0.0555388667156425,D
0.95,weekday,10,357,0.9439775910364145,0.012171038160689903,D
0.95,all,10,500,0.888,0.014103616557464968,D
0.95,saturday,11,72,0.8333333333333334,0.04392052305789415,D
0.95,sunday,11,71,0.7464788732394366,0.051628162017765496,D
0.95,weekday,11,357,0.9215686274509803,0.01422900855475359,D
0.95,all,11,500,0.884,0.014320893826853127,D
0.95,saturday,12,72,0.8611111111111112,0.04075652051309955,D
0.95,sunday,12,71,0.7605633802816901,0.05064467838459024,D
0.95,weekday,12,357,0.9355742296918768,0.012993759591228582,D
0.95,all,12,500,0.9,0.013416407864998736,D
0.95,saturday,13,72,0.8888888888888888,0.03703703703703704,D
0.95,sunday,13,71,0.8450704225352113,0.04294221526646172,D
0.95,weekday,13,357,0.9495798319327731,0.011580672433137902,D
0.95,all,13,500,0.926,0.011706750189527404,D
0.95,saturday,14,72,0.9166666666666666,0.03257233166544049,D
0.95,sunday,14,71,0.8450704225352113,0.04294221526646172,D
0.95,weekday,14,357,0.9719887955182073,0.008732978947832332,D
0.95,all,14,500,0.946,0.010107818755794947,D
0.95,saturday,15,72,0.9444444444444444,0.026995147661320842,D
0.95,sunday,15,71,0.8732394366197183,0.039484766709934636,D
0.95,weekday,15,357,0.9747899159663865,0.008296760478906587,D
0.95,all,15,500,0.956,0.009172131704244116,D
0.95,saturday,16,72,0.9722222222222222,0.019367130243844344,D
0.95,sunday,16,71,0.9014084507042254,0.03537948313367657,D
0.95,weekday,16,357,0.9803921568627451,0.007338050868285495,D
0.95,all,16,500,0.968,0.007870959280799264,D
0.95,saturday,17,72,0.9583333333333334,0.023549756885851616,D
0.95,sunday,17,71,0.9436619718309859,0.027364018409871668,D
0.95,weekday,17,357,0.9859943977591037,0.006219479056869686,D
0.95,all,17,500,0.976,0.006844559883586383,D
0.95,saturday,18,72,0.9861111111111112,0.0137921010275613,D
0.95,sunday,18,71,0.9859154929577465,0.013984968642741166,D
0.95,weekday,18,357,0.988795518207283,0.005570767383855156,D
0.95,all,18,500,0.988,0.004869496893930627,D
0.95,saturday,19,72,0.9722222222222222,0.019367130243844344,D
0.95,sunday,19,71,0.971830985915493,0.019635954637023313,D
0.95,weekday,19,357,0.9859943977591037,0.006219479056869686,D
0.95,all,19,500,0.982,0.005945754788082,D
0.95,saturday,20,72,0.9444444444444444,0.026995147661320842,D
0.95,sunday,20,71,0.9577464788732394,0.0238741303445037,D
0.95,weekday,20,357,0.988795518207283,0.005570767383855156,D
0.95,all,20,500,0.978,0.006559878047646925,D
0.95,saturday,21,72,0.9583333333333334,0.023549756885851616,D
0.95,sunday,21,71,0.971830985915493,0.019635954637023313,D
0.95,weekday,21,357,0.9971988795518207,0.0027971945591467244,D
0.95,all,21,500,0.988,0.004869496893930627,D
0.95,saturday,22,72,0.9722222222222222,0.019367130243844344,D
0.95,sunday,22,71,0.971830985915493,0.019635954637023313,D
0.95,weekday,22,357,0.9971988795518207,0.0027971945591467244,D
0.95,all,22,500,0.99,0.0044497190922574,D
0.95,saturday,23,72,0.9861111111111112,0.0137921010275613,D
0.95,sunday,23,71,0.9577464788732394,0.0238741303445037,D
0.95,weekday,23,357,0.9859943977591037,0.006219479056869686,D
0.95,all,23,500,0.982,0.005945754788082,D
0.95,saturday,24,72,0.9722222222222222,0.019367130243844344,D
0.95,sunday,24,71,0.9436619718309859,0.027364018409871668,D
0.95,weekday,24,357,0.9831932773109243,0.006803413371659935,D
0.95,all,24,500,0.976,0.006844559883586383,D
0.99,saturday,1,72,0.9305555555555556,0.029958747929501813,D
0.99,sunday,1,71,0.9295774647887324,0.030364731614087568,D
0.99,weekday,1,357,0.9355742296918768,0.012993759591228582,D
0.99,all,1,500,0.934,0.01110351295761841,D
0.99,saturday,2,72,0.9861111111111112,0.0137921010275613,D
0.99,sunday,2,71,0.971830985915493,0.019635954637023313,D
0.99,weekday,2,357,0.969187675070028,0.009146018337792855,D
0.99,all,2,500,0.972,0.0073778045514909145,D
0.99,saturday,3,72,0.9861111111111112,0.0137921010275613,D
0.99,sunday,3,71,0.9859154929577465,0.013984968642741166,D
0.99,weekday,3,357,0.9831932773109243,0.006803413371659935,D
0.99,all,3,500,0.984,0.00561141693336006,D
0.99,saturday,4,72,0.9861111111111112,0.0137921010275613,D
0.99,sunday,4,71,0.9859154929577465,0.013984968642741166,D
0.99,weekday,4,357,0.9803921568627451,0.007338050868285495,D
0.99,all,4,500,0.982,0.005945754788082,D
0.99,saturday,5,72,0.9861111111111112,0.0137921010275613,D
0.99,sunday,5,71,0.9859154929577465,0.013984968642741166,D
0.99,weekday,5,357,0.9943977591036415,0.003950270633319207,D
0.99,all,5,500,0.992,0.003983967871356396,D
0.99,saturday,6,72,0.9444444444444444,0.026995147661320842,D
0.99,sunday,6,71,0.9436619718309859,0.027364018409871668,D
0.99,weekday,6,357,0.9971988795518207,0.0027971945591467244,D
0.99,all,6,500,0.982,0.005945754788082,D
0.99,saturday,7,72,0.875,0.03897559777889522,D
0.99,sunday,7,71,0.8732394366197183,0.039484766709934636,D
0.99,weekday,7,357,0.9915966386554622,0.004831254704963531,D
0.99,all,7,500,0.958,0.00897061870775924,D
0.99,saturday,8,72,0.8888888888888888,0.03703703703703704,D
0.99,sunday,8,71,0.7887323943661971,0.04844535246297056,D
0.99,weekday,8,357,0.988795518207283,0.005570767383855156,D
0.99,all,8,500,0.946,0.010107818755794947,D
0.99,saturday,9,72,0.9166666666666666,0.03257233166544049,D
0.99,sunday,9,71,0.8450704225352113,0.04294221526646172,D
0.99,weekday,9,357,0.988795518207283,0.005570767383855156,D
0.99,all,9,500,0.958,0.00897061870775924,D
0.99,saturday,10,72,0.9166666666666666,0.03257233166544049,D
0.99,sunday,10,71,0.9014084507042254,0.03537948313367657,D
0.99,weekday,10,357,0.9859943977591037,0.006219479056869686,D
0.99,all,10,500,0.964,0.008331146379700699,D
0.99,saturday,11,72,0.9444444444444444,0.026995147661320842,D
0.99,sunday,11,71,0.9014084507042254,0.03537948313367657,D
0.99,weekday,11,357,0.9943977591036415,0.003950270633319207,D
0.99,all,11,500,0.974,0.007116740827092135,D
0.99,saturday,12,72,0.9583333333333334,0.023549756885851616,D
0.99,sunday,12,71,0.9295774647887324,0.030364731614087568,D
0.99,weekday,12,357,0.9803921568627451,0.007338050868285495,D
0.99,all,12,500,0.97,0.007628892449104264,D
0.99,saturday,13,72,0.9861111111111112,0.0137921010275613,D
0.99,sunday,13,71,0.9154929577464789,0.03300994345777757,D
0.99,weekday,13,357,0.988795518207283,0.005570767383855156,D
0.99,all,13,500,0.978,0.006559878047646925,D
0.99,saturday,14,72,0.9722222222222222,0.019367130243844344,D
0.99,sunday,14,71,0.9295774647887324,0.030364731614087568,D
0.99,weekday,14,357,0.9943977591036415,0.003950270633319207,D
0.99,all,14,500,0.982,0.005945754788082,D
0.99,saturday,15,72,0.9861111111111112,0.0137921010275613,D
0.99,sunday,15,71,0.9577464788732394,0.0238741303445037,D
0.99,weekday,15,357,0.9943977591036415,0.003950270633319207,D
0.99,all,15,500,0.988,0.004869496893930627,D
0.99,saturday,16,72,0.9722222222222222,0.019367130243844344,D
0.99,sunday,16,71,0.971830985915493,0.019635954637023313,D
0.99,weekday,16,357,0.9971988795518207,0.0027971945591467244,D
0.99,all,16,500,0.99,0.0044497190922574,D
0.99,saturday,17,72,0.9861111111111112,0.0137921010275613,D
0.99,sunday,17,71,0.9859154929577465,0.013984968642741166,D
0.99,weekday,17,357,0.9915966386554622,0.004831254704963531,D
0.99,all,17,500,0.99,0.0044497190922574,D
0.99,saturday,18,72,0.9861111111111112,0.0137921010275613,D
0.99,sunday,18,71,1.0,0.0,D
0.99,weekday,18,357,0.9971988795518207,0.0027971945591467244,D
0.99,all,18,500,0.996,0.002822764602300377,D
0.99,saturday,19,72,1.0,0.0,D
0.99,sunday,19,71,1.0,0.0,D
0.99,weekday,19,357,0.9943977591036415,0.003950270633319207,D
0.99,all,19,500,0.996,0.002822764602300377,D
0.99,saturday,20,72,1.0,0.0,D
0.99,sunday,20,71,1.0,0.0,D
0.99,weekday,20,357,0.9971988795518207,0.0027971945591467244,D
0.99,all,20,500,0.998,0.001997998998998749,D
0.99,saturday,21,72,0.9861111111111112,0.0137921010275613,D
0.99,sunday,21,71,0.971830985915493,0.019635954637023313,D
0.99,weekday,21,357,1.0,0.0,D
0.99,all,21,500,0.994,0.0034536936748935927,D
0.99,saturday,22,72,0.9861111111111112,0.0137921010275613,D
0.99,sunday,22,71,0.9859154929577465,0.013984968642741166,D
0.99,weekday,22,357,1.0,0.0,D
0.99,all,22,500,0.996,0.002822764602300377,D
0.99,saturday,23,72,1.0,0.0,D
0.99,sunday,23,71,0.9859154929577465,0.013984968642741166,D
0.99,weekday,23,357,1.0,0.0,D
0.99,all,23,500,0.998,0.001997998998998749,D
0.99,saturday,24,72,1.0,0.0,D
0.99,sunday,24,71,0.9859154929577465,0.013984968642741166,D
0.99,weekday,24,357,0.9971988795518207,0.0027971945591467244,D
0.99,all,24,500,0.996,0.002822764602300377,D
0.5,saturday,1,72,0.5138888888888888,0.058902827083330896,E
0.5,sunday,1,71,0.4225352112676056,0.05862259412843413,E
0.5,weekday,1,357,0.4565826330532213,0.026362849053484932,E
0.5,all,1,500,0.46,0.022289010745208053,E
0.5,saturday,2,72,0.5694444444444444,0.05835445678683116,E
0.5,sunday,2,71,0.5070422535211268,0.05933319697178108,E
0.5,weekday,2,357,0.5238095238095238,0.02643278599169621,E
0.5,all,2,500,0.528,0.022325590697672478,E
0.5,saturday,3,72,0.6111111111111112,0.057452192805513225,E
0.5,sunday,3,71,0.5492957746478874,0.059049982004012076,E
0.5,weekday,3,357,0.5686274509803921,0.026212355852940027,E
0.5,all,3,500,0.572,0.022127629787213995,E
0.5,saturday,4,72,0.6527777777777778,0.05610740575713344,E
0.5,sunday,4,71,0.5492957746478874,0.059049982004012076,E
0.5,weekday,4,357,0.5882352941176471,0.026047496633532213,E
0.5,all,4,500,0.592,0.021978898971513564,E
0.5,saturday,5,72,0.5416666666666666,0.058720605990582514,E
0.5,sunday,5,71,0.5211267605633803,0.059286088431625354,E
0.5,weekday,5,357,0.5686274509803921,0.026212355852940027,E
0.5,all,5,500,0.558,0.022209727598509622,E
0.5,saturday,6,72,0.2777777777777778,0.05278589931014528,E
0.5,sunday,6,71,0.38028169014084506,0.05761302746414258,E
0.5,weekday,6,357,0.5882352941176471,0.026047496633532213,E
0.5,all,6,500,0.514,0.022351912669836556,E
0.5,saturday,7,72,0.05555555555555555,0.026995147661320835,E
0.5,sunday,7,71,0.056338028169014086,0.02736401840987166,E
0.5,weekday,7,357,0.6190476190476191,0.02570178384849305,E
0.5,all,7,500,0.458,0.022281651644346298,E
0.5,saturday,8,72,0.027777777777777776,0.01936713024384434,E
0.5,sunday,8,71,0.014084507042253521,0.013984968642741177,E
0.5,weekday,8,357,0.6526610644257703,0.025199184072002254,E
0.5,all,8,500,0.472,0.022325590697672478,E
0.5,saturday,9,72,0.125,0.03897559777889522,E
0.5,sunday,9,71,0.056338028169014086,0.02736401840987166,E
0.5,weekday,9,357,0.5658263305322129,0.02623247149638368,E
0.5,all,9,500,0.43,0.022140460699813815,E
0.5,saturday,10,72,0.16666666666666666,0.04392052305789416,E
0.5,sunday,10,71,0.15492957746478872,0.04294221526646171,E
0.5,weekday,10,357,0.5126050420168067,0.026454395668474198,E
0.5,all,10,500,0.412,0.02201163328787757,E
0.5,saturday,11,72,0.19444444444444445,0.04664222611020807,E
0.5,sunday,11,71,0.22535211267605634,0.049585399087381056,E
0.5,weekday,11,357,0.4789915966386555,0.026439437004191657,E
0.5,all,11,500,0.402,0.021926969694875762,E
0.5,saturday,12,72,0.3194444444444444,0.05494943273365379,E
0.5,sunday,12,71,0.30985915492957744,0.054880979931595526,E
0.5,weekday,12,357,0.4425770308123249,0.026287710147310194,E
0.5,all,12,500,0.406,0.021961967125009547,E
0.5,saturday,13,72,0.3611111111111111,0.05660657065109946,E
0.5,sunday,13,71,0.36619718309859156,0.057174899223846616,E
0.5,weekday,13,357,0.5042016806722689,0.02646187182961496,E
0.5,all,13,500,0.464,0.022302645582979615,E
0.5,saturday,14,72,0.4166666666666667,0.05810139073153302,E
0.5,sunday,14,71,0.43661971830985913,0.05886041495942303,E
0.5,weekday,14,357,0.5602240896358543,0.026270146811970815,E
0.5,all,14,500,0.522,0.0223390241505756,E
0.5,saturday,15,72,0.4027777777777778,0.05780088420918413,E
0.5,sunday,15,71,0.43661971830985913,0.05886041495942303,E
0.5,weekday,15,357,0.5854341736694678,0.026073640701101308,E
0.5,all,15,500,0.538,0.022296008611408454,E
0.5,saturday,16,72,0.4166666666666667,0.05810139073153302,E
0.5,sunday,16,71,0.5352112676056338,0.05919175887556613,E
0.5,weekday,16,357,0.6022408963585434,0.025903656832346272,E
0.5,all,16,500,0.566,0.02216501748251059,E
0.5,saturday,17,72,0.375,0.057054433073454806,E
0.5,sunday,17,71,0.5633802816901409,0.05886041495942303,E
0.5,weekday,17,357,0.6582633053221288,0.025102184789382795,E
0.5,all,17,500,0.604,0.02187162545399861,E
0.5,saturday,18,72,0.3194444444444444,0.05494943273365379,E
0.5,sunday,18,71,0.5352112676056338,0.05919175887556613,E
0.5,weekday,18,357,0.6106442577030813,0.025806750481467067,E
0.5,all,18,500,0.558,0.022209727598509622,E
0.5,saturday,19,72,0.2916666666666667,0.05356683548799136,E
0.5,sunday,19,71,0.5211267605633803,0.059286088431625354,E
0.5,weekday,19,357,0.6106442577030813,0.025806750481467067,E
0.5,all,19,500,0.552,0.02223942445298439,E
0.5,saturday,20,72,0.2222222222222222,0.04899539464934427,E
0.5,sunday,20,71,0.4788732394366197,0.05928608843162535,E
0.5,weekday,20,357,0.6666666666666666,0.02494937295217066,E
0.5,all,20,500,0.576,0.022100859711784968,E
0.5,saturday,21,72,0.2361111111111111,0.0500503433112029,E
0.5,sunday,21,71,0.4225352112676056,0.05862259412843413,E
0.5,weekday,21,357,0.6946778711484594,0.024374558904870742,E
0.5,all,21,500,0.59,0.02199545407578575,E
0.5,saturday,22,72,0.2638888888888889,0.05194167979702981,E
0.5,sunday,22,71,0.5352112676056338,0.05919175887556613,E
0.5,weekday,22,357,0.7310924369747899,0.023466782386061574,E
0.5,all,22,500,0.636,0.02151762068631195,E
0.5,saturday,23,72,0.5277777777777778,0.05883456031082794,E
0.5,sunday,23,71,0.6056338028169014,0.05799969641766592,E
0.5,weekday,23,357,0.7843137254901961,0.02176817669904394,E
0.5,all,23,500,0.722,0.020035768016225385,E
0.5,saturday,24,72,0.7083333333333334,0.05356683548799136,E
0.5,sunday,24,71,0.5633802816901409,0.05886041495942303,E
0.5,weekday,24,357,0.7310924369747899,0.023466782386061574,E
0.5,all,24,500,0.704,0.020414896521902825,E
0.6827,saturday,1,72,0.6388888888888888,0.05660657065109947,E
0.6827,sunday,1,71,0.5774647887323944,0.05862259412843413,E
0.6827,weekday,1,357,0.6106442577030813,0.025806750481467067,E
0.6827,all,1,500,0.61,0.02181284025522582,E
0.6827,saturday,2,72,0.7222222222222222,0.05278589931014528,E
0.6827,sunday,2,71,0.7183098591549296,0.05338417835400071,E
0.6827,weekday,2,357,0.6862745098039216,0.024557815336672527,E
0.6827,all,2,500,0.696,0.020571047615520217,E
0.6827,saturday,3,72,0.75,0.05103103630798288,E
0.6827,sunday,3,71,0.7605633802816901,0.05064467838459024,E
0.6827,weekday,3,357,0.7366946778711485,0.023309849895479486,E
0.6827,all,3,500,0.742,0.019567115270269147,E
0.6827,saturday,4,72,0.7222222222222222,0.05278589931014528,E
0.6827,sunday,4,71,0.7605633802816901,0.05064467838459024,E
0.6827,weekday,4,357,0.7507002801120448,0.022896024238178218,E
0.6827,all,4,500,0.748,0.019416281827373642,E
0.6827,saturday,5,72,0.6944444444444444,0.0542872194424008,E
0.6827,sunday,5,71,0.6901408450704225,0.054880979931595526,E
0.6827,weekday,5,357,0.7507002801120448,0.022896024238178218,E
0.6827,all,5,500,0.734,0.019760769215797242,E
0.6827,saturday,6,72,0.4722222222222222,0.05883456031082794,E
0.6827,sunday,6,71,0.49295774647887325,0.05933319697178108,E
0.6827,weekday,6,357,0.7563025210084033,0.022721614342572503,E
0.6827,all,6,500,0.678,0.020895741192884256,E
0.6827,saturday,7,72,0.1388888888888889,0.04075652051309956,E
0.6827,sunday,7,71,0.15492957746478872,0.04294221526646171,E
0.6827,weekday,7,357,0.8011204481792717,0.02112563961130823,E
0.6827,all,7,500,0.614,0.0217717247823869,E
0.6827,saturday,8,72,0.09722222222222222,0.03491459057638508,E
0.6827,sunday,8,71,0.04225352112676056,0.023874130344503686,E
0.6827,weekday,8,357,0.8123249299719888,0.020664936548932516,E
0.6827,all,8,500,0.6,0.021908902300206645,E
0.6827,saturday,9,72,0.1527777777777778,0.042399673805588435,E
0.6827,sunday,9,71,0.1267605633802817,0.03948476670993462,E
0.6827,weekday,9,357,0.7647058823529411,0.02245011874147451,E
0.6827,all,9,500,0.586,0.0220274374360705,E
0.6827,saturday,10,72,0.2638888888888889,0.05194167979702981,E
0.6827,sunday,10,71,0.28169014084507044,0.05338417835400071,E
0.6827,weekday,10,357,0.7030812324929971,0.024181735648235326,E
0.6827,all,10,500,0.58,0.02207260745811423,E
0.6827,saturday,11,72,0.4166666666666667,0.05810139073153302,E
0.6827,sunday,11,71,0.36619718309859156,0.057174899223846616,E
0.6827,weekday,11,357,0.6414565826330533,0.025381682185379336,E
0.6827,all,11,500,0.57,0.022140460699813815,E
0.6827,saturday,12,72,0.4861111111111111,0.05890282708333089,E
0.6827,sunday,12,71,0.43661971830985913,0.05886041495942303,E
0.6827,weekday,12,357,0.6694677871148459,0.024896461738326343,E
0.6827,all,12,500,0.61,0.02181284025522582,E
0.6827,saturday,13,72,0.5277777777777778,0.05883456031082794,E
0.6827,sunday,13,71,0.5211267605633803,0.059286088431625354,E
0.6827,weekday,13,357,0.6862745098039216,0.024557815336672527,E
0.6827,all,13,500,0.64,0.02146625258399798,E
0.6827,saturday,14,72,0.5277777777777778,0.05883456031082794,E
0.6827,sunday,14,71,0.5352112676056338,0.05919175887556613,E
0.6827,weekday,14,357,0.7394957983193278,0.023229566942946415,E
0.6827,all,14,500,0.68,0.020861447696648473,E
0.6827,saturday,15,72,0.5555555555555556,0.05856069741052554,E
0.6827,sunday,15,71,0.5633802816901409,0.05886041495942303,E
0.6827,weekday,15,357,0.7619047619047619,0.022541955634816712,E
0.6827,all,15,500,0.704,0.020414896521902825,E
0.6827,saturday,16,72,0.6111111111111112,0.057452192805513225,E
0.6827,sunday,16,71,0.5915492957746479,0.05833592935857883,E
0.6827,weekday,16,357,0.7955182072829131,0.021346087037973825,E
0.6827,all,16,500,0.74,0.019616319736382767,E
0.6827,saturday,17,72,0.5833333333333334,0.058101390731533024,E
0.6827,sunday,17,71,0.7464788732394366,0.051628162017765496,E
0.6827,weekday,17,357,0.84593837535014,0.019106559542086843,E
0.6827,all,17,500,0.794,0.01808668018183547,E
0.6827,saturday,18,72,0.4861111111111111,0.05890282708333089,E
0.6827,sunday,18,71,0.7605633802816901,0.05064467838459024,E
0.6827,weekday,18,357,0.8291316526610645,0.01992087676632044,E
0.6827,all,18,500,0.77,0.018820201911775546,E
0.6827,saturday,19,72,0.4583333333333333,0.058720605990582514,E
0.6827,sunday,19,71,0.704225352112676,0.05416355065056952,E
0.6827,weekday,19,357,0.8151260504201681,0.020545472716637602,E
0.6827,all,19,500,0.748,0.019416281827373642,E
0.6827,saturday,20,72,0.4305555555555556,0.05835445678683116,E
0.6827,sunday,20,71,0.6901408450704225,0.054880979931595526,E
0.6827,weekday,20,357,0.8599439775910365,0.018367576855438984,E
0.6827,all,20,500,0.774,0.01870422412183943,E
0.6827,saturday,21,72,0.3888888888888889,0.05745219280551323,E
0.6827,sunday,21,71,0.676056338028169,0.0555388667156425,E
0.6827,weekday,21,357,0.8711484593837535,0.017731961765665105,E
0.6827,all,21,500,0.774,0.01870422412183943,E
0.6827,saturday,22,72,0.5972222222222222,0.05780088420918413,E
0.6827,sunday,22,71,0.704225352112676,0.05416355065056952,E
0.6827,weekday,22,357,0.9019607843137255,0.01573836575091292,E
0.6827,all,22,500,0.83,0.016798809481626965,E
0.6827,saturday,23,72,0.7361111111111112,0.05194167979702981,E
0.6827,sunday,23,71,0.7887323943661971,0.04844535246297056,E
0.6827,weekday,23,357,0.9243697478991597,0.013993827877956814,E
0.6827,all,23,500,0.878,0.014636666287102402,E
0.6827,saturday,24,72,0.8472222222222222,0.042399673805588435,E
0.6827,sunday,24,71,0.7887323943661971,0.04844535246297056,E
0.6827,weekday,24,357,0.8739495798319328,0.017566337790535826,E
0.6827,all,24,500,0.858,0.01560999679692472,E
0.8,saturday,1,72,0.6944444444444444,0.0542872194424008,E
0.8,sunday,1,71,0.647887323943662,0.05668411847740348,E
0.8,weekday,1,357,0.7226890756302521,0.02369327668791142,E
0.8,all,1,500,0.708,0.0203340109176719,E
0.8,saturday,2,72,0.7638888888888888,0.05005034331120291,E
0.8,sunday,2,71,0.8169014084507042,0.04589846376912448,E
0.8,weekday,2,357,0.8011204481792717,0.02112563961130823,E
0.8,all,2,500,0.798,0.01795527777562909,E
0.8,saturday,3,72,0.7916666666666666,0.04786128038920216,E
0.8,sunday,3,71,0.8309859154929577,0.04447634657729004,E
0.8,weekday,3,357,0.8543417366946778,0.01867021277113163,E
0.8,all,3,500,0.842,0.016311713582576173,E
0.8,saturday,4,72,0.8194444444444444,0.04533137969344014,E
0.8,sunday,4,71,0.8450704225352113,0.04294221526646172,E
0.8,weekday,4,357,0.8571428571428571,0.0185201063872047,E
0.8,all,4,500,0.85,0.015968719422671314,E
0.8,saturday,5,72,0.7916666666666666,0.04786128038920216,E
0.8,sunday,5,71,0.8309859154929577,0.04447634657729004,E
0.8,weekday,5,357,0.8263305322128851,0.020049545336368914,E
0.8,all,5,500,0.822,0.01710648999648964,E
0.8,saturday,6,72,0.5555555555555556,0.05856069741052554,E
0.8,sunday,6,71,0.6056338028169014,0.05799969641766592,E
0.8,weekday,6,357,0.8179271708683473,0.020424234110531955,E
0.8,all,6,500,0.75,0.019364916731037084,E
0.8,saturday,7,72,0.2916666666666667,0.05356683548799136,E
0.8,sunday,7,71,0.23943661971830985,0.05064467838459024,E
0.8,weekday,7,357,0.8683473389355743,0.017894824839037548,E
0.8,all,7,500,0.696,0.020571047615520217,E
0.8,saturday,8,72,0.20833333333333334,0.047861280389202156,E
0.8,sunday,8,71,0.11267605633802817,0.03752560865804669,E
0.8,weekday,8,357,0.8851540616246498,0.01687458673124291,E
0.8,all,8,500,0.678,0.020895741192884256,E
0.8,saturday,9,72,0.3055555555555556,0.0542872194424008,E
0.8,sunday,9,71,0.30985915492957744,0.054880979931595526,E
0.8,weekday,9,357,0.8795518207282913,0.01722648727438868,E
0.8,all,9,500,0.716,0.020166506886419373,E
0.8,saturday,10,72,0.4722222222222222,0.05883456031082794,E
0.8,sunday,10,71,0.43661971830985913,0.05886041495942303,E
0.8,weekday,10,357,0.7927170868347339,0.02145392477299269,E
0.8,all,10,500,0.696,0.020571047615520217,E
0.8,saturday,11,72,0.5555555555555556,0.05856069741052554,E
0.8,sunday,11,71,0.4788732394366197,0.05928608843162535,E
0.8,weekday,11,357,0.7843137254901961,0.02176817669904394,E
0.8,all,11,500,0.708,0.0203340109176719,E
0.8,saturday,12,72,0.5833333333333334,0.058101390731533024,E
0.8,sunday,12,71,0.5492957746478874,0.059049982004012076,E
0.8,weekday,12,357,0.7843137254901961,0.02176817669904394,E
0.8,all,12,500,0.722,0.020035768016225385,E
0.8,saturday,13,72,0.625,0.057054433073454806,E
0.8,sunday,13,71,0.5915492957746479,0.05833592935857883,E
0.8,weekday,13,357,0.7899159663865546,0.021560203797059262,E
0.8,all,13,500,0.738,0.01966499427917537,E
0.8,saturday,14,72,0.6527777777777778,0.05610740575713344,E
0.8,sunday,14,71,0.6197183098591549,0.05761302746414258,E
0.8,weekday,14,357,0.834733893557423,0.019657659749970854,E
0.8,all,14,500,0.778,0.018585801031970613,E
0.8,saturday,15,72,0.6944444444444444,0.0542872194424008,E
0.8,sunday,15,71,0.647887323943662,0.05668411847740348,E
0.8,weekday,15,357,0.8571428571428571,0.0185201063872047,E
0.8,all,15,500,0.804,0.01775297158224504,E
0.8,saturday,16,72,0.7083333333333334,0.05356683548799136,E
0.8,sunday,16,71,0.7605633802816901,0.05064467838459024,E
0.8,weekday,16,357,0.8851540616246498,0.01687458673124291,E
0.8,all,16,500,0.842,0.016311713582576173,E
0.8,saturday,17,72,0.7638888888888888,0.05005034331120291,E
0.8,sunday,17,71,0.8169014084507042,0.04589846376912448,E
0.8,weekday,17,357,0.9131652661064426,0.014903467429075116,E
0.8,all,17,500,0.878,0.014636666287102402,E
0.8,saturday,18,72,0.7361111111111112,0.05194167979702981,E
0.8,sunday,18,71,0.8450704225352113,0.04294221526646172,E
0.8,weekday,18,357,0.9187675070028011,0.01445884481892119,E
0.8,all,18,500,0.882,0.014427473791346842,E
0.8,saturday,19,72,0.7083333333333334,0.05356683548799136,E
0.8,sunday,19,71,0.8028169014084507,0.04721868874183584,E
0.8,weekday,19,357,0.907563025210084,0.0153294703892032,E
0.8,all,19,500,0.864,0.01532997064576446,E
0.8,saturday,20,72,0.6527777777777778,0.05610740575713344,E
0.8,sunday,20,71,0.8169014084507042,0.04589846376912448,E
0.8,weekday,20,357,0.9215686274509803,0.01422900855475359,E
0.8,all,20,500,0.868,0.01513776733867977,E
0.8,saturday,21,72,0.6944444444444444,0.0542872194424008,E
0.8,sunday,21,71,0.8169014084507042,0.04589846376912448,E
0.8,weekday,21,357,0.9523809523809523,0.01127097781740836,E
0.8,all,21,500,0.896,0.013651666564928987,E
0.8,saturday,22,72,0.8333333333333334,0.04392052305789415,E
0.8,sunday,22,71,0.8591549295774648,0.041283584119470355,E
0.8,weekday,22,357,0.9523809523809523,0.01127097781740836,E
0.8,all,22,500,0.922,0.01199299795714149,E
0.8,saturday,23,72,0.9166666666666666,0.03257233166544049,E
0.8,sunday,23,71,0.8591549295774648,0.041283584119470355,E
0.8,weekday,23,357,0.9551820728291317,0.01095052287292284,E
0.8,all,23,500,0.936,0.01094568408095172,E
0.8,saturday,24,72,0.9166666666666666,0.03257233166544049,E
0.8,sunday,24,71,0.9014084507042254,0.03537948313367657,E
0.8,weekday,24,357,0.938375350140056,0.012727157534437757,E
0.8,all,24,500,0.93,0.011410521460476728,E
0.9,saturday,1,72,0.8055555555555556,0.04664222611020806,E
0.9,sunday,1,71,0.7183098591549296,0.05338417835400071,E
0.9,weekday,1,357,0.8067226890756303,0.020898661182790948,E
0.9,all,1,500,0.794,0.01808668018183547,E
0.9,saturday,2,72,0.7916666666666666,0.04786128038920216,E
0.9,sunday,2,71,0.8591549295774648,0.041283584119470355,E
0.9,weekday,2,357,0.8823529411764706,0.017052089283895542,E
0.9,all,2,500,0.866,0.015234434679370286,E
0.9,saturday,3,72,0.8611111111111112,0.04075652051309955,E
0.9,sunday,3,71,0.9295774647887324,0.030364731614087568,E
0.9,weekday,3,357,0.9103641456582633,0.0151186963814665,E
0.9,all,3,500,0.906,0.013050976974924135,E
0.9,saturday,4,72,0.8888888888888888,0.03703703703703704,E
0.9,sunday,4,71,0.9577464788732394,0.0238741303445037,E
0.9,weekday,4,357,0.9215686274509803,0.01422900855475359,E
0.9,all,4,500,0.922,0.01199299795714149,E
0.9,saturday,5,72,0.8472222222222222,0.042399673805588435,E
0.9,sunday,5,71,0.9295774647887324,0.030364731614087568,E
0.9,weekday,5,357,0.9103641456582633,0.0151186963814665,E
0.9,all,5,500,0.904,0.013174520864152895,E
0.9,saturday,6,72,0.7361111111111112,0.05194167979702981,E
0.9,sunday,6,71,0.6901408450704225,0.054880979931595526,E
0.9,weekday,6,357,0.8851540616246498,0.01687458673124291,E
0.9,all,6,500,0.836,0.0165592270351004,E
0.9,saturday,7,72,0.4722222222222222,0.05883456031082794,E
0.9,sunday,7,71,0.5211267605633803,0.059286088431625354,E
0.9,weekday,7,357,0.9299719887955182,0.013506310264103033,E
0.9,all,7,500,0.806,0.017684117167673367,E
0.9,saturday,8,72,0.4166666666666667,0.05810139073153302,E
0.9,sunday,8,71,0.36619718309859156,0.057174899223846616,E
0.9,weekday,8,357,0.9439775910364145,0.012171038160689903,E
0.9,all,8,500,0.786,0.01834142851579451,E
0.9,saturday,9,72,0.5416666666666666,0.058720605990582514,E
0.9,sunday,9,71,0.5070422535211268,0.05933319697178108,E
0.9,weekday,9,357,0.927170868347339,0.013753028618363888,E
0.9,all,9,500,0.812,0.017473179447370188,E
0.9,saturday,10,72,0.7083333333333334,0.05356683548799136,E
0.9,sunday,10,71,0.5774647887323944,0.05862259412843413,E
0.9,weekday,10,357,0.8991596638655462,0.01593681174096847,E
0.9,all,10,500,0.826,0.016954291492126707,E
0.9,saturday,11,72,0.7361111111111112,0.05194167979702981,E
0.9,sunday,11,71,0.6056338028169014,0.05799969641766592,E
0.9,weekday,11,357,0.876750700280112,0.01739787406427662,E
0.9,all,11,500,0.818,0.017255491879398864,E
0.9,saturday,12,72,0.75,0.05103103630798288,E
0.9,sunday,12,71,0.676056338028169,0.0555388667156425,E
0.9,weekday,12,357,0.8823529411764706,0.017052089283895542,E
0.9,all,12,500,0.834,0.016639951923007473,E
0.9,saturday,13,72,0.75,0.05103103630798288,E
0.9,sunday,13,71,0.7183098591549296,0.05338417835400071,E
0.9,weekday,13,357,0.9131652661064426,0.014903467429075116,E
0.9,all,13,500,0.862,0.01542439626046997,E
0.9,saturday,14,72,0.8055555555555556,0.04664222611020806,E
0.9,sunday,14,71,0.7746478873239436,0.049585399087381056,E
0.9,weekday,14,357,0.9327731092436975,0.013253342257555934,E
0.9,all,14,500,0.892,0.013880633991284403,E
0.9,saturday,15,72,0.8888888888888888,0.03703703703703704,E
0.9,sunday,15,71,0.8028169014084507,0.04721868874183584,E
0.9,weekday,15,357,0.938375350140056,0.012727157534437757,E
0.9,all,15,500,0.912,0.012669333052690657,E
0.9,saturday,16,72,0.8888888888888888,0.03703703703703704,E
0.9,sunday,16,71,0.8309859154929577,0.04447634657729004,E
0.9,weekday,16,357,0.9551820728291317,0.01095052287292284,E
0.9,all,16,500,0.928,0.0115599307956406,E
0.9,saturday,17,72,0.8888888888888888,0.03703703703703704,E
0.9,sunday,17,71,0.9014084507042254,0.03537948313367657,E
0.9,weekday,17,357,0.969187675070028,0.009146018337792855,E
0.9,all,17,500,0.948,0.009929350431926557,E
0.9,saturday,18,72,0.9305555555555556,0.029958747929501813,E
0.9,sunday,18,71,0.9154929577464789,0.03300994345777757,E
0.9,weekday,18,357,0.9719887955182073,0.008732978947832332,E
0.9,all,18,500,0.958,0.00897061870775924,E
0.9,saturday,19,72,0.875,0.03897559777889522,E
0.9,sunday,19,71,0.9154929577464789,0.03300994345777757,E
0.9,weekday,19,357,0.9719887955182073,0.008732978947832332,E
0.9,all,19,500,0.95,0.00974679434480897,E
0.9,saturday,20,72,0.8611111111111112,0.04075652051309955,E
0.9,sunday,20,71,0.9154929577464789,0.03300994345777757,E
0.9,weekday,20,357,0.9803921568627451,0.007338050868285495,E
0.9,all,20,500,0.954,0.009368457717255283,E
0.9,saturday,21,72,0.8611111111111112,0.04075652051309955,E
0.9,sunday,21,71,0.9436619718309859,0.027364018409871668,E
0.9,weekday,21,357,0.9831932773109243,0.006803413371659935,E
0.9,all,21,500,0.96,0.008763560920082661,E
0.9,saturday,22,72,0.9444444444444444,0.026995147661320842,E
0.9,sunday,22,71,0.9436619718309859,0.027364018409871668,E
0.9,weekday,22,357,0.9803921568627451,0.007338050868285495,E
0.9,all,22,500,0.97,0.007628892449104264,E
0.9,saturday,23,72,0.9722222222222222,0.019367130243844344,E
0.9,sunday,23,71,0.9577464788732394,0.0238741303445037,E
0.9,weekday,23,357,0.9831932773109243,0.006803413371659935,E
0.9,all,23,500,0.978,0.006559878047646925,E
0.9,saturday,24,72,0.9583333333333334,0.023549756885851616,E
0.9,sunday,24,71,0.9295774647887324,0.030364731614087568,E
0.9,weekday,24,357,0.9719887955182073,0.008732978947832332,E
0.9,all,24,500,0.964,0.008331146379700699,E
0.95,saturday,1,72,0.8055555555555556,0.04664222611020806,E
0.95,sunday,1,71,0.8028169014084507,0.04721868874183584,E
0.95,weekday,1,357,0.8515406162464986,0.018817953993946764,E
0.95,all,1,500,0.838,0.016477621187537962,E
0.95,saturday,2,72,0.875,0.03897559777889522,E
0.95,sunday,2,71,0.9154929577464789,0.03300994345777757,E
0.95,weekday,2,357,0.9187675070028011,0.01445884481892119,E
0.95,all,2,500,0.912,0.012669333052690657,E
0.95,saturday,3,72,0.9166666666666666,0.03257233166544049,E
0.95,sunday,3,71,0.9436619718309859,0.027364018409871668,E
0.95,weekday,3,357,0.9439775910364145,0.012171038160689903,E
0.95,all,3,500,0.94,0.010620734437881408,E
0.95,saturday,4,72,0.9583333333333334,0.023549756885851616,E
0.95,sunday,4,71,0.971830985915493,0.019635954637023313,E
0.95,weekday,4,357,0.9495798319327731,0.011580672433137902,E
0.95,all,4,500,0.954,0.009368457717255283,E
0.95,saturday,5,72,0.875,0.03897559777889522,E
0.95,sunday,5,71,0.9577464788732394,0.0238741303445037,E
0.95,weekday,5,357,0.9635854341736695,0.009913992208905365,E
0.95,all,5,500,0.95,0.00974679434480897,E
0.95,saturday,6,72,0.8055555555555556,0.04664222611020806,E
0.95,sunday,6,71,0.8450704225352113,0.04294221526646172,E
0.95,weekday,6,357,0.938375350140056,0.012727157534437757,E
0.95,all,6,500,0.906,0.013050976974924135,E
0.95,saturday,7,72,0.625,0.057054433073454806,E
0.95,sunday,7,71,0.647887323943662,0.05668411847740348,E
0.95,weekday,7,357,0.9439775910364145,0.012171038160689903,E
0.95,all,7,500,0.856,0.015701210144444283,E
0.95,saturday,8,72,0.5972222222222222,0.05780088420918413,E
0.95,sunday,8,71,0.5774647887323944,0.05862259412843413,E
0.95,weekday,8,357,0.9607843137254902,0.01027327121559968,E
0.95,all,8,500,0.854,0.015791390059142988,E
0.95,saturday,9,72,0.8055555555555556,0.04664222611020806,E
0.95,sunday,9,71,0.6197183098591549,0.05761302746414258,E
0.95,weekday,9,357,0.9467787114845938,0.011880448237326443,E
0.95,all,9,500,0.88,0.014532721699667961,E
0.95,saturday,10,72,0.8055555555555556,0.04664222611020806,E
0.95,sunday,10,71,0.7323943661971831,0.052540106553156475,E
0.95,weekday,10,357,0.9467787114845938,0.011880448237326443,E
0.95,all,10,500,0.896,0.013651666564928987,E
0.95,saturday,11,72,0.8194444444444444,0.04533137969344014,E
0.95,sunday,11,71,0.7464788732394366,0.051628162017765496,E
0.95,weekday,11,357,0.927170868347339,0.013753028618363888,E
0.95,all,11,500,0.886,0.014212951839783317,E
0.95,saturday,12,72,0.8611111111111112,0.04075652051309955,E
0.95,sunday,12,71,0.7887323943661971,0.04844535246297056,E
0.95,weekday,12,357,0.9327731092436975,0.013253342257555934,E
0.95,all,12,500,0.902,0.013296315279053816,E
0.95,saturday,13,72,0.8888888888888888,0.03703703703703704,E
0.95,sunday,13,71,0.8309859154929577,0.04447634657729004,E
0.95,weekday,13,357,0.9551820728291317,0.01095052287292284,E
0.95,all,13,500,0.928,0.0115599307956406,E
0.95,saturday,14,72,0.9166666666666666,0.03257233166544049,E
0.95,sunday,14,71,0.8309859154929577,0.04447634657729004,E
0.95,weekday,14,357,0.9635854341736695,0.009913992208905365,E
0.95,all,14,500,0.938,0.010784804124322337,E
0.95,saturday,15,72,0.9444444444444444,0.026995147661320842,E
0.95,sunday,15,71,0.8732394366197183,0.039484766709934636,E
0.95,weekday,15,357,0.969187675070028,0.009146018337792855,E
0.95,all,15,500,0.952,0.009559916317625384,E
0.95,saturday,16,72,0.9583333333333334,0.023549756885851616,E
0.95,sunday,16,71,0.9154929577464789,0.03300994345777757,E
0.95,weekday,16,357,0.9775910364145658,0.007833491613478237,E
0.95,all,16,500,0.966,0.008104813384649892,E
0.95,saturday,17,72,0.9583333333333334,0.023549756885851616,E
0.95,sunday,17,71,0.9436619718309859,0.027364018409871668,E
0.95,weekday,17,357,0.9803921568627451,0.007338050868285495,E
0.95,all,17,500,0.972,0.0073778045514909145,E
0.95,saturday,18,72,0.9722222222222222,0.019367130243844344,E
0.95,sunday,18,71,0.9577464788732394,0.0238741303445037,E
0.95,weekday,18,357,0.988795518207283,0.005570767383855156,E
0.95,all,18,500,0.982,0.005945754788082,E
0.95,saturday,19,72,0.9583333333333334,0.023549756885851616,E
0.95,sunday,19,71,0.9859154929577465,0.013984968642741166,E
0.95,weekday,19,357,0.988795518207283,0.005570767383855156,E
0.95,all,19,500,0.984,0.00561141693336006,E
0.95,saturday,20,72,0.9444444444444444,0.026995147661320842,E
0.95,sunday,20,71,0.9859154929577465,0.013984968642741166,E
0.95,weekday,20,357,0.988795518207283,0.005570767383855156,E
0.95,all,20,500,0.982,0.005945754788082,E
0.95,saturday,21,72,0.9583333333333334,0.023549756885851616,E
0.95,sunday,21,71,0.971830985915493,0.019635954637023313,E
0.95,weekday,21,357,0.9943977591036415,0.003950270633319207,E
0.95,all,21,500,0.986,0.0052543315464481325,E
0.95,saturday,22,72,0.9722222222222222,0.019367130243844344,E
0.95,sunday,22,71,0.971830985915493,0.019635954637023313,E
0.95,weekday,22,357,0.9971988795518207,0.0027971945591467244,E
0.95,all,22,500,0.99,0.0044497190922574,E
0.95,saturday,23,72,1.0,0.0,E
0.95,sunday,23,71,0.9859154929577465,0.013984968642741166,E
0.95,weekday,23,357,0.9859943977591037,0.006219479056869686,E
0.95,all,23,500,0.988,0.004869496893930627,E
0.95,saturday,24,72,1.0,0.0,E
0.95,sunday,24,71,0.971830985915493,0.019635954637023313,E
0.95,weekday,24,357,0.9859943977591037,0.006219479056869686,E
0.95,all,24,500,0.986,0.0052543315464481325,E
0.99,saturday,1,72,0.8888888888888888,0.03703703703703704,E
0.99,sunday,1,71,0.8873239436619719,0.03752560865804668,E
0.99,weekday,1,357,0.9187675070028011,0.01445884481892119,E
0.99,all,1,500,0.91,0.012798437404620923,E
0.99,saturday,2,72,0.9583333333333334,0.023549756885851616,E
0.99,sunday,2,71,0.9577464788732394,0.0238741303445037,E
0.99,weekday,2,357,0.9551820728291317,0.01095052287292284,E
0.99,all,2,500,0.956,0.009172131704244116,E
0.99,saturday,3,72,0.9861111111111112,0.0137921010275613,E
0.99,sunday,3,71,0.9859154929577465,0.013984968642741166,E
0.99,weekday,3,357,0.9719887955182073,0.008732978947832332,E
0.99,all,3,500,0.976,0.006844559883586383,E
0.99,saturday,4,72,0.9861111111111112,0.0137921010275613,E
0.99,sunday,4,71,0.9859154929577465,0.013984968642741166,E
0.99,weekday,4,357,0.9775910364145658,0.007833491613478237,E
0.99,all,4,500,0.98,0.006260990336999414,E
0.99,saturday,5,72,0.9722222222222222,0.019367130243844344,E
0.99,sunday,5,71,0.971830985915493,0.019635954637023313,E
0.99,weekday,5,357,0.9859943977591037,0.006219479056869686,E
0.99,all,5,500,0.982,0.005945754788082,E
0.99,saturday,6,72,0.9027777777777778,0.03491459057638508,E
0.99,sunday,6,71,0.971830985915493,0.019635954637023313,E
0.99,weekday,6,357,0.9803921568627451,0.007338050868285495,E
0.99,all,6,500,0.968,0.007870959280799264,E
0.99,saturday,7,72,0.8611111111111112,0.04075652051309955,E
0.99,sunday,7,71,0.8873239436619719,0.03752560865804668,E
0.99,weekday,7,357,0.9803921568627451,0.007338050868285495,E
0.99,all,7,500,0.95,0.00974679434480897,E
0.99,saturday,8,72,0.9166666666666666,0.03257233166544049,E
0.99,sunday,8,71,0.8169014084507042,0.04589846376912448,E
0.99,weekday,8,357,0.9803921568627451,0.007338050868285495,E
0.99,all,8,500,0.948,0.009929350431926557,E
0.99,saturday,9,72,0.9583333333333334,0.023549756885851616,E
0.99,sunday,9,71,0.8732394366197183,0.039484766709934636,E
0.99,weekday,9,357,0.9831932773109243,0.006803413371659935,E
0.99,all,9,500,0.964,0.008331146379700699,E
0.99,saturday,10,72,0.9444444444444444,0.026995147661320842,E
0.99,sunday,10,71,0.8591549295774648,0.041283584119470355,E
0.99,weekday,10,357,0.9775910364145658,0.007833491613478237,E
0.99,all,10,500,0.956,0.009172131704244116,E
0.99,saturday,11,72,0.9444444444444444,0.026995147661320842,E
0.99,sunday,11,71,0.9014084507042254,0.03537948313367657,E
0.99,weekday,11,357,0.9775910364145658,0.007833491613478237,E
0.99,all,11,500,0.962,0.008550555537507495,E
0.99,saturday,12,72,0.9444444444444444,0.026995147661320842,E
0.99,sunday,12,71,0.9295774647887324,0.030364731614087568,E
0.99,weekday,12,357,0.9775910364145658,0.007833491613478237,E
0.99,all,12,500,0.966,0.008104813384649892,E
0.99,saturday,13,72,0.9583333333333334,0.023549756885851616,E
0.99,sunday,13,71,0.9154929577464789,0.03300994345777757,E
0.99,weekday,13,357,0.9803921568627451,0.007338050868285495,E
0.99,all,13,500,0.968,0.007870959280799264,E
0.99,saturday,14,72,0.9583333333333334,0.023549756885851616,E
0.99,sunday,14,71,0.9295774647887324,0.030364731614087568,E
0.99,weekday,14,357,0.9859943977591037,0.006219479056869686,E
0.99,all,14,500,0.974,0.007116740827092135,E
0.99,saturday,15,72,0.9722222222222222,0.019367130243844344,E
0.99,sunday,15,71,0.9436619718309859,0.027364018409871668,E
0.99,weekday,15,357,0.9859943977591037,0.006219479056869686,E
0.99,all,15,500,0.978,0.006559878047646925,E
0.99,saturday,16,72,1.0,0.0,E
0.99,sunday,16,71,0.9577464788732394,0.0238741303445037,E
0.99,weekday,16,357,0.988795518207283,0.005570767383855156,E
0.99,all,16,500,0.986,0.0052543315464481325,E
0.99,saturday,17,72,0.9861111111111112,0.0137921010275613,E
0.99,sunday,17,71,0.971830985915493,0.019635954637023313,E
0.99,weekday,17,357,0.988795518207283,0.005570767383855156,E
0.99,all,17,500,0.986,0.0052543315464481325,E
0.99,saturday,18,72,0.9722222222222222,0.019367130243844344,E
0.99,sunday,18,71,1.0,0.0,E
0.99,weekday,18,357,1.0,0.0,E
0.99,all,18,500,0.996,0.002822764602300377,E
0.99,saturday,19,72,0.9722222222222222,0.019367130243844344,E
0.99,sunday,19,71,0.9859154929577465,0.013984968642741166,E
0.99,weekday,19,357,0.9971988795518207,0.0027971945591467244,E
0.99,all,19,500,0.992,0.003983967871356396,E
0.99,saturday,20,72,0.9722222222222222,0.019367130243844344,E
0.99,sunday,20,71,0.9859154929577465,0.013984968642741166,E
0.99,weekday,20,357,1.0,0.0,E
0.99,all,20,500,0.994,0.0034536936748935927,E
0.99,saturday,21,72,0.9861111111111112,0.0137921010275613,E
0.99,sunday,21,71,0.9859154929577465,0.013984968642741166,E
0.99,weekday,21,357,0.9971988795518207,0.0027971945591467244,E
0.99,all,21,500,0.994,0.0034536936748935927,E
0.99,saturday,22,72,1.0,0.0,E
0.99,sunday,22,71,0.9859154929577465,0.013984968642741166,E
0.99,weekday,22,357,0.9971988795518207,0.0027971945591467244,E
0.99,all,22,500,0.996,0.002822764602300377,E
0.99,saturday,23,72,1.0,0.0,E
0.99,sunday,23,71,0.9859154929577465,0.013984968642741166,E
0.99,weekday,23,357,0.9971988795518207,0.0027971945591467244,E
0.99,all,23,500,0.996,0.002822764602300377,E
0.99,saturday,24,72,1.0,0.0,E
0.99,sunday,24,71,0.9859154929577465,0.013984968642741166,E
0.99,weekday,24,357,0.9971988795518207,0.0027971945591467244,E
0.99,all,24,500,0.996,0.002822764602300377,E
0.5,saturday,1,72,0.4305555555555556,0.05835445678683116,F
0.5,sunday,1,71,0.352112676056338,0.05668411847740348,F
0.5,weekday,1,357,0.38095238095238093,0.02570178384849305,F
0.5,all,1,500,0.384,0.02175058619899703,F
0.5,saturday,2,72,0.5138888888888888,0.058902827083330896,F
0.5,sunday,2,71,0.38028169014084506,0.05761302746414258,F
0.5,weekday,2,357,0.46218487394957986,0.026387014899361655,F
0.5,all,2,500,0.458,0.022281651644346298,F
0.5,saturday,3,72,0.5694444444444444,0.05835445678683116,F
0.5,sunday,3,71,0.49295774647887325,0.05933319697178108,F
0.5,weekday,3,357,0.5238095238095238,0.02643278599169621,F
0.5,all,3,500,0.526,0.022330427671677047,F
0.5,saturday,4,72,0.5833333333333334,0.058101390731533024,F
0.5,sunday,4,71,0.5352112676056338,0.05919175887556613,F
0.5,weekday,4,357,0.5602240896358543,0.026270146811970815,F
0.5,all,4,500,0.56,0.02219909908081857,F
0.5,saturday,5,72,0.4305555555555556,0.05835445678683116,F
0.5,sunday,5,71,0.4507042253521127,0.059049982004012076,F
0.5,weekday,5,357,0.5210084033613446,0.026439437004191657,F
0.5,all,5,500,0.498,0.02236050088884415,F
0.5,saturday,6,72,0.2222222222222222,0.04899539464934427,F
0.5,sunday,6,71,0.3380281690140845,0.05613930434636632,F
0.5,weekday,6,357,0.5350140056022409,0.026397840683469197,F
0.5,all,6,500,0.462,0.022296008611408458,F
0.5,saturday,7,72,0.041666666666666664,0.023549756885851626,F
0.5,sunday,7,71,0.056338028169014086,0.02736401840987166,F
0.5,weekday,7,357,0.6106442577030813,0.025806750481467067,F
0.5,all,7,500,0.45,0.022248595461286987,F
0.5,saturday,8,72,0.027777777777777776,0.01936713024384434,F
0.5,sunday,8,71,0.014084507042253521,0.013984968642741177,F
0.5,weekday,8,357,0.6190476190476191,0.02570178384849305,F
0.5,all,8,500,0.448,0.02223942445298439,F
0.5,saturday,9,72,0.125,0.03897559777889522,F
0.5,sunday,9,71,0.056338028169014086,0.02736401840987166,F
0.5,weekday,9,357,0.5350140056022409,0.026397840683469197,F
0.5,all,9,500,0.408,0.021978898971513564,F
0.5,saturday,10,72,0.16666666666666666,0.04392052305789416,F
0.5,sunday,10,71,0.1267605633802817,0.03948476670993462,F
0.5,weekday,10,357,0.48739495798319327,0.026454395668474198,F
0.5,all,10,500,0.39,0.02181284025522582,F
0.5,saturday,11,72,0.2222222222222222,0.04899539464934427,F
0.5,sunday,11,71,0.2535211267605634,0.051628162017765496,F
0.5,weekday,11,357,0.4789915966386555,0.026439437004191657,F
0.5,all,11,500,0.41,0.02199545407578575,F
0.5,saturday,12,72,0.3055555555555556,0.0542872194424008,F
0.5,sunday,12,71,0.2535211267605634,0.051628162017765496,F
0.5,weekday,12,357,0.4425770308123249,0.026287710147310194,F
0.5,all,12,500,0.396,0.02187162545399861,F
0.5,saturday,13,72,0.3194444444444444,0.05494943273365379,F
0.5,sunday,13,71,0.38028169014084506,0.05761302746414258,F
0.5,weekday,13,357,0.4789915966386555,0.026439437004191657,F
0.5,all,13,500,0.442,0.022209727598509622,F
0.5,saturday,14,72,0.4027777777777778,0.05780088420918413,F
0.5,sunday,14,71,0.43661971830985913,0.05886041495942303,F
0.5,weekday,14,357,0.5462184873949579,0.026349506685803742,F
0.5,all,14,500,0.51,0.022356207191739835,F
0.5,saturday,15,72,0.3888888888888889,0.05745219280551323,F
0.5,sunday,15,71,0.4225352112676056,0.05862259412843413,F
0.5,weekday,15,357,0.5798319327731093,0.026123326478488685,F
0.5,all,15,500,0.53,0.022320394261750844,F
0.5,saturday,16,72,0.4027777777777778,0.05780088420918413,F
0.5,sunday,16,71,0.4647887323943662,0.059191758875566124,F
0.5,weekday,16,357,0.5882352941176471,0.026047496633532213,F
0.5,all,16,500,0.544,0.022273930950777412,F
0.5,saturday,17,72,0.4027777777777778,0.05780088420918413,F
0.5,sunday,17,71,0.5211267605633803,0.059286088431625354,F
0.5,weekday,17,357,0.6386554621848739,0.02542494104041149,F
0.5,all,17,500,0.588,0.02201163328787757,F
0.5,saturday,18,72,0.3333333333333333,0.05555555555555556,F
0.5,sunday,18,71,0.4647887323943662,0.059191758875566124,F
0.5,weekday,18,357,0.6022408963585434,0.025903656832346272,F
0.5,all,18,500,0.544,0.022273930950777412,F
0.5,saturday,19,72,0.2777777777777778,0.05278589931014528,F
0.5,sunday,19,71,0.49295774647887325,0.05933319697178108,F
0.5,weekday,19,357,0.6106442577030813,0.025806750481467067,F
0.5,all,19,500,0.546,0.02226584828835407,F
0.5,saturday,20,72,0.20833333333333334,0.047861280389202156,F
0.5,sunday,20,71,0.4647887323943662,0.059191758875566124,F
0.5,weekday,20,357,0.6470588235294118,0.025292335749809255,F
0.5,all,20,500,0.558,0.022209727598509622,F
0.5,saturday,21,72,0.2222222222222222,0.04899539464934427,F
0.5,sunday,21,71,0.4647887323943662,0.059191758875566124,F
0.5,weekday,21,357,0.6778711484593838,0.02473171760857745,F
0.5,all,21,500,0.582,0.02205792374635473,F
0.5,saturday,22,72,0.20833333333333334,0.047861280389202156,F
0.5,sunday,22,71,0.5070422535211268,0.05933319697178108,F
0.5,weekday,22,357,0.7226890756302521,0.02369327668791142,F
0.5,all,22,500,0.618,0.02172905888436036,F
0.5,saturday,23,72,0.5,0.05892556509887896,F
0.5,sunday,23,71,0.5915492957746479,0.05833592935857883,F
0.5,weekday,23,357,0.7507002801120448,0.022896024238178218,F
0.5,all,23,500,0.692,0.020646355610615643,F
0.5,saturday,24,72,0.6805555555555556,0.05494943273365379,F
0.5,sunday,24,71,0.5492957746478874,0.059049982004012076,F
0.5,weekday,24,357,0.7058823529411765,0.024115295932081993,F
0.5,all,24,500,0.68,0.020861447696648473,F
0.6827,saturday,1,72,0.5416666666666666,0.058720605990582514,F
0.6827,sunday,1,71,0.5070422535211268,0.05933319697178108,F
0.6827,weekday,1,357,0.49019607843137253,0.026457718667566372,F
0.6827,all,1,500,0.5,0.022360679774997897,F
0.6827,saturday,2,72,0.6805555555555556,0.05494943273365379,F
0.6827,sunday,2,71,0.676056338028169,0.0555388667156425,F
0.6827,weekday,2,357,0.6358543417366946,0.02546726342837452,F
0.6827,all,2,500,0.648,0.02135865164283551,F
0.6827,saturday,3,72,0.7222222222222222,0.05278589931014528,F
0.6827,sunday,3,71,0.7464788732394366,0.051628162017765496,F
0.6827,weekday,3,357,0.7030812324929971,0.024181735648235326,F
0.6827,all,3,500,0.712,0.020251222185339826,F
0.6827,saturday,4,72,0.6944444444444444,0.0542872194424008,F
0.6827,sunday,4,71,0.7183098591549296,0.05338417835400071,F
0.6827,weekday,4,357,0.7226890756302521,0.02369327668791142,F
0.6827,all,4,500,0.718,0.020123419192572618,F
0.6827,saturday,5,72,0.6388888888888888,0.05660657065109947,F
0.6827,sunday,5,71,0.647887323943662,0.05668411847740348,F
0.6827,weekday,5,357,0.7058823529411765,0.024115295932081993,F
0.6827,all,5,500,0.688,0.020719845559269985,F
0.6827,saturday,6,72,0.4027777777777778,0.05780088420918413,F
0.6827,sunday,6,71,0.49295774647887325,0.05933319697178108,F
0.6827,weekday,6,357,0.7338935574229691,0.02338891761531015,F
0.6827,all,6,500,0.652,0.02130239423163509,F
0.6827,saturday,7,72,0.1388888888888889,0.04075652051309956,F
0.6827,sunday,7,71,0.15492957746478872,0.04294221526646171,F
0.6827,weekday,7,357,0.7815126050420168,0.021869914179652627,F
0.6827,all,7,500,0.6,0.021908902300206645,F
0.6827,saturday,8,72,0.09722222222222222,0.03491459057638508,F
0.6827,sunday,8,71,0.056338028169014086,0.02736401840987166,F
0.6827,weekday,8,357,0.7899159663865546,0.021560203797059262,F
0.6827,all,8,500,0.586,0.0220274374360705,F
0.6827,saturday,9,72,0.16666666666666666,0.04392052305789416,F
0.6827,sunday,9,71,0.1267605633802817,0.03948476670993462,F
0.6827,weekday,9,357,0.7591036414565826,0.02263244881692674,F
0.6827,all,9,500,0.584,0.02204286732709699,F
0.6827,saturday,10,72,0.2638888888888889,0.05194167979702981,F
0.6827,sunday,10,71,0.29577464788732394,0.05416355065056951,F
0.6827,weekday,10,357,0.7002801120448179,0.024247086903448914,F
0.6827,all,10,500,0.58,0.02207260745811423,F
0.6827,saturday,11,72,0.4027777777777778,0.05780088420918413,F
0.6827,sunday,11,71,0.36619718309859156,0.057174899223846616,F
0.6827,weekday,11,357,0.6414565826330533,0.025381682185379336,F
0.6827,all,11,500,0.568,0.022152923057691506,F
0.6827,saturday,12,72,0.4722222222222222,0.05883456031082794,F
0.6827,sunday,12,71,0.43661971830985913,0.05886041495942303,F
0.6827,weekday,12,357,0.6414565826330533,0.025381682185379336,F
0.6827,all,12,500,0.588,0.02201163328787757,F
0.6827,saturday,13,72,0.5,0.05892556509887896,F
0.6827,sunday,13,71,0.49295774647887325,0.05933319697178108,F
0.6827,weekday,13,357,0.6666666666666666,0.02494937295217066,F
0.6827,all,13,500,0.618,0.02172905888436036,F
0.6827,saturday,14,72,0.5138888888888888,0.058902827083330896,F
0.6827,sunday,14,71,0.5352112676056338,0.05919175887556613,F
0.6827,weekday,14,357,0.7086834733893558,0.024047758733313787,F
0.6827,all,14,500,0.656,0.02124448163641561,F
0.6827,saturday,15,72,0.5,0.05892556509887896,F
0.6827,sunday,15,71,0.5492957746478874,0.059049982004012076,F
0.6827,weekday,15,357,0.7478991596638656,0.022981298366630737,F
0.6827,all,15,500,0.684,0.020791536739741004,F
0.6827,saturday,16,72,0.5833333333333334,0.058101390731533024,F
0.6827,sunday,16,71,0.5774647887323944,0.05862259412843413,F
0.6827,weekday,16,357,0.7843137254901961,0.02176817669904394,F
0.6827,all,16,500,0.726,0.01994612744369192,F
0.6827,saturday,17,72,0.5555555555555556,0.05856069741052554,F
0.6827,sunday,17,71,0.6619718309859155,0.05613930434636632,F
0.6827,weekday,17,357,0.8291316526610645,0.01992087676632044,F
0.6827,all,17,500,0.766,0.01893377933746984,F
0.6827,saturday,18,72,0.4583333333333333,0.058720605990582514,F
0.6827,sunday,18,71,0.6901408450704225,0.054880979931595526,F
0.6827,weekday,18,357,0.8067226890756303,0.020898661182790948,F
0.6827,all,18,500,0.74,0.019616319736382767,F
0.6827,saturday,19,72,0.4027777777777778,0.05780088420918413,F
0.6827,sunday,19,71,0.6619718309859155,0.05613930434636632,F
0.6827,weekday,19,357,0.7983193277310925,0.021236666847066717,F
0.6827,all,19,500,0.722,0.020035768016225385,F
0.6827,saturday,20,72,0.4166666666666667,0.05810139073153302,F
0.6827,sunday,20,71,0.647887323943662,0.05668411847740348,F
0.6827,weekday,20,357,0.8375350140056023,0.019523032029080664,F
0.6827,all,20,500,0.75,0.019364916731037084,F
0.6827,saturday,21,72,0.3888888888888889,0.05745219280551323,F
0.6827,sunday,21,71,0.6197183098591549,0.05761302746414258,F
0.6827,weekday,21,357,0.8375350140056023,0.019523032029080664,F
0.6827,all,21,500,0.742,0.019567115270269147,F
0.6827,saturday,22,72,0.5277777777777778,0.05883456031082794,F
0.6827,sunday,22,71,0.676056338028169,0.0555388667156425,F
0.6827,weekday,22,357,0.8683473389355743,0.017894824839037548,F
0.6827,all,22,500,0.792,0.018151363585141474,F
0.6827,saturday,23,72,0.75,0.05103103630798288,F
0.6827,sunday,23,71,0.7605633802816901,0.05064467838459024,F
0.6827,weekday,23,357,0.9047619047619048,0.01553597077188842,F
0.6827,all,23,500,0.862,0.01542439626046997,F
0.6827,saturday,24,72,0.8472222222222222,0.042399673805588435,F
0.6827,sunday,24,71,0.8028169014084507,0.04721868874183584,F
0.6827,weekday,24,357,0.865546218487395,0.018055001724001173,F
0.6827,all,24,500,0.854,0.015791390059142988,F
0.8,saturday,1,72,0.6944444444444444,0.0542872194424008,F
0.8,sunday,1,71,0.5774647887323944,0.05862259412843413,F
0.8,weekday,1,357,0.6498599439775911,0.025246238158413894,F
0.8,all,1,500,0.646,0.021386163751360363,F
0.8,saturday,2,72,0.75,0.05103103630798288,F
0.8,sunday,2,71,0.7183098591549296,0.05338417835400071,F
0.8,weekday,2,357,0.7535014005602241,0.02280946778176572,F
0.8,all,2,500,0.748,0.019416281827373642,F
0.8,saturday,3,72,0.7916666666666666,0.04786128038920216,F
0.8,sunday,3,71,0.8028169014084507,0.04721868874183584,F
0.8,weekday,3,357,0.8207282913165266,0.020301188933817597,F
0.8,all,3,500,0.814,0.017401379255679708,F
0.8,saturday,4,72,0.8055555555555556,0.04664222611020806,F
0.8,sunday,4,71,0.7887323943661971,0.04844535246297056,F
0.8,weekday,4,357,0.8235294117647058,0.020176304134412806,F
0.8,all,4,500,0.816,0.017328819925199756,F
0.8,saturday,5,72,0.7638888888888888,0.05005034331120291,F
0.8,sunday,5,71,0.7323943661971831,0.052540106553156475,F
0.8,weekday,5,357,0.8179271708683473,0.020424234110531955,F
0.8,all,5,500,0.798,0.01795527777562909,F
0.8,saturday,6,72,0.5,0.05892556509887896,F
0.8,sunday,6,71,0.5352112676056338,0.05919175887556613,F
0.8,weekday,6,357,0.8095238095238095,0.020782656212951653,F
0.8,all,6,500,0.726,0.01994612744369192,F
0.8,saturday,7,72,0.2222222222222222,0.04899539464934427,F
0.8,sunday,7,71,0.28169014084507044,0.05338417835400071,F
0.8,weekday,7,357,0.8599439775910365,0.018367576855438984,F
0.8,all,7,500,0.686,0.020755914819636352,F
0.8,saturday,8,72,0.16666666666666666,0.04392052305789416,F
0.8,sunday,8,71,0.11267605633802817,0.03752560865804669,F
0.8,weekday,8,357,0.8851540616246498,0.01687458673124291,F
0.8,all,8,500,0.672,0.02099599961897504,F
0.8,saturday,9,72,0.2638888888888889,0.05194167979702981,F
0.8,sunday,9,71,0.2676056338028169,0.052540106553156475,F
0.8,weekday,9,357,0.8403361344537815,0.019386335797267593,F
0.8,all,9,500,0.676,0.020929596269398033,F
0.8,saturday,10,72,0.4166666666666667,0.05810139073153302,F
0.8,sunday,10,71,0.3380281690140845,0.05613930434636632,F
0.8,weekday,10,357,0.7899159663865546,0.021560203797059262,F
0.8,all,10,500,0.672,0.02099599961897504,F
0.8,saturday,11,72,0.5277777777777778,0.05883456031082794,F
0.8,sunday,11,71,0.43661971830985913,0.05886041495942303,F
0.8,weekday,11,357,0.7563025210084033,0.022721614342572503,F
0.8,all,11,500,0.678,0.020895741192884256,F
0.8,saturday,12,72,0.5694444444444444,0.05835445678683116,F
0.8,sunday,12,71,0.5070422535211268,0.05933319697178108,F
0.8,weekday,12,357,0.7619047619047619,0.022541955634816712,F
0.8,all,12,500,0.698,0.02053270561811083,F
0.8,saturday,13,72,0.6111111111111112,0.057452192805513225,F
0.8,sunday,13,71,0.5492957746478874,0.059049982004012076,F
0.8,weekday,13,357,0.773109243697479,0.02216637756010733,F
0.8,all,13,500,0.718,0.020123419192572618,F
0.8,saturday,14,72,0.6388888888888888,0.05660657065109947,F
0.8,sunday,14,71,0.5915492957746479,0.05833592935857883,F
0.8,weekday,14,357,0.8263305322128851,0.020049545336368914,F
0.8,all,14,500,0.766,0.01893377933746984,F
0.8,saturday,15,72,0.6666666666666666,0.05555555555555556,F
0.8,sunday,15,71,0.6197183098591549,0.05761302746414258,F
0.8,weekday,15,357,0.8375350140056023,0.019523032029080664,F
0.8,all,15,500,0.782,0.018464885594013304,F
0.8,saturday,16,72,0.6805555555555556,0.05494943273365379,F
0.8,sunday,16,71,0.7183098591549296,0.05338417835400071,F
0.8,weekday,16,357,0.8823529411764706,0.017052089283895542,F
0.8,all,16,500,0.83,0.016798809481626965,F
0.8,saturday,17,72,0.7083333333333334,0.05356683548799136,F
0.8,sunday,17,71,0.8450704225352113,0.04294221526646172,F
0.8,weekday,17,357,0.9103641456582633,0.0151186963814665,F
0.8,all,17,500,0.872,0.014940950438308804,F
0.8,saturday,18,72,0.625,0.057054433073454806,F
0.8,sunday,18,71,0.8169014084507042,0.04589846376912448,F
0.8,weekday,18,357,0.9047619047619048,0.01553597077188842,F
0.8,all,18,500,0.852,0.015880554146502572,F
0.8,saturday,19,72,0.625,0.057054433073454806,F
0.8,sunday,19,71,0.8028169014084507,0.04721868874183584,F
0.8,weekday,19,357,0.8991596638655462,0.01593681174096847,F
0.8,all,19,500,0.846,0.016142118820031033,F
0.8,saturday,20,72,0.5972222222222222,0.05780088420918413,F
0.8,sunday,20,71,0.7464788732394366,0.051628162017765496,F
0.8,weekday,20,357,0.9159663865546218,0.01468358763439853,F
0.8,all,20,500,0.846,0.016142118820031033,F
0.8,saturday,21,72,0.6111111111111112,0.057452192805513225,F
0.8,sunday,21,71,0.7746478873239436,0.049585399087381056,F
0.8,weekday,21,357,0.9327731092436975,0.013253342257555934,F
0.8,all,21,500,0.864,0.01532997064576446,F
0.8,saturday,22,72,0.7916666666666666,0.04786128038920216,F
0.8,sunday,22,71,0.8450704225352113,0.04294221526646172,F
0.8,weekday,22,357,0.9467787114845938,0.011880448237326443,F
0.8,all,22,500,0.91,0.012798437404620923,F
0.8,saturday,23,72,0.875,0.03897559777889522,F
0.8,sunday,23,71,0.8873239436619719,0.03752560865804668,F
0.8,weekday,23,357,0.957983193277311,0.010618333423533355,F
0.8,all,23,500,0.936,0.01094568408095172,F
0.8,saturday,24,72,0.9027777777777778,0.03491459057638508,F
0.8,sunday,24,71,0.9014084507042254,0.03537948313367657,F
0.8,weekday,24,357,0.9411764705882353,0.012453085271175604,F
0.8,all,24,500,0.93,0.011410521460476728,F
0.9,saturday,1,72,0.7638888888888888,0.05005034331120291,F
0.9,sunday,1,71,0.6619718309859155,0.05613930434636632,F
0.9,weekday,1,357,0.7899159663865546,0.021560203797059262,F
0.9,all,1,500,0.768,0.018877287940803362,F
0.9,saturday,2,72,0.7916666666666666,0.04786128038920216,F
0.9,sunday,2,71,0.8450704225352113,0.04294221526646172,F
0.9,weekday,2,357,0.865546218487395,0.018055001724001173,F
0.9,all,2,500,0.852,0.015880554146502572,F
0.9,saturday,3,72,0.8472222222222222,0.042399673805588435,F
0.9,sunday,3,71,0.8732394366197183,0.039484766709934636,F
0.9,weekday,3,357,0.8991596638655462,0.01593681174096847,F
0.9,all,3,500,0.888,0.014103616557464968,F
0.9,saturday,4,72,0.8611111111111112,0.04075652051309955,F
0.9,sunday,4,71,0.971830985915493,0.019635954637023313,F
0.9,weekday,4,357,0.9243697478991597,0.013993827877956814,F
0.9,all,4,500,0.922,0.01199299795714149,F
0.9,saturday,5,72,0.8472222222222222,0.042399673805588435,F
0.9,sunday,5,71,0.9295774647887324,0.030364731614087568,F
0.9,weekday,5,357,0.907563025210084,0.0153294703892032,F
0.9,all,5,500,0.902,0.013296315279053816,F
0.9,saturday,6,72,0.6944444444444444,0.0542872194424008,F
0.9,sunday,6,71,0.704225352112676,0.05416355065056952,F
0.9,weekday,6,357,0.8907563025210085,0.016509865655961575,F
0.9,all,6,500,0.836,0.0165592270351004,F
0.9,saturday,7,72,0.4722222222222222,0.05883456031082794,F
0.9,sunday,7,71,0.4507042253521127,0.059049982004012076,F
0.9,weekday,7,357,0.9131652661064426,0.014903467429075116,F
0.9,all,7,500,0.784,0.01840347793217358,F
0.9,saturday,8,72,0.3472222222222222,0.05610740575713344,F
0.9,sunday,8,71,0.3380281690140845,0.05613930434636632,F
0.9,weekday,8,357,0.9355742296918768,0.012993759591228582,F
0.9,all,8,500,0.766,0.01893377933746984,F
0.9,saturday,9,72,0.5,0.05892556509887896,F
0.9,sunday,9,71,0.43661971830985913,0.05886041495942303,F
0.9,weekday,9,357,0.9187675070028011,0.01445884481892119,F
0.9,all,9,500,0.79,0.01821537811850196,F
0.9,saturday,10,72,0.6527777777777778,0.05610740575713344,F
0.9,sunday,10,71,0.5633802816901409,0.05886041495942303,F
0.9,weekday,10,357,0.8907563025210085,0.016509865655961575,F
0.9,all,10,500,0.81,0.01754422982065613,F
0.9,saturday,11,72,0.7083333333333334,0.05356683548799136,F
0.9,sunday,11,71,0.5915492957746479,0.05833592935857883,F
0.9,weekday,11,357,0.8711484593837535,0.017731961765665105,F
0.9,all,11,500,0.808,0.017614539448989292,F
0.9,saturday,12,72,0.75,0.05103103630798288,F
0.9,sunday,12,71,0.6338028169014085,0.057174899223846616,F
0.9,weekday,12,357,0.8823529411764706,0.017052089283895542,F
0.9,all,12,500,0.828,0.0168769665520792,F
0.9,saturday,13,72,0.75,0.05103103630798288,F
0.9,sunday,13,71,0.6619718309859155,0.05613930434636632,F
0.9,weekday,13,357,0.8907563025210085,0.016509865655961575,F
0.9,all,13,500,0.838,0.016477621187537962,F
0.9,saturday,14,72,0.7916666666666666,0.04786128038920216,F
0.9,sunday,14,71,0.7605633802816901,0.05064467838459024,F
0.9,weekday,14,357,0.9019607843137255,0.01573836575091292,F
0.9,all,14,500,0.866,0.015234434679370286,F
0.9,saturday,15,72,0.8611111111111112,0.04075652051309955,F
0.9,sunday,15,71,0.8028169014084507,0.04721868874183584,F
0.9,weekday,15,357,0.9187675070028011,0.01445884481892119,F
0.9,all,15,500,0.894,0.013766916866168691,F
0.9,saturday,16,72,0.8611111111111112,0.04075652051309955,F
0.9,sunday,16,71,0.8450704225352113,0.04294221526646172,F
0.9,weekday,16,357,0.9467787114845938,0.011880448237326443,F
0.9,all,16,500,0.92,0.012132600710482479,F
0.9,saturday,17,72,0.9583333333333334,0.023549756885851616,F
0.9,sunday,17,71,0.8732394366197183,0.039484766709934636,F
0.9,weekday,17,357,0.9607843137254902,0.01027327121559968,F
0.9,all,17,500,0.948,0.009929350431926557,F
0.9,saturday,18,72,0.9166666666666666,0.03257233166544049,F
0.9,sunday,18,71,0.9014084507042254,0.03537948313367657,F
0.9,weekday,18,357,0.9719887955182073,0.008732978947832332,F
0.9,all,18,500,0.954,0.009368457717255283,F
0.9,saturday,19,72,0.875,0.03897559777889522,F
0.9,sunday,19,71,0.9014084507042254,0.03537948313367657,F
0.9,weekday,19,357,0.9663865546218487,0.00953889012622683,F
0.9,all,19,500,0.944,0.010282412168358165,F
0.9,saturday,20,72,0.8333333333333334,0.04392052305789415,F
0.9,sunday,20,71,0.9154929577464789,0.03300994345777757,F
0.9,weekday,20,357,0.9775910364145658,0.007833491613478237,F
0.9,all,20,500,0.948,0.009929350431926557,F
0.9,saturday,21,72,0.8611111111111112,0.04075652051309955,F
0.9,sunday,21,71,0.9295774647887324,0.030364731614087568,F
0.9,weekday,21,357,0.9775910364145658,0.007833491613478237,F
0.9,all,21,500,0.954,0.009368457717255283,F
0.9,saturday,22,72,0.8888888888888888,0.03703703703703704,F
0.9,sunday,22,71,0.9295774647887324,0.030364731614087568,F
0.9,weekday,22,357,0.9775910364145658,0.007833491613478237,F
0.9,all,22,500,0.958,0.00897061870775924,F
0.9,saturday,23,72,0.9861111111111112,0.0137921010275613,F
0.9,sunday,23,71,0.9436619718309859,0.027364018409871668,F
0.9,weekday,23,357,0.9803921568627451,0.007338050868285495,F
0.9,all,23,500,0.976,0.006844559883586383,F
0.9,saturday,24,72,0.9583333333333334,0.023549756885851616,F
0.9,sunday,24,71,0.9295774647887324,0.030364731614087568,F
0.9,weekday,24,357,0.9635854341736695,0.009913992208905365,F
0.9,all,24,500,0.958,0.00897061870775924,F
0.95,saturday,1,72,0.8333333333333334,0.04392052305789415,F
0.95,sunday,1,71,0.8028169014084507,0.04721868874183584,F
0.95,weekday,1,357,0.8683473389355743,0.017894824839037548,F
0.95,all,1,500,0.854,0.015791390059142988,F
0.95,saturday,2,72,0.8611111111111112,0.04075652051309955,F
0.95,sunday,2,71,0.9295774647887324,0.030364731614087568,F
0.95,weekday,2,357,0.927170868347339,0.013753028618363888,F
0.95,all,2,500,0.918,0.012269963325128561,F
0.95,saturday,3,72,0.9444444444444444,0.026995147661320842,F
0.95,sunday,3,71,0.971830985915493,0.019635954637023313,F
0.95,weekday,3,357,0.9439775910364145,0.012171038160689903,F
0.95,all,3,500,0.948,0.009929350431926557,F
0.95,saturday,4,72,0.9444444444444444,0.026995147661320842,F
0.95,sunday,4,71,0.971830985915493,0.019635954637023313,F
0.95,weekday,4,357,0.9523809523809523,0.01127097781740836,F
0.95,all,4,500,0.954,0.009368457717255283,F
0.95,saturday,5,72,0.9027777777777778,0.03491459057638508,F
0.95,sunday,5,71,0.9436619718309859,0.027364018409871668,F
0.95,weekday,5,357,0.9551820728291317,0.01095052287292284,F
0.95,all,5,500,0.946,0.010107818755794947,F
0.95,saturday,6,72,0.75,0.05103103630798288,F
0.95,sunday,6,71,0.8028169014084507,0.04721868874183584,F
0.95,weekday,6,357,0.9439775910364145,0.012171038160689903,F
0.95,all,6,500,0.896,0.013651666564928987,F
0.95,saturday,7,72,0.6388888888888888,0.05660657065109947,F
0.95,sunday,7,71,0.647887323943662,0.05668411847740348,F
0.95,weekday,7,357,0.957983193277311,0.010618333423533355,F
0.95,all,7,500,0.868,0.01513776733867977,F
0.95,saturday,8,72,0.5833333333333334,0.058101390731533024,F
0.95,sunday,8,71,0.5915492957746479,0.05833592935857883,F
0.95,weekday,8,357,0.9663865546218487,0.00953889012622683,F
0.95,all,8,500,0.858,0.01560999679692472,F
0.95,saturday,9,72,0.7638888888888888,0.05005034331120291,F
0.95,sunday,9,71,0.5915492957746479,0.05833592935857883,F
0.95,weekday,9,357,0.9551820728291317,0.01095052287292284,F
0.95,all,9,500,0.876,0.014739335127474372,F
0.95,saturday,10,72,0.8055555555555556,0.04664222611020806,F
0.95,sunday,10,71,0.676056338028169,0.0555388667156425,F
0.95,weekday,10,357,0.938375350140056,0.012727157534437757,F
0.95,all,10,500,0.882,0.014427473791346842,F
0.95,saturday,11,72,0.8333333333333334,0.04392052305789415,F
0.95,sunday,11,71,0.7464788732394366,0.051628162017765496,F
0.95,weekday,11,357,0.9215686274509803,0.01422900855475359,F
0.95,all,11,500,0.884,0.014320893826853127,F
0.95,saturday,12,72,0.8611111111111112,0.04075652051309955,F
0.95,sunday,12,71,0.7605633802816901,0.05064467838459024,F
0.95,weekday,12,357,0.9299719887955182,0.013506310264103033,F
0.95,all,12,500,0.896,0.013651666564928987,F
0.95,saturday,13,72,0.875,0.03897559777889522,F
0.95,sunday,13,71,0.8450704225352113,0.04294221526646172,F
0.95,weekday,13,357,0.9551820728291317,0.01095052287292284,F
0.95,all,13,500,0.928,0.0115599307956406,F
0.95,saturday,14,72,0.9166666666666666,0.03257233166544049,F
0.95,sunday,14,71,0.8450704225352113,0.04294221526646172,F
0.95,weekday,14,357,0.9719887955182073,0.008732978947832332,F
0.95,all,14,500,0.946,0.010107818755794947,F
0.95,saturday,15,72,0.9444444444444444,0.026995147661320842,F
0.95,sunday,15,71,0.8732394366197183,0.039484766709934636,F
0.95,weekday,15,357,0.9775910364145658,0.007833491613478237,F
0.95,all,15,500,0.958,0.00897061870775924,F
0.95,saturday,16,72,0.9583333333333334,0.023549756885851616,F
0.95,sunday,16,71,0.9014084507042254,0.03537948313367657,F
0.95,weekday,16,357,0.9803921568627451,0.007338050868285495,F
0.95,all,16,500,0.966,0.008104813384649892,F
0.95,saturday,17,72,0.9583333333333334,0.023549756885851616,F
0.95,sunday,17,71,0.9436619718309859,0.027364018409871668,F
0.95,weekday,17,357,0.9831932773109243,0.006803413371659935,F
0.95,all,17,500,0.974,0.007116740827092135,F
0.95,saturday,18,72,0.9861111111111112,0.0137921010275613,F
0.95,sunday,18,71,0.9859154929577465,0.013984968642741166,F
0.95,weekday,18,357,0.9859943977591037,0.006219479056869686,F
0.95,all,18,500,0.986,0.0052543315464481325,F
0.95,saturday,19,72,0.9722222222222222,0.019367130243844344,F
0.95,sunday,19,71,0.971830985915493,0.019635954637023313,F
0.95,weekday,19,357,0.9859943977591037,0.006219479056869686,F
0.95,all,19,500,0.982,0.005945754788082,F
0.95,saturday,20,72,0.9444444444444444,0.026995147661320842,F
0.95,sunday,20,71,0.9577464788732394,0.0238741303445037,F
0.95,weekday,20,357,0.9859943977591037,0.006219479056869686,F
0.95,all,20,500,0.976,0.006844559883586383,F
0.95,saturday,21,72,0.9444444444444444,0.026995147661320842,F
0.95,sunday,21,71,0.971830985915493,0.019635954637023313,F
0.95,weekday,21,357,0.9915966386554622,0.004831254704963531,F
0.95,all,21,500,0.982,0.005945754788082,F
0.95,saturday,22,72,0.9722222222222222,0.019367130243844344,F
0.95,sunday,22,71,0.971830985915493,0.019635954637023313,F
0.95,weekday,22,357,0.9971988795518207,0.0027971945591467244,F
0.95,all,22,500,0.99,0.0044497190922574,F
0.95,saturday,23,72,0.9861111111111112,0.0137921010275613,F
0.95,sunday,23,71,0.9577464788732394,0.0238741303445037,F
0.95,weekday,23,357,0.988795518207283,0.005570767383855156,F
0.95,all,23,500,0.984,0.00561141693336006,F
0.95,saturday,24,72,1.0,0.0,F
0.95,sunday,24,71,0.9436619718309859,0.027364018409871668,F
0.95,weekday,24,357,0.9859943977591037,0.006219479056869686,F
0.95,all,24,500,0.982,0.005945754788082,F
0.99,saturday,1,72,0.9305555555555556,0.029958747929501813,F
0.99,sunday,1,71,0.9295774647887324,0.030364731614087568,F
0.99,weekday,1,357,0.9355742296918768,0.012993759591228582,F
0.99,all,1,500,0.934,0.01110351295761841,F
0.99,saturday,2,72,0.9861111111111112,0.0137921010275613,F
0.99,sunday,2,71,0.971830985915493,0.019635954637023313,F
0.99,weekday,2,357,0.969187675070028,0.009146018337792855,F
0.99,all,2,500,0.972,0.0073778045514909145,F
0.99,saturday,3,72,0.9861111111111112,0.0137921010275613,F
0.99,sunday,3,71,0.9859154929577465,0.013984968642741166,F
0.99,weekday,3,357,0.9831932773109243,0.006803413371659935,F
0.99,all,3,500,0.984,0.00561141693336006,F
0.99,saturday,4,72,0.9861111111111112,0.0137921010275613,F
0.99,sunday,4,71,0.9859154929577465,0.013984968642741166,F
0.99,weekday,4,357,0.9831932773109243,0.006803413371659935,F
0.99,all,4,500,0.984,0.00561141693336006,F
0.99,saturday,5,72,1.0,0.0,F
0.99,sunday,5,71,0.9859154929577465,0.013984968642741166,F
0.99,weekday,5,357,0.9915966386554622,0.004831254704963531,F
0.99,all,5,500,0.992,0.003983967871356396,F
0.99,saturday,6,72,0.9444444444444444,0.026995147661320842,F
0.99,sunday,6,71,0.9436619718309859,0.027364018409871668,F
0.99,weekday,6,357,0.9971988795518207,0.0027971945591467244,F
0.99,all,6,500,0.982,0.005945754788082,F
0.99,saturday,7,72,0.8611111111111112,0.04075652051309955,F
0.99,sunday,7,71,0.8732394366197183,0.039484766709934636,F
0.99,weekday,7,357,0.9915966386554622,0.004831254704963531,F
0.99,all,7,500,0.956,0.009172131704244116,F
0.99,saturday,8,72,0.9027777777777778,0.03491459057638508,F
0.99,sunday,8,71,0.7887323943661971,0.04844535246297056,F
0.99,weekday,8,357,0.9915966386554622,0.004831254704963531,F
0.99,all,8,500,0.95,0.00974679434480897,F
0.99,saturday,9,72,0.9444444444444444,0.026995147661320842,F
0.99,sunday,9,71,0.8450704225352113,0.04294221526646172,F
0.99,weekday,9,357,0.988795518207283,0.005570767383855156,F
0.99,all,9,500,0.962,0.008550555537507495,F
0.99,saturday,10,72,0.9166666666666666,0.03257233166544049,F
0.99,sunday,10,71,0.9014084507042254,0.03537948313367657,F
0.99,weekday,10,357,0.9859943977591037,0.006219479056869686,F
0.99,all,10,500,0.964,0.008331146379700699,F
0.99,saturday,11,72,0.9305555555555556,0.029958747929501813,F
0.99,sunday,11,71,0.9014084507042254,0.03537948313367657,F
0.99,weekday,11,357,0.9859943977591037,0.006219479056869686,F
0.99,all,11,500,0.966,0.008104813384649892,F
0.99,saturday,12,72,0.9583333333333334,0.023549756885851616,F
0.99,sunday,12,71,0.9295774647887324,0.030364731614087568,F
0.99,weekday,12,357,0.9803921568627451,0.007338050868285495,F
0.99,all,12,500,0.97,0.007628892449104264,F
0.99,saturday,13,72,0.9722222222222222,0.019367130243844344,F
0.99,sunday,13,71,0.9154929577464789,0.03300994345777757,F
0.99,weekday,13,357,0.988795518207283,0.005570767383855156,F
0.99,all,13,500,0.976,0.006844559883586383,F
0.99,saturday,14,72,0.9722222222222222,0.019367130243844344,F
0.99,sunday,14,71,0.9295774647887324,0.030364731614087568,F
0.99,weekday,14,357,0.9915966386554622,0.004831254704963531,F
0.99,all,14,500,0.98,0.006260990336999414,F
0.99,saturday,15,72,0.9722222222222222,0.019367130243844344,F
0.99,sunday,15,71,0.9577464788732394,0.0238741303445037,F
0.99,weekday,15,357,0.9915966386554622,0.004831254704963531,F
0.99,all,15,500,0.984,0.00561141693336006,F
0.99,saturday,16,72,0.9722222222222222,0.019367130243844344,F
0.99,sunday,16,71,0.971830985915493,0.019635954637023313,F
0.99,weekday,16,357,0.9943977591036415,0.003950270633319207,F
0.99,all,16,500,0.988,0.004869496893930627,F
0.99,saturday,17,72,0.9861111111111112,0.0137921010275613,F
0.99,sunday,17,71,0.9859154929577465,0.013984968642741166,F
0.99,weekday,17,357,0.9915966386554622,0.004831254704963531,F
0.99,all,17,500,0.99,0.0044497190922574,F
0.99,saturday,18,72,0.9861111111111112,0.0137921010275613,F
0.99,sunday,18,71,1.0,0.0,F
0.99,weekday,18,357,0.9971988795518207,0.0027971945591467244,F
0.99,all,18,500,0.996,0.002822764602300377,F
0.99,saturday,19,72,1.0,0.0,F
0.99,sunday,19,71,1.0,0.0,F
0.99,weekday,19,357,0.9943977591036415,0.003950270633319207,F
0.99,all,19,500,0.996,0.002822764602300377,F
0.99,saturday,20,72,1.0,0.0,F
0.99,sunday,20,71,1.0,0.0,F
0.99,weekday,20,357,0.9971988795518207,0.0027971945591467244,F
0.99,all,20,500,0.998,0.001997998998998749,F
0.99,saturday,21,72,0.9861111111111112,0.0137921010275613,F
0.99,sunday,21,71,0.971830985915493,0.019635954637023313,F
0.99,weekday,21,357,1.0,0.0,F
0.99,all,21,500,0.994,0.0034536936748935927,F
0.99,saturday,22,72,0.9861111111111112,0.0137921010275613,F
0.99,sunday,22,71,0.9859154929577465,0.013984968642741166,F
0.99,weekday,22,357,1.0,0.0,F
0.99,all,22,500,0.996,0.002822764602300377,F
0.99,saturday,23,72,1.0,0.0,F
0.99,sunday,23,71,0.9859154929577465,0.013984968642741166,F
0.99,weekday,23,357,1.0,0.0,F
0.99,all,23,500,0.998,0.001997998998998749,F
0.99,saturday,24,72,1.0,0.0,F
0.99,sunday,24,71,0.9859154929577465,0.013984968642741166,F
0.99,weekday,24,357,0.9971988795518207,0.0027971945591467244,F
0.99,all,24,500,0.996,0.002822764602300377,F
