datetime,da_forecast_mw,ieso_created_at
2026-02-17 00:00:00,17345.8,2026-02-16T13:31:48
2026-02-17 01:00:00,16814.4,2026-02-16T13:31:48
2026-02-17 02:00:00,16686.9,2026-02-16T13:31:48
2026-02-17 03:00:00,16513.7,2026-02-16T13:31:48
2026-02-17 04:00:00,16656.0,2026-02-16T13:31:48
2026-02-17 05:00:00,18076.7,2026-02-16T13:31:48
2026-02-17 06:00:00,19374.1,2026-02-16T13:31:48
2026-02-17 07:00:00,19735.6,2026-02-16T13:31:48
2026-02-17 08:00:00,19927.7,2026-02-16T13:31:48
2026-02-17 09:00:00,19969.5,2026-02-16T13:31:48
2026-02-17 10:00:00,19993.1,2026-02-16T13:31:48
2026-02-17 11:00:00,19660.0,2026-02-16T13:31:48
2026-02-17 12:00:00,19719.0,2026-02-16T13:31:48
2026-02-17 13:00:00,19679.8,2026-02-16T13:31:48
2026-02-17 14:00:00,19673.7,2026-02-16T13:31:48
2026-02-17 15:00:00,19905.6,2026-02-16T13:31:48
2026-02-17 16:00:00,20636.5,2026-02-16T13:31:48
2026-02-17 17:00:00,20516.4,2026-02-16T13:31:48
2026-02-17 18:00:00,20538.4,2026-02-16T13:31:48
2026-02-17 19:00:00,21064.0,2026-02-16T13:31:48
2026-02-17 20:00:00,20820.6,2026-02-16T13:31:48
2026-02-17 21:00:00,20191.3,2026-02-16T13:31:48
2026-02-17 22:00:00,19406.6,2026-02-16T13:31:48
2026-02-17 23:00:00,19079.1,2026-02-16T13:31:48
2026-02-18 00:00:00,18147.7,2026-02-17T13:31:53
2026-02-18 01:00:00,18005.6,2026-02-17T13:31:53
2026-02-18 02:00:00,17936.5,2026-02-17T13:31:53
2026-02-18 03:00:00,17987.2,2026-02-17T13:31:53
2026-02-18 04:00:00,18274.0,2026-02-17T13:31:53
2026-02-18 05:00:00,19203.3,2026-02-17T13:31:53
2026-02-18 06:00:00,20628.8,2026-02-17T13:31:53
2026-02-18 07:00:00,21741.7,2026-02-17T13:31:53
2026-02-18 08:00:00,21750.8,2026-02-17T13:31:53
2026-02-18 09:00:00,22122.7,2026-02-17T13:31:53
2026-02-18 10:00:00,21954.3,2026-02-17T13:31:53
2026-02-18 11:00:00,21827.9,2026-02-17T13:31:53
2026-02-18 12:00:00,21736.7,2026-02-17T13:31:53
2026-02-18 13:00:00,21865.0,2026-02-17T13:31:53
2026-02-18 14:00:00,21618.1,2026-02-17T13:31:53
2026-02-18 15:00:00,21550.4,2026-02-17T13:31:53
2026-02-18 16:00:00,21650.5,2026-02-17T13:31:53
2026-02-18 17:00:00,21716.3,2026-02-17T13:31:53
2026-02-18 18:00:00,21694.5,2026-02-17T13:31:53
2026-02-18 19:00:00,21576.6,2026-02-17T13:31:53
2026-02-18 20:00:00,21324.4,2026-02-17T13:31:53
2026-02-18 21:00:00,20965.0,2026-02-17T13:31:53
2026-02-18 22:00:00,20475.9,2026-02-17T13:31:53
2026-02-18 23:00:00,19751.2,2026-02-17T13:31:53
2026-02-19 00:00:00,18325.6,2026-02-18T13:31:51
2026-02-19 01:00:00,18274.0,2026-02-18T13:31:51
2026-02-19 02:00:00,18022.2,2026-02-18T13:31:51
2026-02-19 03:00:00,18031.8,2026-02-18T13:31:51
2026-02-19 04:00:00,18209.6,2026-02-18T13:31:51
2026-02-19 05:00:00,19646.4,2026-02-18T13:31:51
2026-02-19 06:00:00,20972.2,2026-02-18T13:31:51
2026-02-19 07:00:00,21465.6,2026-02-18T13:31:51
2026-02-19 08:00:00,21002.3,2026-02-18T13:31:51
2026-02-19 09:00:00,20537.0,2026-02-18T13:31:51
2026-02-19 10:00:00,20234.3,2026-02-18T13:31:51
2026-02-19 11:00:00,19842.7,2026-02-18T13:31:51
2026-02-19 12:00:00,19754.7,2026-02-18T13:31:51
2026-02-19 13:00:00,19713.6,2026-02-18T13:31:51
2026-02-19 14:00:00,19744.8,2026-02-18T13:31:51
2026-02-19 15:00:00,19774.1,2026-02-18T13:31:51
2026-02-19 16:00:00,20634.0,2026-02-18T13:31:51
2026-02-19 17:00:00,21080.0,2026-02-18T13:31:51
2026-02-19 18:00:00,21934.9,2026-02-18T13:31:51
2026-02-19 19:00:00,21808.1,2026-02-18T13:31:51
2026-02-19 20:00:00,21333.4,2026-02-18T13:31:51
2026-02-19 21:00:00,20877.0,2026-02-18T13:31:51
2026-02-19 22:00:00,19915.4,2026-02-18T13:31:51
2026-02-19 23:00:00,19064.2,2026-02-18T13:31:51
2026-02-20 00:00:00,18142.7,2026-02-19T14:31:45
2026-02-20 01:00:00,18134.0,2026-02-19T14:31:45
2026-02-20 02:00:00,18010.4,2026-02-19T14:31:45
2026-02-20 03:00:00,18082.7,2026-02-19T14:31:45
2026-02-20 04:00:00,18467.2,2026-02-19T14:31:45
2026-02-20 05:00:00,19201.0,2026-02-19T14:31:45
2026-02-20 06:00:00,20450.7,2026-02-19T14:31:45
2026-02-20 07:00:00,20979.8,2026-02-19T14:31:45
2026-02-20 08:00:00,21737.9,2026-02-19T14:31:45
2026-02-20 09:00:00,21856.8,2026-02-19T14:31:45
2026-02-20 10:00:00,22080.3,2026-02-19T14:31:45
2026-02-20 11:00:00,21972.9,2026-02-19T14:31:45
2026-02-20 12:00:00,21877.7,2026-02-19T14:31:45
2026-02-20 13:00:00,21791.6,2026-02-19T14:31:45
2026-02-20 14:00:00,21812.7,2026-02-19T14:31:45
2026-02-20 15:00:00,21476.5,2026-02-19T14:31:45
2026-02-20 16:00:00,22167.8,2026-02-19T14:31:45
2026-02-20 17:00:00,22317.9,2026-02-19T14:31:45
2026-02-20 18:00:00,21960.7,2026-02-19T14:31:45
2026-02-20 19:00:00,21907.2,2026-02-19T14:31:45
2026-02-20 20:00:00,21740.7,2026-02-19T14:31:45
2026-02-20 21:00:00,20985.9,2026-02-19T14:31:45
2026-02-20 22:00:00,20329.6,2026-02-19T14:31:45
2026-02-20 23:00:00,19017.1,2026-02-19T14:31:45
2026-02-21 00:00:00,18099.4,2026-02-20T13:31:46
2026-02-21 01:00:00,17933.5,2026-02-20T13:31:46
2026-02-21 02:00:00,17812.0,2026-02-20T13:31:46
2026-02-21 03:00:00,17532.5,2026-02-20T13:31:46
2026-02-21 04:00:00,17660.0,2026-02-20T13:31:46
2026-02-21 05:00:00,18420.4,2026-02-20T13:31:46
2026-02-21 06:00:00,19036.5,2026-02-20T13:31:46
2026-02-21 07:00:00,19092.1,2026-02-20T13:31:46
2026-02-21 08:00:00,19417.4,2026-02-20T13:31:46
2026-02-21 09:00:00,19753.6,2026-02-20T13:31:46
2026-02-21 10:00:00,19850.5,2026-02-20T13:31:46
2026-02-21 11:00:00,19836.8,2026-02-20T13:31:46
2026-02-21 12:00:00,19546.2,2026-02-20T13:31:46
2026-02-21 13:00:00,19407.6,2026-02-20T13:31:46
2026-02-21 14:00:00,19980.4,2026-02-20T13:31:46
2026-02-21 15:00:00,19875.3,2026-02-20T13:31:46
2026-02-21 16:00:00,20787.8,2026-02-20T13:31:46
2026-02-21 17:00:00,21217.8,2026-02-20T13:31:46
2026-02-21 18:00:00,21284.6,2026-02-20T13:31:46
2026-02-21 19:00:00,21085.3,2026-02-20T13:31:46
2026-02-21 20:00:00,20615.3,2026-02-20T13:31:46
2026-02-21 21:00:00,20126.9,2026-02-20T13:31:46
2026-02-21 22:00:00,19413.8,2026-02-20T13:31:46
2026-02-21 23:00:00,18842.1,2026-02-20T13:31:46
2026-02-22 00:00:00,18046.0,2026-02-21T13:31:46
2026-02-22 01:00:00,17962.2,2026-02-21T13:31:46
2026-02-22 02:00:00,17749.0,2026-02-21T13:31:46
2026-02-22 03:00:00,17520.8,2026-02-21T13:31:46
2026-02-22 04:00:00,17521.2,2026-02-21T13:31:46
2026-02-22 05:00:00,18252.7,2026-02-21T13:31:46
2026-02-22 06:00:00,18430.8,2026-02-21T13:31:46
2026-02-22 07:00:00,18745.2,2026-02-21T13:31:46
2026-02-22 08:00:00,19387.9,2026-02-21T13:31:46
2026-02-22 09:00:00,19855.9,2026-02-21T13:31:46
2026-02-22 10:00:00,20129.8,2026-02-21T13:31:46
2026-02-22 11:00:00,20042.6,2026-02-21T13:31:46
2026-02-22 12:00:00,20232.8,2026-02-21T13:31:46
2026-02-22 13:00:00,20291.4,2026-02-21T13:31:46
2026-02-22 14:00:00,20444.6,2026-02-21T13:31:46
2026-02-22 15:00:00,20562.8,2026-02-21T13:31:46
2026-02-22 16:00:00,21208.3,2026-02-21T13:31:46
2026-02-22 17:00:00,21360.8,2026-02-21T13:31:46
2026-02-22 18:00:00,21640.0,2026-02-21T13:31:46
2026-02-22 19:00:00,21455.1,2026-02-21T13:31:46
2026-02-22 20:00:00,21433.4,2026-02-21T13:31:46
2026-02-22 21:00:00,20981.8,2026-02-21T13:31:46
2026-02-22 22:00:00,19876.8,2026-02-21T13:31:46
2026-02-22 23:00:00,19270.6,2026-02-21T13:31:46
2026-02-23 00:00:00,18050.1,2026-02-22T13:31:52
2026-02-23 01:00:00,18157.8,2026-02-22T13:31:52
2026-02-23 02:00:00,18004.2,2026-02-22T13:31:52
2026-02-23 03:00:00,18077.0,2026-02-22T13:31:52
2026-02-23 04:00:00,18680.7,2026-02-22T13:31:52
2026-02-23 05:00:00,19900.2,2026-02-22T13:31:52
2026-02-23 06:00:00,21253.3,2026-02-22T13:31:52
2026-02-23 07:00:00,22831.5,2026-02-22T13:31:52
2026-02-23 08:00:00,22841.2,2026-02-22T13:31:52
2026-02-23 09:00:00,22530.1,2026-02-22T13:31:52
2026-02-23 10:00:00,22407.5,2026-02-22T13:31:52
2026-02-23 11:00:00,22075.8,2026-02-22T13:31:52
2026-02-23 12:00:00,21859.2,2026-02-22T13:31:52
2026-02-23 13:00:00,21798.3,2026-02-22T13:31:52
2026-02-23 14:00:00,21726.3,2026-02-22T13:31:52
2026-02-23 15:00:00,21898.3,2026-02-22T13:31:52
2026-02-23 16:00:00,22661.1,2026-02-22T13:31:52
2026-02-23 17:00:00,22737.8,2026-02-22T13:31:52
2026-02-23 18:00:00,22706.1,2026-02-22T13:31:52
2026-02-23 19:00:00,22402.6,2026-02-22T13:31:52
2026-02-23 20:00:00,21810.9,2026-02-22T13:31:52
2026-02-23 21:00:00,20839.9,2026-02-22T13:31:52
2026-02-23 22:00:00,20232.8,2026-02-22T13:31:52
2026-02-23 23:00:00,19753.1,2026-02-22T13:31:52
2026-02-24 00:00:00,19576.3,2026-02-23T13:31:49
2026-02-24 01:00:00,19527.5,2026-02-23T13:31:49
2026-02-24 02:00:00,19443.7,2026-02-23T13:31:49
2026-02-24 03:00:00,19292.8,2026-02-23T13:31:49
2026-02-24 04:00:00,19483.4,2026-02-23T13:31:49
2026-02-24 05:00:00,20025.4,2026-02-23T13:31:49
2026-02-24 06:00:00,20968.7,2026-02-23T13:31:49
2026-02-24 07:00:00,21664.6,2026-02-23T13:31:49
2026-02-24 08:00:00,21693.4,2026-02-23T13:31:49
2026-02-24 09:00:00,21103.0,2026-02-23T13:31:49
2026-02-24 10:00:00,21073.7,2026-02-23T13:31:49
2026-02-24 11:00:00,20985.4,2026-02-23T13:31:49
2026-02-24 12:00:00,20949.0,2026-02-23T13:31:49
2026-02-24 13:00:00,21151.2,2026-02-23T13:31:49
2026-02-24 14:00:00,21626.4,2026-02-23T13:31:49
2026-02-24 15:00:00,21656.4,2026-02-23T13:31:49
2026-02-24 16:00:00,22121.9,2026-02-23T13:31:49
2026-02-24 17:00:00,23344.7,2026-02-23T13:31:49
2026-02-24 18:00:00,23446.2,2026-02-23T13:31:49
2026-02-24 19:00:00,23146.8,2026-02-23T13:31:49
2026-02-24 20:00:00,22826.5,2026-02-23T13:31:49
2026-02-24 21:00:00,22063.5,2026-02-23T13:31:49
2026-02-24 22:00:00,21555.7,2026-02-23T13:31:49
2026-02-24 23:00:00,20672.3,2026-02-23T13:31:49
2026-02-25 00:00:00,19218.3,2026-02-24T13:31:54
2026-02-25 01:00:00,18932.5,2026-02-24T13:31:54
2026-02-25 02:00:00,18756.6,2026-02-24T13:31:54
2026-02-25 03:00:00,18661.6,2026-02-24T13:31:54
2026-02-25 04:00:00,18814.0,2026-02-24T13:31:54
2026-02-25 05:00:00,19992.0,2026-02-24T13:31:54
2026-02-25 06:00:00,21303.1,2026-02-24T13:31:54
2026-02-25 07:00:00,22214.0,2026-02-24T13:31:54
2026-02-25 08:00:00,22012.4,2026-02-24T13:31:54
2026-02-25 09:00:00,21892.5,2026-02-24T13:31:54
2026-02-25 10:00:00,21725.9,2026-02-24T13:31:54
2026-02-25 11:00:00,21397.2,2026-02-24T13:31:54
2026-02-25 12:00:00,21406.5,2026-02-24T13:31:54
2026-02-25 13:00:00,21464.2,2026-02-24T13:31:54
2026-02-25 14:00:00,21491.6,2026-02-24T13:31:54
2026-02-25 15:00:00,21702.6,2026-02-24T13:31:54
2026-02-25 16:00:00,21896.4,2026-02-24T13:31:54
2026-02-25 17:00:00,22428.5,2026-02-24T13:31:54
2026-02-25 18:00:00,22208.8,2026-02-24T13:31:54
2026-02-25 19:00:00,22085.4,2026-02-24T13:31:54
2026-02-25 20:00:00,21939.9,2026-02-24T13:31:54
2026-02-25 21:00:00,21051.6,2026-02-24T13:31:54
2026-02-25 22:00:00,21008.3,2026-02-24T13:31:54
2026-02-25 23:00:00,20073.7,2026-02-24T13:31:54
2026-02-26 00:00:00,18669.2,2026-02-25T13:31:50
2026-02-26 01:00:00,18397.8,2026-02-25T13:31:50
2026-02-26 02:00:00,18468.8,2026-02-25T13:31:50
2026-02-26 03:00:00,18639.1,2026-02-25T13:31:50
2026-02-26 04:00:00,18992.1,2026-02-25T13:31:50
2026-02-26 05:00:00,19916.5,2026-02-25T13:31:50
2026-02-26 06:00:00,20455.5,2026-02-25T13:31:50
2026-02-26 07:00:00,20835.9,2026-02-25T13:31:50
2026-02-26 08:00:00,20982.3,2026-02-25T13:31:50
2026-02-26 09:00:00,20533.7,2026-02-25T13:31:50
2026-02-26 10:00:00,20550.8,2026-02-25T13:31:50
2026-02-26 11:00:00,20317.7,2026-02-25T13:31:50
2026-02-26 12:00:00,20227.1,2026-02-25T13:31:50
2026-02-26 13:00:00,20205.7,2026-02-25T13:31:50
2026-02-26 14:00:00,20123.1,2026-02-25T13:31:50
2026-02-26 15:00:00,20178.9,2026-02-25T13:31:50
2026-02-26 16:00:00,20979.9,2026-02-25T13:31:50
2026-02-26 17:00:00,21173.1,2026-02-25T13:31:50
2026-02-26 18:00:00,21499.5,2026-02-25T13:31:50
2026-02-26 19:00:00,21715.2,2026-02-25T13:31:50
2026-02-26 20:00:00,21533.7,2026-02-25T13:31:50
2026-02-26 21:00:00,20760.5,2026-02-25T13:31:50
2026-02-26 22:00:00,20186.1,2026-02-25T13:31:50
2026-02-26 23:00:00,19636.8,2026-02-25T13:31:50
2026-02-27 00:00:00,18933.2,2026-02-26T13:32:00
2026-02-27 01:00:00,18653.3,2026-02-26T13:32:00
2026-02-27 02:00:00,18498.7,2026-02-26T13:32:00
2026-02-27 03:00:00,18432.6,2026-02-26T13:32:00
2026-02-27 04:00:00,19082.2,2026-02-26T13:32:00
2026-02-27 05:00:00,20121.9,2026-02-26T13:32:00
2026-02-27 06:00:00,20968.8,2026-02-26T13:32:00
2026-02-27 07:00:00,21048.4,2026-02-26T13:32:00
2026-02-27 08:00:00,20783.9,2026-02-26T13:32:00
2026-02-27 09:00:00,20507.0,2026-02-26T13:32:00
2026-02-27 10:00:00,20081.9,2026-02-26T13:32:00
2026-02-27 11:00:00,19751.1,2026-02-26T13:32:00
2026-02-27 12:00:00,19365.1,2026-02-26T13:32:00
2026-02-27 13:00:00,19582.6,2026-02-26T13:32:00
2026-02-27 14:00:00,19711.9,2026-02-26T13:32:00
2026-02-27 15:00:00,19902.8,2026-02-26T13:32:00
2026-02-27 16:00:00,20486.9,2026-02-26T13:32:00
2026-02-27 17:00:00,21151.4,2026-02-26T13:32:00
2026-02-27 18:00:00,21317.1,2026-02-26T13:32:00
2026-02-27 19:00:00,21694.8,2026-02-26T13:32:00
2026-02-27 20:00:00,21099.7,2026-02-26T13:32:00
2026-02-27 21:00:00,20704.2,2026-02-26T13:32:00
2026-02-27 22:00:00,19868.1,2026-02-26T13:32:00
2026-02-27 23:00:00,18917.8,2026-02-26T13:32:00
2026-02-28 00:00:00,17874.7,2026-02-27T13:31:48
2026-02-28 01:00:00,17553.8,2026-02-27T13:31:48
2026-02-28 02:00:00,17070.1,2026-02-27T13:31:48
2026-02-28 03:00:00,17227.7,2026-02-27T13:31:48
2026-02-28 04:00:00,17162.5,2026-02-27T13:31:48
2026-02-28 05:00:00,17636.1,2026-02-27T13:31:48
2026-02-28 06:00:00,18065.6,2026-02-27T13:31:48
2026-02-28 07:00:00,18603.4,2026-02-27T13:31:48
2026-02-28 08:00:00,18408.8,2026-02-27T13:31:48
2026-02-28 09:00:00,18348.7,2026-02-27T13:31:48
2026-02-28 10:00:00,18209.4,2026-02-27T13:31:48
2026-02-28 11:00:00,18056.2,2026-02-27T13:31:48
2026-02-28 12:00:00,17955.7,2026-02-27T13:31:48
2026-02-28 13:00:00,18108.0,2026-02-27T13:31:48
2026-02-28 14:00:00,18019.6,2026-02-27T13:31:48
2026-02-28 15:00:00,18108.6,2026-02-27T13:31:48
2026-02-28 16:00:00,19019.0,2026-02-27T13:31:48
2026-02-28 17:00:00,20105.8,2026-02-27T13:31:48
2026-02-28 18:00:00,20449.1,2026-02-27T13:31:48
2026-02-28 19:00:00,20195.3,2026-02-27T13:31:48
2026-02-28 20:00:00,20085.8,2026-02-27T13:31:48
2026-02-28 21:00:00,19912.2,2026-02-27T13:31:48
2026-02-28 22:00:00,19375.8,2026-02-27T13:31:48
2026-02-28 23:00:00,18850.3,2026-02-27T13:31:48
2026-03-01 00:00:00,17946.2,2026-02-28T13:31:52
2026-03-01 01:00:00,18127.4,2026-02-28T13:31:52
2026-03-01 02:00:00,17718.0,2026-02-28T13:31:52
2026-03-01 03:00:00,17436.3,2026-02-28T13:31:52
2026-03-01 04:00:00,17422.4,2026-02-28T13:31:52
2026-03-01 05:00:00,18272.8,2026-02-28T13:31:52
2026-03-01 06:00:00,18524.3,2026-02-28T13:31:52
2026-03-01 07:00:00,18774.3,2026-02-28T13:31:52
2026-03-01 08:00:00,18975.3,2026-02-28T13:31:52
2026-03-01 09:00:00,18970.7,2026-02-28T13:31:52
2026-03-01 10:00:00,19312.5,2026-02-28T13:31:52
2026-03-01 11:00:00,19062.8,2026-02-28T13:31:52
2026-03-01 12:00:00,19180.0,2026-02-28T13:31:52
2026-03-01 13:00:00,18938.8,2026-02-28T13:31:52
2026-03-01 14:00:00,19047.2,2026-02-28T13:31:52
2026-03-01 15:00:00,19153.2,2026-02-28T13:31:52
2026-03-01 16:00:00,20224.9,2026-02-28T13:31:52
2026-03-01 17:00:00,21056.5,2026-02-28T13:31:52
2026-03-01 18:00:00,21373.8,2026-02-28T13:31:52
2026-03-01 19:00:00,21223.6,2026-02-28T13:31:52
2026-03-01 20:00:00,20834.9,2026-02-28T13:31:52
2026-03-01 21:00:00,20895.4,2026-02-28T13:31:52
2026-03-01 22:00:00,19991.9,2026-02-28T13:31:52
2026-03-01 23:00:00,19628.2,2026-02-28T13:31:52
2026-03-02 00:00:00,19525.1,2026-03-01T13:31:51
2026-03-02 01:00:00,19490.2,2026-03-01T13:31:51
2026-03-02 02:00:00,19388.4,2026-03-01T13:31:51
2026-03-02 03:00:00,19424.7,2026-03-01T13:31:51
2026-03-02 04:00:00,19571.5,2026-03-01T13:31:51
2026-03-02 05:00:00,20344.7,2026-03-01T13:31:51
2026-03-02 06:00:00,21827.1,2026-03-01T13:31:51
2026-03-02 07:00:00,22147.6,2026-03-01T13:31:51
2026-03-02 08:00:00,21561.0,2026-03-01T13:31:51
2026-03-02 09:00:00,20699.7,2026-03-01T13:31:51
2026-03-02 10:00:00,20296.0,2026-03-01T13:31:51
2026-03-02 11:00:00,20171.8,2026-03-01T13:31:51
2026-03-02 12:00:00,20129.8,2026-03-01T13:31:51
2026-03-02 13:00:00,19737.7,2026-03-01T13:31:51
2026-03-02 14:00:00,19802.2,2026-03-01T13:31:51
2026-03-02 15:00:00,20210.3,2026-03-01T13:31:51
2026-03-02 16:00:00,21406.3,2026-03-01T13:31:51
2026-03-02 17:00:00,22284.4,2026-03-01T13:31:51
2026-03-02 18:00:00,22849.6,2026-03-01T13:31:51
2026-03-02 19:00:00,22704.4,2026-03-01T13:31:51
2026-03-02 20:00:00,22110.2,2026-03-01T13:31:51
2026-03-02 21:00:00,21119.1,2026-03-01T13:31:51
2026-03-02 22:00:00,20463.3,2026-03-01T13:31:51
2026-03-02 23:00:00,20202.4,2026-03-01T13:31:51
2026-03-03 00:00:00,19321.5,2026-03-02T13:31:58
2026-03-03 01:00:00,18906.1,2026-03-02T13:31:58
2026-03-03 02:00:00,18780.8,2026-03-02T13:31:58
2026-03-03 03:00:00,18770.4,2026-03-02T13:31:58
2026-03-03 04:00:00,18815.3,2026-03-02T13:31:58
2026-03-03 05:00:00,19672.7,2026-03-02T13:31:58
2026-03-03 06:00:00,20934.2,2026-03-02T13:31:58
2026-03-03 07:00:00,20651.6,2026-03-02T13:31:58
2026-03-03 08:00:00,20594.4,2026-03-02T13:31:58
2026-03-03 09:00:00,20609.5,2026-03-02T13:31:58
2026-03-03 10:00:00,20236.5,2026-03-02T13:31:58
2026-03-03 11:00:00,20156.5,2026-03-02T13:31:58
2026-03-03 12:00:00,20243.9,2026-03-02T13:31:58
2026-03-03 13:00:00,20188.5,2026-03-02T13:31:58
2026-03-03 14:00:00,20210.1,2026-03-02T13:31:58
2026-03-03 15:00:00,20096.0,2026-03-02T13:31:58
2026-03-03 16:00:00,20511.6,2026-03-02T13:31:58
2026-03-03 17:00:00,20837.5,2026-03-02T13:31:58
2026-03-03 18:00:00,20969.6,2026-03-02T13:31:58
2026-03-03 19:00:00,20773.4,2026-03-02T13:31:58
2026-03-03 20:00:00,20492.1,2026-03-02T13:31:58
2026-03-03 21:00:00,19980.7,2026-03-02T13:31:58
2026-03-03 22:00:00,19506.2,2026-03-02T13:31:58
2026-03-03 23:00:00,19320.5,2026-03-02T13:31:58
2026-03-04 00:00:00,17768.7,2026-03-03T13:31:51
2026-03-04 01:00:00,17733.5,2026-03-03T13:31:51
2026-03-04 02:00:00,17685.8,2026-03-03T13:31:51
2026-03-04 03:00:00,17602.5,2026-03-03T13:31:51
2026-03-04 04:00:00,17797.2,2026-03-03T13:31:51
2026-03-04 05:00:00,18950.2,2026-03-03T13:31:51
2026-03-04 06:00:00,19661.1,2026-03-03T13:31:51
2026-03-04 07:00:00,19863.7,2026-03-03T13:31:51
2026-03-04 08:00:00,19879.1,2026-03-03T13:31:51
2026-03-04 09:00:00,19675.7,2026-03-03T13:31:51
2026-03-04 10:00:00,19134.0,2026-03-03T13:31:51
2026-03-04 11:00:00,18814.0,2026-03-03T13:31:51
2026-03-04 12:00:00,18396.5,2026-03-03T13:31:51
2026-03-04 13:00:00,18456.6,2026-03-03T13:31:51
2026-03-04 14:00:00,18434.2,2026-03-03T13:31:51
2026-03-04 15:00:00,18625.1,2026-03-03T13:31:51
2026-03-04 16:00:00,19666.8,2026-03-03T13:31:51
2026-03-04 17:00:00,20056.3,2026-03-03T13:31:51
2026-03-04 18:00:00,20429.7,2026-03-03T13:31:51
2026-03-04 19:00:00,20246.0,2026-03-03T13:31:51
2026-03-04 20:00:00,20169.9,2026-03-03T13:31:51
2026-03-04 21:00:00,19419.6,2026-03-03T13:31:51
2026-03-04 22:00:00,19255.6,2026-03-03T13:31:51
2026-03-04 23:00:00,18115.5,2026-03-03T13:31:51
2026-03-05 00:00:00,17566.8,2026-03-04T13:32:10
2026-03-05 01:00:00,17619.0,2026-03-04T13:32:10
2026-03-05 02:00:00,17544.3,2026-03-04T13:32:10
2026-03-05 03:00:00,17750.5,2026-03-04T13:32:10
2026-03-05 04:00:00,17991.0,2026-03-04T13:32:10
2026-03-05 05:00:00,19264.0,2026-03-04T13:32:10
2026-03-05 06:00:00,20301.2,2026-03-04T13:32:10
2026-03-05 07:00:00,21135.2,2026-03-04T13:32:10
2026-03-05 08:00:00,21051.0,2026-03-04T13:32:10
2026-03-05 09:00:00,20925.2,2026-03-04T13:32:10
2026-03-05 10:00:00,20699.9,2026-03-04T13:32:10
2026-03-05 11:00:00,20679.3,2026-03-04T13:32:10
2026-03-05 12:00:00,20694.1,2026-03-04T13:32:10
2026-03-05 13:00:00,20775.2,2026-03-04T13:32:10
2026-03-05 14:00:00,20688.4,2026-03-04T13:32:10
2026-03-05 15:00:00,20633.4,2026-03-04T13:32:10
2026-03-05 16:00:00,21348.6,2026-03-04T13:32:10
2026-03-05 17:00:00,21547.2,2026-03-04T13:32:10
2026-03-05 18:00:00,21460.2,2026-03-04T13:32:10
2026-03-05 19:00:00,21312.9,2026-03-04T13:32:10
2026-03-05 20:00:00,21102.3,2026-03-04T13:32:10
2026-03-05 21:00:00,20752.5,2026-03-04T13:32:10
2026-03-05 22:00:00,19598.7,2026-03-04T13:32:10
2026-03-05 23:00:00,18679.8,2026-03-04T13:32:10
2026-03-06 00:00:00,17689.3,2026-03-05T13:31:47
2026-03-06 01:00:00,17332.8,2026-03-05T13:31:47
2026-03-06 02:00:00,17164.1,2026-03-05T13:31:47
2026-03-06 03:00:00,17084.9,2026-03-05T13:31:47
2026-03-06 04:00:00,17676.1,2026-03-05T13:31:47
2026-03-06 05:00:00,18780.9,2026-03-05T13:31:47
2026-03-06 06:00:00,19703.7,2026-03-05T13:31:47
2026-03-06 07:00:00,20253.7,2026-03-05T13:31:47
2026-03-06 08:00:00,20584.0,2026-03-05T13:31:47
2026-03-06 09:00:00,20564.7,2026-03-05T13:31:47
2026-03-06 10:00:00,20466.3,2026-03-05T13:31:47
2026-03-06 11:00:00,20295.7,2026-03-05T13:31:47
2026-03-06 12:00:00,20248.0,2026-03-05T13:31:47
2026-03-06 13:00:00,20094.4,2026-03-05T13:31:47
2026-03-06 14:00:00,19870.6,2026-03-05T13:31:47
2026-03-06 15:00:00,19936.8,2026-03-05T13:31:47
2026-03-06 16:00:00,20118.0,2026-03-05T13:31:47
2026-03-06 17:00:00,20849.3,2026-03-05T13:31:47
2026-03-06 18:00:00,21123.0,2026-03-05T13:31:47
2026-03-06 19:00:00,20752.0,2026-03-05T13:31:47
2026-03-06 20:00:00,20188.7,2026-03-05T13:31:47
2026-03-06 21:00:00,19738.3,2026-03-05T13:31:47
2026-03-06 22:00:00,18827.7,2026-03-05T13:31:47
2026-03-06 23:00:00,18518.6,2026-03-05T13:31:47
2026-03-07 00:00:00,17790.6,2026-03-06T13:31:46
2026-03-07 01:00:00,17388.3,2026-03-06T13:31:46
2026-03-07 02:00:00,17319.3,2026-03-06T13:31:46
2026-03-07 03:00:00,17115.7,2026-03-06T13:31:46
2026-03-07 04:00:00,17044.4,2026-03-06T13:31:46
2026-03-07 05:00:00,17329.6,2026-03-06T13:31:46
2026-03-07 06:00:00,17646.2,2026-03-06T13:31:46
2026-03-07 07:00:00,17595.5,2026-03-06T13:31:46
2026-03-07 08:00:00,17893.7,2026-03-06T13:31:46
2026-03-07 09:00:00,18158.2,2026-03-06T13:31:46
2026-03-07 10:00:00,18128.8,2026-03-06T13:31:46
2026-03-07 11:00:00,18078.4,2026-03-06T13:31:46
2026-03-07 12:00:00,18004.3,2026-03-06T13:31:46
2026-03-07 13:00:00,18225.9,2026-03-06T13:31:46
2026-03-07 14:00:00,18272.0,2026-03-06T13:31:46
2026-03-07 15:00:00,18228.2,2026-03-06T13:31:46
2026-03-07 16:00:00,18390.1,2026-03-06T13:31:46
2026-03-07 17:00:00,18794.9,2026-03-06T13:31:46
2026-03-07 18:00:00,18899.1,2026-03-06T13:31:46
2026-03-07 19:00:00,18482.7,2026-03-06T13:31:46
2026-03-07 20:00:00,18199.0,2026-03-06T13:31:46
2026-03-07 21:00:00,17807.8,2026-03-06T13:31:46
2026-03-07 22:00:00,17381.2,2026-03-06T13:31:46
2026-03-07 23:00:00,16467.9,2026-03-06T13:31:46
2026-03-08 00:00:00,16705.2,2026-03-07T13:31:58
2026-03-08 01:00:00,16386.9,2026-03-07T13:31:58
2026-03-08 02:00:00,15930.2,2026-03-07T13:31:58
2026-03-08 03:00:00,16090.4,2026-03-07T13:31:58
2026-03-08 04:00:00,16086.5,2026-03-07T13:31:58
2026-03-08 05:00:00,16266.1,2026-03-07T13:31:58
2026-03-08 06:00:00,16153.1,2026-03-07T13:31:58
2026-03-08 07:00:00,16324.6,2026-03-07T13:31:58
2026-03-08 08:00:00,16526.3,2026-03-07T13:31:58
2026-03-08 09:00:00,17044.5,2026-03-07T13:31:58
2026-03-08 10:00:00,17457.2,2026-03-07T13:31:58
2026-03-08 11:00:00,17643.5,2026-03-07T13:31:58
2026-03-08 12:00:00,17789.0,2026-03-07T13:31:58
2026-03-08 13:00:00,17549.7,2026-03-07T13:31:58
2026-03-08 14:00:00,17474.3,2026-03-07T13:31:58
2026-03-08 15:00:00,17881.4,2026-03-07T13:31:58
2026-03-08 16:00:00,17960.1,2026-03-07T13:31:58
2026-03-08 17:00:00,18132.7,2026-03-07T13:31:58
2026-03-08 18:00:00,18321.6,2026-03-07T13:31:58
2026-03-08 19:00:00,17958.8,2026-03-07T13:31:58
2026-03-08 20:00:00,17495.4,2026-03-07T13:31:58
2026-03-08 21:00:00,17487.9,2026-03-07T13:31:58
2026-03-08 22:00:00,16946.7,2026-03-07T13:31:58
2026-03-08 23:00:00,16939.7,2026-03-07T13:31:58
2026-03-09 00:00:00,17437.5,2026-03-08T12:31:45
2026-03-09 01:00:00,17721.2,2026-03-08T12:31:45
2026-03-09 02:00:00,17670.7,2026-03-08T12:31:45
2026-03-09 03:00:00,17457.8,2026-03-08T12:31:45
2026-03-09 04:00:00,17839.8,2026-03-08T12:31:45
2026-03-09 05:00:00,18217.2,2026-03-08T12:31:45
2026-03-09 06:00:00,18655.8,2026-03-08T12:31:45
2026-03-09 07:00:00,18604.8,2026-03-08T12:31:45
2026-03-09 08:00:00,18249.4,2026-03-08T12:31:45
2026-03-09 09:00:00,18270.6,2026-03-08T12:31:45
2026-03-09 10:00:00,18256.2,2026-03-08T12:31:45
2026-03-09 11:00:00,18136.9,2026-03-08T12:31:45
2026-03-09 12:00:00,17878.4,2026-03-08T12:31:45
2026-03-09 13:00:00,17712.2,2026-03-08T12:31:45
2026-03-09 14:00:00,17887.7,2026-03-08T12:31:45
2026-03-09 15:00:00,18057.9,2026-03-08T12:31:45
2026-03-09 16:00:00,18611.3,2026-03-08T12:31:45
2026-03-09 17:00:00,18893.0,2026-03-08T12:31:45
2026-03-09 18:00:00,19111.1,2026-03-08T12:31:45
2026-03-09 19:00:00,18750.9,2026-03-08T12:31:45
2026-03-09 20:00:00,18106.2,2026-03-08T12:31:45
2026-03-09 21:00:00,17177.8,2026-03-08T12:31:45
2026-03-09 22:00:00,16411.6,2026-03-08T12:31:45
2026-03-09 23:00:00,15835.0,2026-03-08T12:31:45
2026-03-10 00:00:00,15362.2,2026-03-09T12:31:57
2026-03-10 01:00:00,15254.9,2026-03-09T12:31:57
2026-03-10 02:00:00,15097.8,2026-03-09T12:31:57
2026-03-10 03:00:00,15171.5,2026-03-09T12:31:57
2026-03-10 04:00:00,15404.0,2026-03-09T12:31:57
2026-03-10 05:00:00,17099.0,2026-03-09T12:31:57
2026-03-10 06:00:00,18172.3,2026-03-09T12:31:57
2026-03-10 07:00:00,18403.6,2026-03-09T12:31:57
2026-03-10 08:00:00,18236.8,2026-03-09T12:31:57
2026-03-10 09:00:00,17808.5,2026-03-09T12:31:57
2026-03-10 10:00:00,17609.7,2026-03-09T12:31:57
2026-03-10 11:00:00,17578.7,2026-03-09T12:31:57
2026-03-10 12:00:00,17496.8,2026-03-09T12:31:57
2026-03-10 13:00:00,17797.2,2026-03-09T12:31:57
2026-03-10 14:00:00,17850.5,2026-03-09T12:31:57
2026-03-10 15:00:00,18302.3,2026-03-09T12:31:57
2026-03-10 16:00:00,18863.7,2026-03-09T12:31:57
2026-03-10 17:00:00,18799.9,2026-03-09T12:31:57
2026-03-10 18:00:00,19290.4,2026-03-09T12:31:57
2026-03-10 19:00:00,18825.8,2026-03-09T12:31:57
2026-03-10 20:00:00,18440.8,2026-03-09T12:31:57
2026-03-10 21:00:00,17547.9,2026-03-09T12:31:57
2026-03-10 22:00:00,16900.5,2026-03-09T12:31:57
2026-03-10 23:00:00,15887.8,2026-03-09T12:31:57
2026-03-11 00:00:00,16450.0,2026-03-10T12:31:46
2026-03-11 01:00:00,16646.1,2026-03-10T12:31:46
2026-03-11 02:00:00,16550.6,2026-03-10T12:31:46
2026-03-11 03:00:00,16534.8,2026-03-10T12:31:46
2026-03-11 04:00:00,16826.6,2026-03-10T12:31:46
2026-03-11 05:00:00,18481.1,2026-03-10T12:31:46
2026-03-11 06:00:00,19585.1,2026-03-10T12:31:46
2026-03-11 07:00:00,19707.3,2026-03-10T12:31:46
2026-03-11 08:00:00,19425.5,2026-03-10T12:31:46
2026-03-11 09:00:00,19265.4,2026-03-10T12:31:46
2026-03-11 10:00:00,19365.6,2026-03-10T12:31:46
2026-03-11 11:00:00,19064.1,2026-03-10T12:31:46
2026-03-11 12:00:00,18803.8,2026-03-10T12:31:46
2026-03-11 13:00:00,18687.9,2026-03-10T12:31:46
2026-03-11 14:00:00,18615.9,2026-03-10T12:31:46
2026-03-11 15:00:00,19137.7,2026-03-10T12:31:46
2026-03-11 16:00:00,19571.4,2026-03-10T12:31:46
2026-03-11 17:00:00,19800.1,2026-03-10T12:31:46
2026-03-11 18:00:00,20232.3,2026-03-10T12:31:46
2026-03-11 19:00:00,20265.6,2026-03-10T12:31:46
2026-03-11 20:00:00,19465.9,2026-03-10T12:31:46
2026-03-11 21:00:00,18367.5,2026-03-10T12:31:46
2026-03-11 22:00:00,17550.1,2026-03-10T12:31:46
2026-03-11 23:00:00,17240.2,2026-03-10T12:31:46
2026-03-12 00:00:00,17627.5,2026-03-11T12:31:49
2026-03-12 01:00:00,17582.4,2026-03-11T12:31:49
2026-03-12 02:00:00,17200.4,2026-03-11T12:31:49
2026-03-12 03:00:00,17330.4,2026-03-11T12:31:49
2026-03-12 04:00:00,17547.8,2026-03-11T12:31:49
2026-03-12 05:00:00,18864.5,2026-03-11T12:31:49
2026-03-12 06:00:00,19838.5,2026-03-11T12:31:49
2026-03-12 07:00:00,20103.6,2026-03-11T12:31:49
2026-03-12 08:00:00,19904.2,2026-03-11T12:31:49
2026-03-12 09:00:00,19432.7,2026-03-11T12:31:49
2026-03-12 10:00:00,19083.7,2026-03-11T12:31:49
2026-03-12 11:00:00,18645.4,2026-03-11T12:31:49
2026-03-12 12:00:00,18310.6,2026-03-11T12:31:49
2026-03-12 13:00:00,18221.4,2026-03-11T12:31:49
2026-03-12 14:00:00,18518.2,2026-03-11T12:31:49
2026-03-12 15:00:00,18823.5,2026-03-11T12:31:49
2026-03-12 16:00:00,20238.5,2026-03-11T12:31:49
2026-03-12 17:00:00,20489.3,2026-03-11T12:31:49
2026-03-12 18:00:00,20400.0,2026-03-11T12:31:49
2026-03-12 19:00:00,20347.3,2026-03-11T12:31:49
2026-03-12 20:00:00,19665.3,2026-03-11T12:31:49
2026-03-12 21:00:00,19035.9,2026-03-11T12:31:49
2026-03-12 22:00:00,18207.9,2026-03-11T12:31:49
2026-03-12 23:00:00,17067.6,2026-03-11T12:31:49
2026-03-13 00:00:00,17033.8,2026-03-12T12:31:42
2026-03-13 01:00:00,16703.7,2026-03-12T12:31:42
2026-03-13 02:00:00,16691.4,2026-03-12T12:31:42
2026-03-13 03:00:00,17339.0,2026-03-12T12:31:42
2026-03-13 04:00:00,18077.6,2026-03-12T12:31:42
2026-03-13 05:00:00,19662.2,2026-03-12T12:31:42
2026-03-13 06:00:00,20838.0,2026-03-12T12:31:42
2026-03-13 07:00:00,21166.8,2026-03-12T12:31:42
2026-03-13 08:00:00,20913.3,2026-03-12T12:31:42
2026-03-13 09:00:00,20464.0,2026-03-12T12:31:42
2026-03-13 10:00:00,20120.4,2026-03-12T12:31:42
2026-03-13 11:00:00,20069.5,2026-03-12T12:31:42
2026-03-13 12:00:00,20002.1,2026-03-12T12:31:42
2026-03-13 13:00:00,19756.1,2026-03-12T12:31:42
2026-03-13 14:00:00,19695.8,2026-03-12T12:31:42
2026-03-13 15:00:00,20216.6,2026-03-12T12:31:42
2026-03-13 16:00:00,20608.6,2026-03-12T12:31:42
2026-03-13 17:00:00,21011.0,2026-03-12T12:31:42
2026-03-13 18:00:00,21289.5,2026-03-12T12:31:42
2026-03-13 19:00:00,21176.9,2026-03-12T12:31:42
2026-03-13 20:00:00,20583.9,2026-03-12T12:31:42
2026-03-13 21:00:00,19515.7,2026-03-12T12:31:42
2026-03-13 22:00:00,18873.0,2026-03-12T12:31:42
2026-03-13 23:00:00,18119.3,2026-03-12T12:31:42
2026-03-14 00:00:00,18457.6,2026-03-13T12:32:03
2026-03-14 01:00:00,18440.5,2026-03-13T12:32:03
2026-03-14 02:00:00,18292.7,2026-03-13T12:32:03
2026-03-14 03:00:00,18158.1,2026-03-13T12:32:03
2026-03-14 04:00:00,18128.5,2026-03-13T12:32:03
2026-03-14 05:00:00,19077.1,2026-03-13T12:32:03
2026-03-14 06:00:00,19494.4,2026-03-13T12:32:03
2026-03-14 07:00:00,19234.1,2026-03-13T12:32:03
2026-03-14 08:00:00,18993.1,2026-03-13T12:32:03
2026-03-14 09:00:00,18854.9,2026-03-13T12:32:03
2026-03-14 10:00:00,18801.7,2026-03-13T12:32:03
2026-03-14 11:00:00,18659.0,2026-03-13T12:32:03
2026-03-14 12:00:00,18285.9,2026-03-13T12:32:03
2026-03-14 13:00:00,17988.5,2026-03-13T12:32:03
2026-03-14 14:00:00,17896.9,2026-03-13T12:32:03
2026-03-14 15:00:00,18115.7,2026-03-13T12:32:03
2026-03-14 16:00:00,18488.2,2026-03-13T12:32:03
2026-03-14 17:00:00,18847.9,2026-03-13T12:32:03
2026-03-14 18:00:00,19051.3,2026-03-13T12:32:03
2026-03-14 19:00:00,19086.9,2026-03-13T12:32:03
2026-03-14 20:00:00,18849.9,2026-03-13T12:32:03
2026-03-14 21:00:00,18385.9,2026-03-13T12:32:03
2026-03-14 22:00:00,17704.0,2026-03-13T12:32:03
2026-03-14 23:00:00,17326.9,2026-03-13T12:32:03
2026-03-15 00:00:00,17737.2,2026-03-14T12:31:53
2026-03-15 01:00:00,18047.6,2026-03-14T12:31:53
2026-03-15 02:00:00,17943.6,2026-03-14T12:31:53
2026-03-15 03:00:00,18088.6,2026-03-14T12:31:53
2026-03-15 04:00:00,18296.4,2026-03-14T12:31:53
2026-03-15 05:00:00,19019.0,2026-03-14T12:31:53
2026-03-15 06:00:00,19380.5,2026-03-14T12:31:53
2026-03-15 07:00:00,19449.3,2026-03-14T12:31:53
2026-03-15 08:00:00,19259.3,2026-03-14T12:31:53
2026-03-15 09:00:00,19029.6,2026-03-14T12:31:53
2026-03-15 10:00:00,18877.3,2026-03-14T12:31:53
2026-03-15 11:00:00,18635.9,2026-03-14T12:31:53
2026-03-15 12:00:00,18346.7,2026-03-14T12:31:53
2026-03-15 13:00:00,18371.1,2026-03-14T12:31:53
2026-03-15 14:00:00,18545.6,2026-03-14T12:31:53
2026-03-15 15:00:00,18985.4,2026-03-14T12:31:53
2026-03-15 16:00:00,19778.9,2026-03-14T12:31:53
2026-03-15 17:00:00,20100.5,2026-03-14T12:31:53
2026-03-15 18:00:00,20132.0,2026-03-14T12:31:53
2026-03-15 19:00:00,20265.2,2026-03-14T12:31:53
2026-03-15 20:00:00,19748.7,2026-03-14T12:31:53
2026-03-15 21:00:00,18850.3,2026-03-14T12:31:53
2026-03-15 22:00:00,18036.6,2026-03-14T12:31:53
2026-03-15 23:00:00,17789.4,2026-03-14T12:31:53
2026-03-16 00:00:00,17640.2,2026-03-15T12:31:51
2026-03-16 01:00:00,18033.1,2026-03-15T12:31:51
2026-03-16 02:00:00,18026.6,2026-03-15T12:31:51
2026-03-16 03:00:00,18185.3,2026-03-15T12:31:51
2026-03-16 04:00:00,18401.6,2026-03-15T12:31:51
2026-03-16 05:00:00,18979.1,2026-03-15T12:31:51
2026-03-16 06:00:00,20036.9,2026-03-15T12:31:51
2026-03-16 07:00:00,20452.8,2026-03-15T12:31:51
2026-03-16 08:00:00,20522.2,2026-03-15T12:31:51
2026-03-16 09:00:00,20217.7,2026-03-15T12:31:51
2026-03-16 10:00:00,19676.4,2026-03-15T12:31:51
2026-03-16 11:00:00,19757.2,2026-03-15T12:31:51
2026-03-16 12:00:00,19700.0,2026-03-15T12:31:51
2026-03-16 13:00:00,19828.1,2026-03-15T12:31:51
2026-03-16 14:00:00,19911.7,2026-03-15T12:31:51
2026-03-16 15:00:00,19998.9,2026-03-15T12:31:51
2026-03-16 16:00:00,20746.0,2026-03-15T12:31:51
2026-03-16 17:00:00,21102.0,2026-03-15T12:31:51
2026-03-16 18:00:00,21425.0,2026-03-15T12:31:51
2026-03-16 19:00:00,21292.6,2026-03-15T12:31:51
2026-03-16 20:00:00,20564.5,2026-03-15T12:31:51
2026-03-16 21:00:00,19978.0,2026-03-15T12:31:51
2026-03-16 22:00:00,18733.8,2026-03-15T12:31:51
2026-03-16 23:00:00,18124.2,2026-03-15T12:31:51
2026-03-17 00:00:00,18418.3,2026-03-16T12:31:51
2026-03-17 01:00:00,18530.2,2026-03-16T12:31:51
2026-03-17 02:00:00,18441.2,2026-03-16T12:31:51
2026-03-17 03:00:00,18476.0,2026-03-16T12:31:51
2026-03-17 04:00:00,19210.1,2026-03-16T12:31:51
2026-03-17 05:00:00,20763.4,2026-03-16T12:31:51
2026-03-17 06:00:00,22168.1,2026-03-16T12:31:51
2026-03-17 07:00:00,22247.7,2026-03-16T12:31:51
2026-03-17 08:00:00,22224.6,2026-03-16T12:31:51
2026-03-17 09:00:00,21624.7,2026-03-16T12:31:51
2026-03-17 10:00:00,21108.8,2026-03-16T12:31:51
2026-03-17 11:00:00,20823.9,2026-03-16T12:31:51
2026-03-17 12:00:00,20701.7,2026-03-16T12:31:51
2026-03-17 13:00:00,20311.4,2026-03-16T12:31:51
2026-03-17 14:00:00,20604.4,2026-03-16T12:31:51
2026-03-17 15:00:00,21234.1,2026-03-16T12:31:51
2026-03-17 16:00:00,23011.9,2026-03-16T12:31:51
2026-03-17 17:00:00,23176.6,2026-03-16T12:31:51
2026-03-17 18:00:00,23046.8,2026-03-16T12:31:51
2026-03-17 19:00:00,22951.8,2026-03-16T12:31:51
2026-03-17 20:00:00,22592.1,2026-03-16T12:31:51
2026-03-17 21:00:00,22053.0,2026-03-16T12:31:51
2026-03-17 22:00:00,20470.7,2026-03-16T12:31:51
2026-03-17 23:00:00,19913.1,2026-03-16T12:31:51
2026-03-18 00:00:00,18406.2,2026-03-17T12:31:48
2026-03-18 01:00:00,18213.1,2026-03-17T12:31:48
2026-03-18 02:00:00,18171.0,2026-03-17T12:31:48
2026-03-18 03:00:00,18378.9,2026-03-17T12:31:48
2026-03-18 04:00:00,19329.2,2026-03-17T12:31:48
2026-03-18 05:00:00,21205.0,2026-03-17T12:31:48
2026-03-18 06:00:00,22034.4,2026-03-17T12:31:48
2026-03-18 07:00:00,22084.3,2026-03-17T12:31:48
2026-03-18 08:00:00,22203.6,2026-03-17T12:31:48
2026-03-18 09:00:00,21613.6,2026-03-17T12:31:48
2026-03-18 10:00:00,21227.5,2026-03-17T12:31:48
2026-03-18 11:00:00,20959.9,2026-03-17T12:31:48
2026-03-18 12:00:00,21049.2,2026-03-17T12:31:48
2026-03-18 13:00:00,20459.2,2026-03-17T12:31:48
2026-03-18 14:00:00,20462.7,2026-03-17T12:31:48
2026-03-18 15:00:00,20835.9,2026-03-17T12:31:48
2026-03-18 16:00:00,21702.0,2026-03-17T12:31:48
2026-03-18 17:00:00,22414.9,2026-03-17T12:31:48
2026-03-18 18:00:00,22717.6,2026-03-17T12:31:48
2026-03-18 19:00:00,22815.3,2026-03-17T12:31:48
2026-03-18 20:00:00,22177.1,2026-03-17T12:31:48
2026-03-18 21:00:00,20745.2,2026-03-17T12:31:48
2026-03-18 22:00:00,19401.1,2026-03-17T12:31:48
2026-03-18 23:00:00,19019.2,2026-03-17T12:31:48
2026-03-19 00:00:00,17699.1,2026-03-18T12:31:53
2026-03-19 01:00:00,17881.1,2026-03-18T12:31:53
2026-03-19 02:00:00,17731.0,2026-03-18T12:31:53
2026-03-19 03:00:00,17671.0,2026-03-18T12:31:53
2026-03-19 04:00:00,18584.0,2026-03-18T12:31:53
2026-03-19 05:00:00,20250.8,2026-03-18T12:31:53
2026-03-19 06:00:00,21432.3,2026-03-18T12:31:53
2026-03-19 07:00:00,21372.5,2026-03-18T12:31:53
2026-03-19 08:00:00,21589.2,2026-03-18T12:31:53
2026-03-19 09:00:00,20955.0,2026-03-18T12:31:53
2026-03-19 10:00:00,20377.6,2026-03-18T12:31:53
2026-03-19 11:00:00,19918.6,2026-03-18T12:31:53
2026-03-19 12:00:00,20040.0,2026-03-18T12:31:53
2026-03-19 13:00:00,19845.9,2026-03-18T12:31:53
2026-03-19 14:00:00,19781.8,2026-03-18T12:31:53
2026-03-19 15:00:00,20198.8,2026-03-18T12:31:53
2026-03-19 16:00:00,20544.7,2026-03-18T12:31:53
2026-03-19 17:00:00,21107.5,2026-03-18T12:31:53
2026-03-19 18:00:00,21391.9,2026-03-18T12:31:53
2026-03-19 19:00:00,21349.2,2026-03-18T12:31:53
2026-03-19 20:00:00,20994.3,2026-03-18T12:31:53
2026-03-19 21:00:00,19795.2,2026-03-18T12:31:53
2026-03-19 22:00:00,19136.8,2026-03-18T12:31:53
2026-03-19 23:00:00,18194.3,2026-03-18T12:31:53
2026-03-20 00:00:00,17334.8,2026-03-19T12:31:43
2026-03-20 01:00:00,17409.4,2026-03-19T12:31:43
2026-03-20 02:00:00,17162.6,2026-03-19T12:31:43
2026-03-20 03:00:00,17359.9,2026-03-19T12:31:43
2026-03-20 04:00:00,18388.7,2026-03-19T12:31:43
2026-03-20 05:00:00,20235.5,2026-03-19T12:31:43
2026-03-20 06:00:00,21750.2,2026-03-19T12:31:43
2026-03-20 07:00:00,22151.2,2026-03-19T12:31:43
2026-03-20 08:00:00,21564.6,2026-03-19T12:31:43
2026-03-20 09:00:00,21346.7,2026-03-19T12:31:43
2026-03-20 10:00:00,20918.2,2026-03-19T12:31:43
2026-03-20 11:00:00,20409.8,2026-03-19T12:31:43
2026-03-20 12:00:00,20183.7,2026-03-19T12:31:43
2026-03-20 13:00:00,19735.7,2026-03-19T12:31:43
2026-03-20 14:00:00,19626.5,2026-03-19T12:31:43
2026-03-20 15:00:00,19886.8,2026-03-19T12:31:43
2026-03-20 16:00:00,20436.6,2026-03-19T12:31:43
2026-03-20 17:00:00,21013.4,2026-03-19T12:31:43
2026-03-20 18:00:00,21101.9,2026-03-19T12:31:43
2026-03-20 19:00:00,21111.3,2026-03-19T12:31:43
2026-03-20 20:00:00,20386.3,2026-03-19T12:31:43
2026-03-20 21:00:00,19687.8,2026-03-19T12:31:43
2026-03-20 22:00:00,18749.6,2026-03-19T12:31:43
2026-03-20 23:00:00,17952.6,2026-03-19T12:31:43
2026-03-21 00:00:00,16944.6,2026-03-20T12:31:51
2026-03-21 01:00:00,16607.4,2026-03-20T12:31:51
2026-03-21 02:00:00,16516.6,2026-03-20T12:31:51
2026-03-21 03:00:00,16422.0,2026-03-20T12:31:51
2026-03-21 04:00:00,17172.6,2026-03-20T12:31:51
2026-03-21 05:00:00,18404.8,2026-03-20T12:31:51
2026-03-21 06:00:00,18565.0,2026-03-20T12:31:51
2026-03-21 07:00:00,18594.3,2026-03-20T12:31:51
2026-03-21 08:00:00,18592.4,2026-03-20T12:31:51
2026-03-21 09:00:00,18206.9,2026-03-20T12:31:51
2026-03-21 10:00:00,18064.0,2026-03-20T12:31:51
2026-03-21 11:00:00,17928.9,2026-03-20T12:31:51
2026-03-21 12:00:00,17587.3,2026-03-20T12:31:51
2026-03-21 13:00:00,17641.7,2026-03-20T12:31:51
2026-03-21 14:00:00,17589.9,2026-03-20T12:31:51
2026-03-21 15:00:00,18121.6,2026-03-20T12:31:51
2026-03-21 16:00:00,18692.5,2026-03-20T12:31:51
2026-03-21 17:00:00,19232.5,2026-03-20T12:31:51
2026-03-21 18:00:00,20096.5,2026-03-20T12:31:51
2026-03-21 19:00:00,19821.1,2026-03-20T12:31:51
2026-03-21 20:00:00,19322.5,2026-03-20T12:31:51
2026-03-21 21:00:00,18701.2,2026-03-20T12:31:51
2026-03-21 22:00:00,18533.8,2026-03-20T12:31:51
2026-03-21 23:00:00,17472.1,2026-03-20T12:31:51
2026-03-22 00:00:00,17574.5,2026-03-21T12:31:48
2026-03-22 01:00:00,17403.9,2026-03-21T12:31:48
2026-03-22 02:00:00,17155.2,2026-03-21T12:31:48
2026-03-22 03:00:00,17235.0,2026-03-21T12:31:48
2026-03-22 04:00:00,17395.7,2026-03-21T12:31:48
2026-03-22 05:00:00,17728.7,2026-03-21T12:31:48
2026-03-22 06:00:00,17949.2,2026-03-21T12:31:48
2026-03-22 07:00:00,18156.7,2026-03-21T12:31:48
2026-03-22 08:00:00,18803.9,2026-03-21T12:31:48
2026-03-22 09:00:00,18936.4,2026-03-21T12:31:48
2026-03-22 10:00:00,18955.5,2026-03-21T12:31:48
2026-03-22 11:00:00,18647.3,2026-03-21T12:31:48
2026-03-22 12:00:00,19065.3,2026-03-21T12:31:48
2026-03-22 13:00:00,19221.7,2026-03-21T12:31:48
2026-03-22 14:00:00,19470.8,2026-03-21T12:31:48
2026-03-22 15:00:00,19570.6,2026-03-21T12:31:48
2026-03-22 16:00:00,19695.6,2026-03-21T12:31:48
2026-03-22 17:00:00,20176.9,2026-03-21T12:31:48
2026-03-22 18:00:00,20860.1,2026-03-21T12:31:48
2026-03-22 19:00:00,20875.7,2026-03-21T12:31:48
2026-03-22 20:00:00,20183.5,2026-03-21T12:31:48
2026-03-22 21:00:00,19580.2,2026-03-21T12:31:48
2026-03-22 22:00:00,18955.4,2026-03-21T12:31:48
2026-03-22 23:00:00,18176.7,2026-03-21T12:31:48
2026-03-23 00:00:00,17968.0,2026-03-22T12:31:53
2026-03-23 01:00:00,17942.9,2026-03-22T12:31:53
2026-03-23 02:00:00,17790.3,2026-03-22T12:31:53
2026-03-23 03:00:00,17669.2,2026-03-22T12:31:53
2026-03-23 04:00:00,18461.3,2026-03-22T12:31:53
2026-03-23 05:00:00,20250.4,2026-03-22T12:31:53
2026-03-23 06:00:00,21193.6,2026-03-22T12:31:53
2026-03-23 07:00:00,21473.3,2026-03-22T12:31:53
2026-03-23 08:00:00,21011.9,2026-03-22T12:31:53
2026-03-23 09:00:00,20418.7,2026-03-22T12:31:53
2026-03-23 10:00:00,20222.2,2026-03-22T12:31:53
2026-03-23 11:00:00,19910.8,2026-03-22T12:31:53
2026-03-23 12:00:00,19846.3,2026-03-22T12:31:53
2026-03-23 13:00:00,19627.0,2026-03-22T12:31:53
2026-03-23 14:00:00,19739.3,2026-03-22T12:31:53
2026-03-23 15:00:00,19991.9,2026-03-22T12:31:53
2026-03-23 16:00:00,20645.1,2026-03-22T12:31:53
2026-03-23 17:00:00,21555.8,2026-03-22T12:31:53
2026-03-23 18:00:00,21532.6,2026-03-22T12:31:53
2026-03-23 19:00:00,21160.7,2026-03-22T12:31:53
2026-03-23 20:00:00,20705.9,2026-03-22T12:31:53
2026-03-23 21:00:00,19508.5,2026-03-22T12:31:53
2026-03-23 22:00:00,18735.0,2026-03-22T12:31:53
2026-03-23 23:00:00,17936.6,2026-03-22T12:31:53
2026-03-24 00:00:00,17534.4,2026-03-23T12:31:49
2026-03-24 01:00:00,17945.1,2026-03-23T12:31:49
2026-03-24 02:00:00,18073.6,2026-03-23T12:31:49
2026-03-24 03:00:00,18388.6,2026-03-23T12:31:49
2026-03-24 04:00:00,19565.0,2026-03-23T12:31:49
2026-03-24 05:00:00,20618.8,2026-03-23T12:31:49
2026-03-24 06:00:00,21346.4,2026-03-23T12:31:49
2026-03-24 07:00:00,21152.9,2026-03-23T12:31:49
2026-03-24 08:00:00,21254.9,2026-03-23T12:31:49
2026-03-24 09:00:00,20617.9,2026-03-23T12:31:49
2026-03-24 10:00:00,20041.9,2026-03-23T12:31:49
2026-03-24 11:00:00,20093.0,2026-03-23T12:31:49
2026-03-24 12:00:00,20086.1,2026-03-23T12:31:49
2026-03-24 13:00:00,19928.7,2026-03-23T12:31:49
2026-03-24 14:00:00,20018.7,2026-03-23T12:31:49
2026-03-24 15:00:00,20272.6,2026-03-23T12:31:49
2026-03-24 16:00:00,20978.5,2026-03-23T12:31:49
2026-03-24 17:00:00,21426.1,2026-03-23T12:31:49
2026-03-24 18:00:00,21731.9,2026-03-23T12:31:49
2026-03-24 19:00:00,21433.3,2026-03-23T12:31:49
2026-03-24 20:00:00,20765.8,2026-03-23T12:31:49
2026-03-24 21:00:00,20085.5,2026-03-23T12:31:49
2026-03-24 22:00:00,19173.7,2026-03-23T12:31:49
2026-03-24 23:00:00,17762.8,2026-03-23T12:31:49
2026-03-25 00:00:00,17583.4,2026-03-24T12:31:50
2026-03-25 01:00:00,17725.0,2026-03-24T12:31:50
2026-03-25 02:00:00,17611.9,2026-03-24T12:31:50
2026-03-25 03:00:00,17905.1,2026-03-24T12:31:50
2026-03-25 04:00:00,19097.5,2026-03-24T12:31:50
2026-03-25 05:00:00,20339.7,2026-03-24T12:31:50
2026-03-25 06:00:00,20940.7,2026-03-24T12:31:50
2026-03-25 07:00:00,20722.5,2026-03-24T12:31:50
2026-03-25 08:00:00,20418.7,2026-03-24T12:31:50
2026-03-25 09:00:00,20349.4,2026-03-24T12:31:50
2026-03-25 10:00:00,20203.5,2026-03-24T12:31:50
2026-03-25 11:00:00,19953.2,2026-03-24T12:31:50
2026-03-25 12:00:00,19732.3,2026-03-24T12:31:50
2026-03-25 13:00:00,19655.4,2026-03-24T12:31:50
2026-03-25 14:00:00,19282.3,2026-03-24T12:31:50
2026-03-25 15:00:00,20000.2,2026-03-24T12:31:50
2026-03-25 16:00:00,20569.5,2026-03-24T12:31:50
2026-03-25 17:00:00,21346.9,2026-03-24T12:31:50
2026-03-25 18:00:00,21651.6,2026-03-24T12:31:50
2026-03-25 19:00:00,21647.2,2026-03-24T12:31:50
2026-03-25 20:00:00,20421.8,2026-03-24T12:31:50
2026-03-25 21:00:00,19521.0,2026-03-24T12:31:50
2026-03-25 22:00:00,18582.4,2026-03-24T12:31:50
2026-03-25 23:00:00,18032.5,2026-03-24T12:31:50
2026-03-26 00:00:00,17552.5,2026-03-25T12:31:52
2026-03-26 01:00:00,17305.1,2026-03-25T12:31:52
2026-03-26 02:00:00,17223.4,2026-03-25T12:31:52
2026-03-26 03:00:00,17125.1,2026-03-25T12:31:52
2026-03-26 04:00:00,18103.9,2026-03-25T12:31:52
2026-03-26 05:00:00,19644.2,2026-03-25T12:31:52
2026-03-26 06:00:00,20323.7,2026-03-25T12:31:52
2026-03-26 07:00:00,20236.8,2026-03-25T12:31:52
2026-03-26 08:00:00,19776.3,2026-03-25T12:31:52
2026-03-26 09:00:00,19405.5,2026-03-25T12:31:52
2026-03-26 10:00:00,18942.6,2026-03-25T12:31:52
2026-03-26 11:00:00,18937.7,2026-03-25T12:31:52
2026-03-26 12:00:00,18866.5,2026-03-25T12:31:52
2026-03-26 13:00:00,18672.0,2026-03-25T12:31:52
2026-03-26 14:00:00,18875.4,2026-03-25T12:31:52
2026-03-26 15:00:00,19691.1,2026-03-25T12:31:52
2026-03-26 16:00:00,19998.0,2026-03-25T12:31:52
2026-03-26 17:00:00,20462.4,2026-03-25T12:31:52
2026-03-26 18:00:00,21085.9,2026-03-25T12:31:52
2026-03-26 19:00:00,21186.5,2026-03-25T12:31:52
2026-03-26 20:00:00,20396.1,2026-03-25T12:31:52
2026-03-26 21:00:00,19631.8,2026-03-25T12:31:52
2026-03-26 22:00:00,18304.8,2026-03-25T12:31:52
2026-03-26 23:00:00,17607.6,2026-03-25T12:31:52
2026-03-27 00:00:00,18074.9,2026-03-26T12:31:49
2026-03-27 01:00:00,18123.0,2026-03-26T12:31:49
2026-03-27 02:00:00,18008.5,2026-03-26T12:31:49
2026-03-27 03:00:00,18238.3,2026-03-26T12:31:49
2026-03-27 04:00:00,18829.4,2026-03-26T12:31:49
2026-03-27 05:00:00,20562.4,2026-03-26T12:31:49
2026-03-27 06:00:00,20995.5,2026-03-26T12:31:49
2026-03-27 07:00:00,20659.4,2026-03-26T12:31:49
2026-03-27 08:00:00,20372.7,2026-03-26T12:31:49
2026-03-27 09:00:00,20204.1,2026-03-26T12:31:49
2026-03-27 10:00:00,19753.2,2026-03-26T12:31:49
2026-03-27 11:00:00,19400.7,2026-03-26T12:31:49
2026-03-27 12:00:00,18923.8,2026-03-26T12:31:49
2026-03-27 13:00:00,18556.8,2026-03-26T12:31:49
2026-03-27 14:00:00,18610.0,2026-03-26T12:31:49
2026-03-27 15:00:00,19534.0,2026-03-26T12:31:49
2026-03-27 16:00:00,20291.7,2026-03-26T12:31:49
2026-03-27 17:00:00,20877.0,2026-03-26T12:31:49
2026-03-27 18:00:00,21273.6,2026-03-26T12:31:49
2026-03-27 19:00:00,20949.2,2026-03-26T12:31:49
2026-03-27 20:00:00,20518.0,2026-03-26T12:31:49
2026-03-27 21:00:00,20460.3,2026-03-26T12:31:49
2026-03-27 22:00:00,19595.4,2026-03-26T12:31:49
2026-03-27 23:00:00,18614.7,2026-03-26T12:31:49
2026-03-28 00:00:00,18184.2,2026-03-27T12:31:51
2026-03-28 01:00:00,17881.9,2026-03-27T12:31:51
2026-03-28 02:00:00,17932.5,2026-03-27T12:31:51
2026-03-28 03:00:00,18053.1,2026-03-27T12:31:51
2026-03-28 04:00:00,18730.3,2026-03-27T12:31:51
2026-03-28 05:00:00,19476.8,2026-03-27T12:31:51
2026-03-28 06:00:00,20013.4,2026-03-27T12:31:51
2026-03-28 07:00:00,19616.3,2026-03-27T12:31:51
2026-03-28 08:00:00,19530.0,2026-03-27T12:31:51
2026-03-28 09:00:00,19198.6,2026-03-27T12:31:51
2026-03-28 10:00:00,18789.0,2026-03-27T12:31:51
2026-03-28 11:00:00,18426.8,2026-03-27T12:31:51
2026-03-28 12:00:00,18105.3,2026-03-27T12:31:51
2026-03-28 13:00:00,18015.8,2026-03-27T12:31:51
2026-03-28 14:00:00,18002.6,2026-03-27T12:31:51
2026-03-28 15:00:00,18452.5,2026-03-27T12:31:51
2026-03-28 16:00:00,19172.0,2026-03-27T12:31:51
2026-03-28 17:00:00,19613.5,2026-03-27T12:31:51
2026-03-28 18:00:00,20399.2,2026-03-27T12:31:51
2026-03-28 19:00:00,20567.6,2026-03-27T12:31:51
2026-03-28 20:00:00,20444.8,2026-03-27T12:31:51
2026-03-28 21:00:00,19729.7,2026-03-27T12:31:51
2026-03-28 22:00:00,19137.5,2026-03-27T12:31:51
2026-03-28 23:00:00,18109.2,2026-03-27T12:31:51
2026-03-29 00:00:00,17815.7,2026-03-28T12:31:53
2026-03-29 01:00:00,17628.5,2026-03-28T12:31:53
2026-03-29 02:00:00,17729.4,2026-03-28T12:31:53
2026-03-29 03:00:00,17708.1,2026-03-28T12:31:53
2026-03-29 04:00:00,17778.8,2026-03-28T12:31:53
2026-03-29 05:00:00,18540.5,2026-03-28T12:31:53
2026-03-29 06:00:00,18697.3,2026-03-28T12:31:53
2026-03-29 07:00:00,18417.5,2026-03-28T12:31:53
2026-03-29 08:00:00,18184.1,2026-03-28T12:31:53
2026-03-29 09:00:00,17865.3,2026-03-28T12:31:53
2026-03-29 10:00:00,17604.2,2026-03-28T12:31:53
2026-03-29 11:00:00,17395.9,2026-03-28T12:31:53
2026-03-29 12:00:00,17193.2,2026-03-28T12:31:53
2026-03-29 13:00:00,17258.7,2026-03-28T12:31:53
2026-03-29 14:00:00,17241.9,2026-03-28T12:31:53
2026-03-29 15:00:00,17321.9,2026-03-28T12:31:53
2026-03-29 16:00:00,18578.8,2026-03-28T12:31:53
2026-03-29 17:00:00,19284.1,2026-03-28T12:31:53
2026-03-29 18:00:00,19710.7,2026-03-28T12:31:53
2026-03-29 19:00:00,19681.8,2026-03-28T12:31:53
2026-03-29 20:00:00,19064.0,2026-03-28T12:31:53
2026-03-29 21:00:00,18584.6,2026-03-28T12:31:53
2026-03-29 22:00:00,17788.4,2026-03-28T12:31:53
2026-03-29 23:00:00,17442.6,2026-03-28T12:31:53
2026-03-30 00:00:00,17428.5,2026-03-29T12:31:43
2026-03-30 01:00:00,17492.9,2026-03-29T12:31:43
2026-03-30 02:00:00,17263.9,2026-03-29T12:31:43
2026-03-30 03:00:00,17209.6,2026-03-29T12:31:43
2026-03-30 04:00:00,17440.7,2026-03-29T12:31:43
2026-03-30 05:00:00,19282.7,2026-03-29T12:31:43
2026-03-30 06:00:00,19790.9,2026-03-29T12:31:43
2026-03-30 07:00:00,19856.1,2026-03-29T12:31:43
2026-03-30 08:00:00,19033.1,2026-03-29T12:31:43
2026-03-30 09:00:00,18575.7,2026-03-29T12:31:43
2026-03-30 10:00:00,18057.9,2026-03-29T12:31:43
2026-03-30 11:00:00,17824.1,2026-03-29T12:31:43
2026-03-30 12:00:00,17830.3,2026-03-29T12:31:43
2026-03-30 13:00:00,18081.4,2026-03-29T12:31:43
2026-03-30 14:00:00,17919.7,2026-03-29T12:31:43
2026-03-30 15:00:00,18101.6,2026-03-29T12:31:43
2026-03-30 16:00:00,18888.3,2026-03-29T12:31:43
2026-03-30 17:00:00,19581.2,2026-03-29T12:31:43
2026-03-30 18:00:00,19942.7,2026-03-29T12:31:43
2026-03-30 19:00:00,20054.2,2026-03-29T12:31:43
2026-03-30 20:00:00,19522.0,2026-03-29T12:31:43
2026-03-30 21:00:00,18460.0,2026-03-29T12:31:43
2026-03-30 22:00:00,17225.4,2026-03-29T12:31:43
2026-03-30 23:00:00,16992.5,2026-03-29T12:31:43
2026-03-31 00:00:00,17081.5,2026-03-30T12:31:49
2026-03-31 01:00:00,17102.3,2026-03-30T12:31:49
2026-03-31 02:00:00,17012.5,2026-03-30T12:31:49
2026-03-31 03:00:00,17425.0,2026-03-30T12:31:49
2026-03-31 04:00:00,17545.5,2026-03-30T12:31:49
2026-03-31 05:00:00,18564.6,2026-03-30T12:31:49
2026-03-31 06:00:00,19815.9,2026-03-30T12:31:49
2026-03-31 07:00:00,19373.3,2026-03-30T12:31:49
2026-03-31 08:00:00,19344.7,2026-03-30T12:31:49
2026-03-31 09:00:00,19312.1,2026-03-30T12:31:49
2026-03-31 10:00:00,19081.6,2026-03-30T12:31:49
2026-03-31 11:00:00,18912.4,2026-03-30T12:31:49
2026-03-31 12:00:00,18619.2,2026-03-30T12:31:49
2026-03-31 13:00:00,18573.2,2026-03-30T12:31:49
2026-03-31 14:00:00,18762.1,2026-03-30T12:31:49
2026-03-31 15:00:00,19088.6,2026-03-30T12:31:49
2026-03-31 16:00:00,19767.0,2026-03-30T12:31:49
2026-03-31 17:00:00,19987.7,2026-03-30T12:31:49
2026-03-31 18:00:00,20344.8,2026-03-30T12:31:49
2026-03-31 19:00:00,20142.7,2026-03-30T12:31:49
2026-03-31 20:00:00,19375.4,2026-03-30T12:31:49
2026-03-31 21:00:00,18391.5,2026-03-30T12:31:49
2026-03-31 22:00:00,17414.9,2026-03-30T12:31:49
2026-03-31 23:00:00,16310.3,2026-03-30T12:31:49
2026-04-01 00:00:00,16515.6,2026-03-31T12:31:44
2026-04-01 01:00:00,16837.3,2026-03-31T12:31:44
2026-04-01 02:00:00,16691.2,2026-03-31T12:31:44
2026-04-01 03:00:00,16840.2,2026-03-31T12:31:44
2026-04-01 04:00:00,17678.5,2026-03-31T12:31:44
2026-04-01 05:00:00,18936.6,2026-03-31T12:31:44
2026-04-01 06:00:00,19642.3,2026-03-31T12:31:44
2026-04-01 07:00:00,19802.4,2026-03-31T12:31:44
2026-04-01 08:00:00,19140.1,2026-03-31T12:31:44
2026-04-01 09:00:00,18670.0,2026-03-31T12:31:44
2026-04-01 10:00:00,18358.6,2026-03-31T12:31:44
2026-04-01 11:00:00,18290.4,2026-03-31T12:31:44
2026-04-01 12:00:00,18161.7,2026-03-31T12:31:44
2026-04-01 13:00:00,18051.8,2026-03-31T12:31:44
2026-04-01 14:00:00,18073.1,2026-03-31T12:31:44
2026-04-01 15:00:00,18494.7,2026-03-31T12:31:44
2026-04-01 16:00:00,18997.4,2026-03-31T12:31:44
2026-04-01 17:00:00,19717.4,2026-03-31T12:31:44
2026-04-01 18:00:00,20313.6,2026-03-31T12:31:44
2026-04-01 19:00:00,20395.7,2026-03-31T12:31:44
2026-04-01 20:00:00,19619.5,2026-03-31T12:31:44
2026-04-01 21:00:00,18856.1,2026-03-31T12:31:44
2026-04-01 22:00:00,17908.9,2026-03-31T12:31:44
2026-04-01 23:00:00,17218.1,2026-03-31T12:31:44
2026-04-02 00:00:00,17054.3,2026-04-01T12:31:46
2026-04-02 01:00:00,17195.4,2026-04-01T12:31:46
2026-04-02 02:00:00,17295.0,2026-04-01T12:31:46
2026-04-02 03:00:00,17495.2,2026-04-01T12:31:46
2026-04-02 04:00:00,18327.1,2026-04-01T12:31:46
2026-04-02 05:00:00,19800.1,2026-04-01T12:31:46
2026-04-02 06:00:00,20680.8,2026-04-01T12:31:46
2026-04-02 07:00:00,20720.1,2026-04-01T12:31:46
2026-04-02 08:00:00,20524.9,2026-04-01T12:31:46
2026-04-02 09:00:00,20304.7,2026-04-01T12:31:46
2026-04-02 10:00:00,19708.1,2026-04-01T12:31:46
2026-04-02 11:00:00,19693.8,2026-04-01T12:31:46
2026-04-02 12:00:00,19757.1,2026-04-01T12:31:46
2026-04-02 13:00:00,19363.3,2026-04-01T12:31:46
2026-04-02 14:00:00,19394.2,2026-04-01T12:31:46
2026-04-02 15:00:00,19654.4,2026-04-01T12:31:46
2026-04-02 16:00:00,20143.4,2026-04-01T12:31:46
2026-04-02 17:00:00,20905.3,2026-04-01T12:31:46
2026-04-02 18:00:00,21314.2,2026-04-01T12:31:46
2026-04-02 19:00:00,21051.1,2026-04-01T12:31:46
2026-04-02 20:00:00,20110.1,2026-04-01T12:31:46
2026-04-02 21:00:00,18991.9,2026-04-01T12:31:46
2026-04-02 22:00:00,17903.5,2026-04-01T12:31:46
2026-04-02 23:00:00,17572.2,2026-04-01T12:31:46
2026-04-03 00:00:00,17222.5,2026-04-02T12:31:46
2026-04-03 01:00:00,17456.2,2026-04-02T12:31:46
2026-04-03 02:00:00,17302.1,2026-04-02T12:31:46
2026-04-03 03:00:00,17385.6,2026-04-02T12:31:46
2026-04-03 04:00:00,17458.5,2026-04-02T12:31:46
2026-04-03 05:00:00,17874.9,2026-04-02T12:31:46
2026-04-03 06:00:00,17834.7,2026-04-02T12:31:46
2026-04-03 07:00:00,18056.8,2026-04-02T12:31:46
2026-04-03 08:00:00,17963.5,2026-04-02T12:31:46
2026-04-03 09:00:00,17736.1,2026-04-02T12:31:46
2026-04-03 10:00:00,17689.4,2026-04-02T12:31:46
2026-04-03 11:00:00,17534.4,2026-04-02T12:31:46
2026-04-03 12:00:00,17336.3,2026-04-02T12:31:46
2026-04-03 13:00:00,17232.4,2026-04-02T12:31:46
2026-04-03 14:00:00,17046.9,2026-04-02T12:31:46
2026-04-03 15:00:00,17194.9,2026-04-02T12:31:46
2026-04-03 16:00:00,17334.5,2026-04-02T12:31:46
2026-04-03 17:00:00,17882.9,2026-04-02T12:31:46
2026-04-03 18:00:00,17829.9,2026-04-02T12:31:46
2026-04-03 19:00:00,17794.5,2026-04-02T12:31:46
2026-04-03 20:00:00,17369.3,2026-04-02T12:31:46
2026-04-03 21:00:00,16790.4,2026-04-02T12:31:46
2026-04-03 22:00:00,16117.6,2026-04-02T12:31:46
2026-04-03 23:00:00,15869.4,2026-04-02T12:31:46
2026-04-04 00:00:00,15920.2,2026-04-03T12:31:45
2026-04-04 01:00:00,15917.5,2026-04-03T12:31:45
2026-04-04 02:00:00,15872.8,2026-04-03T12:31:45
2026-04-04 03:00:00,15914.7,2026-04-03T12:31:45
2026-04-04 04:00:00,16244.2,2026-04-03T12:31:45
2026-04-04 05:00:00,16994.7,2026-04-03T12:31:45
2026-04-04 06:00:00,17320.4,2026-04-03T12:31:45
2026-04-04 07:00:00,17651.2,2026-04-03T12:31:45
2026-04-04 08:00:00,17854.0,2026-04-03T12:31:45
2026-04-04 09:00:00,17558.5,2026-04-03T12:31:45
2026-04-04 10:00:00,17606.0,2026-04-03T12:31:45
2026-04-04 11:00:00,17315.2,2026-04-03T12:31:45
2026-04-04 12:00:00,17022.8,2026-04-03T12:31:45
2026-04-04 13:00:00,17102.9,2026-04-03T12:31:45
2026-04-04 14:00:00,17341.1,2026-04-03T12:31:45
2026-04-04 15:00:00,17662.7,2026-04-03T12:31:45
2026-04-04 16:00:00,17677.0,2026-04-03T12:31:45
2026-04-04 17:00:00,18079.5,2026-04-03T12:31:45
2026-04-04 18:00:00,18251.7,2026-04-03T12:31:45
2026-04-04 19:00:00,18148.0,2026-04-03T12:31:45
2026-04-04 20:00:00,17546.7,2026-04-03T12:31:45
2026-04-04 21:00:00,17283.6,2026-04-03T12:31:45
2026-04-04 22:00:00,16754.9,2026-04-03T12:31:45
2026-04-04 23:00:00,16728.6,2026-04-03T12:31:45
2026-04-05 00:00:00,16994.8,2026-04-04T12:31:47
2026-04-05 01:00:00,16752.9,2026-04-04T12:31:47
2026-04-05 02:00:00,16678.2,2026-04-04T12:31:47
2026-04-05 03:00:00,16703.1,2026-04-04T12:31:47
2026-04-05 04:00:00,16865.5,2026-04-04T12:31:47
2026-04-05 05:00:00,17248.4,2026-04-04T12:31:47
2026-04-05 06:00:00,16868.4,2026-04-04T12:31:47
2026-04-05 07:00:00,17068.0,2026-04-04T12:31:47
2026-04-05 08:00:00,17270.1,2026-04-04T12:31:47
2026-04-05 09:00:00,17044.3,2026-04-04T12:31:47
2026-04-05 10:00:00,17354.5,2026-04-04T12:31:47
2026-04-05 11:00:00,17334.7,2026-04-04T12:31:47
2026-04-05 12:00:00,17263.5,2026-04-04T12:31:47
2026-04-05 13:00:00,17338.1,2026-04-04T12:31:47
2026-04-05 14:00:00,17501.3,2026-04-04T12:31:47
2026-04-05 15:00:00,17572.1,2026-04-04T12:31:47
2026-04-05 16:00:00,17321.3,2026-04-04T12:31:47
2026-04-05 17:00:00,17413.9,2026-04-04T12:31:47
2026-04-05 18:00:00,17310.7,2026-04-04T12:31:47
2026-04-05 19:00:00,17413.6,2026-04-04T12:31:47
2026-04-05 20:00:00,16980.0,2026-04-04T12:31:47
2026-04-05 21:00:00,16431.6,2026-04-04T12:31:47
2026-04-05 22:00:00,15947.4,2026-04-04T12:31:47
2026-04-05 23:00:00,15692.1,2026-04-04T12:31:47
2026-04-06 00:00:00,16262.6,2026-04-05T12:31:48
2026-04-06 01:00:00,16110.4,2026-04-05T12:31:48
2026-04-06 02:00:00,15994.3,2026-04-05T12:31:48
2026-04-06 03:00:00,16405.4,2026-04-05T12:31:48
2026-04-06 04:00:00,17001.1,2026-04-05T12:31:48
2026-04-06 05:00:00,18201.4,2026-04-05T12:31:48
2026-04-06 06:00:00,18390.1,2026-04-05T12:31:48
2026-04-06 07:00:00,18438.5,2026-04-05T12:31:48
2026-04-06 08:00:00,18380.5,2026-04-05T12:31:48
2026-04-06 09:00:00,18368.7,2026-04-05T12:31:48
2026-04-06 10:00:00,18036.6,2026-04-05T12:31:48
2026-04-06 11:00:00,17961.0,2026-04-05T12:31:48
2026-04-06 12:00:00,17924.3,2026-04-05T12:31:48
2026-04-06 13:00:00,17586.5,2026-04-05T12:31:48
2026-04-06 14:00:00,17881.3,2026-04-05T12:31:48
2026-04-06 15:00:00,18396.1,2026-04-05T12:31:48
2026-04-06 16:00:00,18755.7,2026-04-05T12:31:48
2026-04-06 17:00:00,19263.5,2026-04-05T12:31:48
2026-04-06 18:00:00,19794.9,2026-04-05T12:31:48
2026-04-06 19:00:00,19828.2,2026-04-05T12:31:48
2026-04-06 20:00:00,19758.5,2026-04-05T12:31:48
2026-04-06 21:00:00,19168.2,2026-04-05T12:31:48
2026-04-06 22:00:00,18091.4,2026-04-05T12:31:48
2026-04-06 23:00:00,17043.9,2026-04-05T12:31:48
2026-04-07 00:00:00,17562.1,2026-04-06T12:31:46
2026-04-07 01:00:00,17508.4,2026-04-06T12:31:46
2026-04-07 02:00:00,17428.2,2026-04-06T12:31:46
2026-04-07 03:00:00,17962.7,2026-04-06T12:31:46
2026-04-07 04:00:00,18337.3,2026-04-06T12:31:46
2026-04-07 05:00:00,20017.5,2026-04-06T12:31:46
2026-04-07 06:00:00,20647.3,2026-04-06T12:31:46
2026-04-07 07:00:00,20121.9,2026-04-06T12:31:46
2026-04-07 08:00:00,19631.6,2026-04-06T12:31:46
2026-04-07 09:00:00,19097.1,2026-04-06T12:31:46
2026-04-07 10:00:00,18374.4,2026-04-06T12:31:46
2026-04-07 11:00:00,17686.5,2026-04-06T12:31:46
2026-04-07 12:00:00,17589.5,2026-04-06T12:31:46
2026-04-07 13:00:00,17302.7,2026-04-06T12:31:46
2026-04-07 14:00:00,17380.7,2026-04-06T12:31:46
2026-04-07 15:00:00,17927.3,2026-04-06T12:31:46
2026-04-07 16:00:00,18469.6,2026-04-06T12:31:46
2026-04-07 17:00:00,19065.6,2026-04-06T12:31:46
2026-04-07 18:00:00,19413.2,2026-04-06T12:31:46
2026-04-07 19:00:00,19945.0,2026-04-06T12:31:46
2026-04-07 20:00:00,19143.4,2026-04-06T12:31:46
2026-04-07 21:00:00,18384.4,2026-04-06T12:31:46
2026-04-07 22:00:00,17668.3,2026-04-06T12:31:46
2026-04-07 23:00:00,17397.7,2026-04-06T12:31:46
2026-04-08 00:00:00,16231.3,2026-04-07T12:31:45
2026-04-08 01:00:00,16218.4,2026-04-07T12:31:45
2026-04-08 02:00:00,16558.9,2026-04-07T12:31:45
2026-04-08 03:00:00,16987.2,2026-04-07T12:31:45
2026-04-08 04:00:00,17684.6,2026-04-07T12:31:45
2026-04-08 05:00:00,19472.8,2026-04-07T12:31:45
2026-04-08 06:00:00,20007.6,2026-04-07T12:31:45
2026-04-08 07:00:00,19617.9,2026-04-07T12:31:45
2026-04-08 08:00:00,18522.4,2026-04-07T12:31:45
2026-04-08 09:00:00,17771.6,2026-04-07T12:31:45
2026-04-08 10:00:00,17169.9,2026-04-07T12:31:45
2026-04-08 11:00:00,17104.3,2026-04-07T12:31:45
2026-04-08 12:00:00,16920.1,2026-04-07T12:31:45
2026-04-08 13:00:00,16980.4,2026-04-07T12:31:45
2026-04-08 14:00:00,17057.3,2026-04-07T12:31:45
2026-04-08 15:00:00,17333.4,2026-04-07T12:31:45
2026-04-08 16:00:00,17969.0,2026-04-07T12:31:45
2026-04-08 17:00:00,18741.8,2026-04-07T12:31:45
2026-04-08 18:00:00,19744.2,2026-04-07T12:31:45
2026-04-08 19:00:00,20167.3,2026-04-07T12:31:45
2026-04-08 20:00:00,19741.8,2026-04-07T12:31:45
2026-04-08 21:00:00,18995.6,2026-04-07T12:31:45
2026-04-08 22:00:00,17797.2,2026-04-07T12:31:45
2026-04-08 23:00:00,17736.5,2026-04-07T12:31:45
2026-04-09 00:00:00,17688.5,2026-04-08T12:31:46
2026-04-09 01:00:00,17894.6,2026-04-08T12:31:46
2026-04-09 02:00:00,17765.6,2026-04-08T12:31:46
2026-04-09 03:00:00,17540.5,2026-04-08T12:31:46
2026-04-09 04:00:00,17696.7,2026-04-08T12:31:46
2026-04-09 05:00:00,18236.6,2026-04-08T12:31:46
2026-04-09 06:00:00,18846.0,2026-04-08T12:31:46
2026-04-09 07:00:00,18848.3,2026-04-08T12:31:46
2026-04-09 08:00:00,18584.7,2026-04-08T12:31:46
2026-04-09 09:00:00,18392.0,2026-04-08T12:31:46
2026-04-09 10:00:00,18223.1,2026-04-08T12:31:46
2026-04-09 11:00:00,18238.3,2026-04-08T12:31:46
2026-04-09 12:00:00,18020.3,2026-04-08T12:31:46
2026-04-09 13:00:00,17868.9,2026-04-08T12:31:46
2026-04-09 14:00:00,17764.4,2026-04-08T12:31:46
2026-04-09 15:00:00,17972.0,2026-04-08T12:31:46
2026-04-09 16:00:00,18478.2,2026-04-08T12:31:46
2026-04-09 17:00:00,18870.8,2026-04-08T12:31:46
2026-04-09 18:00:00,19350.5,2026-04-08T12:31:46
2026-04-09 19:00:00,18999.6,2026-04-08T12:31:46
2026-04-09 20:00:00,18425.4,2026-04-08T12:31:46
2026-04-09 21:00:00,17742.2,2026-04-08T12:31:46
2026-04-09 22:00:00,16779.2,2026-04-08T12:31:46
2026-04-09 23:00:00,16240.5,2026-04-08T12:31:46
2026-04-10 00:00:00,14763.5,2026-04-09T13:46:55
2026-04-10 01:00:00,14681.9,2026-04-09T13:46:55
2026-04-10 02:00:00,14685.6,2026-04-09T13:46:55
2026-04-10 03:00:00,14827.5,2026-04-09T13:46:55
2026-04-10 04:00:00,15389.8,2026-04-09T13:46:55
2026-04-10 05:00:00,17344.9,2026-04-09T13:46:55
2026-04-10 06:00:00,18475.4,2026-04-09T13:46:55
2026-04-10 07:00:00,18550.4,2026-04-09T13:46:55
2026-04-10 08:00:00,18440.7,2026-04-09T13:46:55
2026-04-10 09:00:00,18303.4,2026-04-09T13:46:55
2026-04-10 10:00:00,18131.9,2026-04-09T13:46:55
2026-04-10 11:00:00,18098.8,2026-04-09T13:46:55
2026-04-10 12:00:00,18037.3,2026-04-09T13:46:55
2026-04-10 13:00:00,17658.2,2026-04-09T13:46:55
2026-04-10 14:00:00,17746.5,2026-04-09T13:46:55
2026-04-10 15:00:00,17930.7,2026-04-09T13:46:55
2026-04-10 16:00:00,18229.3,2026-04-09T13:46:55
2026-04-10 17:00:00,18710.5,2026-04-09T13:46:55
2026-04-10 18:00:00,18931.1,2026-04-09T13:46:55
2026-04-10 19:00:00,18895.2,2026-04-09T13:46:55
2026-04-10 20:00:00,18487.4,2026-04-09T13:46:55
2026-04-10 21:00:00,16940.9,2026-04-09T13:46:55
2026-04-10 22:00:00,16236.8,2026-04-09T13:46:55
2026-04-10 23:00:00,15917.4,2026-04-09T13:46:55
2026-04-11 00:00:00,15969.0,2026-04-10T12:31:50
2026-04-11 01:00:00,15708.6,2026-04-10T12:31:50
2026-04-11 02:00:00,15780.1,2026-04-10T12:31:50
2026-04-11 03:00:00,15711.8,2026-04-10T12:31:50
2026-04-11 04:00:00,16105.6,2026-04-10T12:31:50
2026-04-11 05:00:00,16598.0,2026-04-10T12:31:50
2026-04-11 06:00:00,16652.8,2026-04-10T12:31:50
2026-04-11 07:00:00,16723.9,2026-04-10T12:31:50
2026-04-11 08:00:00,16248.7,2026-04-10T12:31:50
2026-04-11 09:00:00,15832.5,2026-04-10T12:31:50
2026-04-11 10:00:00,15529.1,2026-04-10T12:31:50
2026-04-11 11:00:00,15286.6,2026-04-10T12:31:50
2026-04-11 12:00:00,15157.6,2026-04-10T12:31:50
2026-04-11 13:00:00,15198.0,2026-04-10T12:31:50
2026-04-11 14:00:00,15284.7,2026-04-10T12:31:50
2026-04-11 15:00:00,15589.8,2026-04-10T12:31:50
2026-04-11 16:00:00,16071.8,2026-04-10T12:31:50
2026-04-11 17:00:00,17268.8,2026-04-10T12:31:50
2026-04-11 18:00:00,17510.2,2026-04-10T12:31:50
2026-04-11 19:00:00,17558.8,2026-04-10T12:31:50
2026-04-11 20:00:00,17278.1,2026-04-10T12:31:50
2026-04-11 21:00:00,16857.8,2026-04-10T12:31:50
2026-04-11 22:00:00,15883.8,2026-04-10T12:31:50
2026-04-11 23:00:00,15954.0,2026-04-10T12:31:50
2026-04-12 00:00:00,15625.2,2026-04-11T12:31:49
2026-04-12 01:00:00,15491.6,2026-04-11T12:31:49
2026-04-12 02:00:00,15374.4,2026-04-11T12:31:49
2026-04-12 03:00:00,15327.8,2026-04-11T12:31:49
2026-04-12 04:00:00,15641.3,2026-04-11T12:31:49
2026-04-12 05:00:00,16223.7,2026-04-11T12:31:49
2026-04-12 06:00:00,16047.1,2026-04-11T12:31:49
2026-04-12 07:00:00,16552.1,2026-04-11T12:31:49
2026-04-12 08:00:00,16700.7,2026-04-11T12:31:49
2026-04-12 09:00:00,16871.3,2026-04-11T12:31:49
2026-04-12 10:00:00,16742.4,2026-04-11T12:31:49
2026-04-12 11:00:00,16764.6,2026-04-11T12:31:49
2026-04-12 12:00:00,16709.5,2026-04-11T12:31:49
2026-04-12 13:00:00,16995.4,2026-04-11T12:31:49
2026-04-12 14:00:00,17190.6,2026-04-11T12:31:49
2026-04-12 15:00:00,17381.1,2026-04-11T12:31:49
2026-04-12 16:00:00,17634.3,2026-04-11T12:31:49
2026-04-12 17:00:00,18048.9,2026-04-11T12:31:49
2026-04-12 18:00:00,18703.3,2026-04-11T12:31:49
2026-04-12 19:00:00,18870.9,2026-04-11T12:31:49
2026-04-12 20:00:00,18294.8,2026-04-11T12:31:49
2026-04-12 21:00:00,17955.7,2026-04-11T12:31:49
2026-04-12 22:00:00,17055.7,2026-04-11T12:31:49
2026-04-12 23:00:00,16647.7,2026-04-11T12:31:49
2026-04-13 00:00:00,16684.3,2026-04-12T12:31:41
2026-04-13 01:00:00,16451.7,2026-04-12T12:31:41
2026-04-13 02:00:00,16378.5,2026-04-12T12:31:41
2026-04-13 03:00:00,16188.4,2026-04-12T12:31:41
2026-04-13 04:00:00,16647.5,2026-04-12T12:31:41
2026-04-13 05:00:00,17301.4,2026-04-12T12:31:41
2026-04-13 06:00:00,18015.2,2026-04-12T12:31:41
2026-04-13 07:00:00,18418.2,2026-04-12T12:31:41
2026-04-13 08:00:00,18012.1,2026-04-12T12:31:41
2026-04-13 09:00:00,18036.6,2026-04-12T12:31:41
2026-04-13 10:00:00,18100.4,2026-04-12T12:31:41
2026-04-13 11:00:00,17989.2,2026-04-12T12:31:41
2026-04-13 12:00:00,17956.2,2026-04-12T12:31:41
2026-04-13 13:00:00,17985.9,2026-04-12T12:31:41
2026-04-13 14:00:00,17731.8,2026-04-12T12:31:41
2026-04-13 15:00:00,17693.4,2026-04-12T12:31:41
2026-04-13 16:00:00,18547.1,2026-04-12T12:31:41
2026-04-13 17:00:00,18512.0,2026-04-12T12:31:41
2026-04-13 18:00:00,18515.6,2026-04-12T12:31:41
2026-04-13 19:00:00,18664.3,2026-04-12T12:31:41
2026-04-13 20:00:00,17963.4,2026-04-12T12:31:41
2026-04-13 21:00:00,17344.9,2026-04-12T12:31:41
2026-04-13 22:00:00,16365.5,2026-04-12T12:31:41
2026-04-13 23:00:00,15956.2,2026-04-12T12:31:41
2026-04-14 00:00:00,15734.8,2026-04-13T12:31:49
2026-04-14 01:00:00,15564.8,2026-04-13T12:31:49
2026-04-14 02:00:00,15810.0,2026-04-13T12:31:49
2026-04-14 03:00:00,16041.9,2026-04-13T12:31:49
2026-04-14 04:00:00,16496.1,2026-04-13T12:31:49
2026-04-14 05:00:00,17647.2,2026-04-13T12:31:49
2026-04-14 06:00:00,18778.2,2026-04-13T12:31:49
2026-04-14 07:00:00,19147.7,2026-04-13T12:31:49
2026-04-14 08:00:00,18913.8,2026-04-13T12:31:49
2026-04-14 09:00:00,18981.7,2026-04-13T12:31:49
2026-04-14 10:00:00,18815.1,2026-04-13T12:31:49
2026-04-14 11:00:00,18561.6,2026-04-13T12:31:49
2026-04-14 12:00:00,18372.8,2026-04-13T12:31:49
2026-04-14 13:00:00,18523.1,2026-04-13T12:31:49
2026-04-14 14:00:00,18724.8,2026-04-13T12:31:49
2026-04-14 15:00:00,19020.6,2026-04-13T12:31:49
2026-04-14 16:00:00,19702.3,2026-04-13T12:31:49
2026-04-14 17:00:00,19730.7,2026-04-13T12:31:49
2026-04-14 18:00:00,19420.3,2026-04-13T12:31:49
2026-04-14 19:00:00,19027.0,2026-04-13T12:31:49
2026-04-14 20:00:00,19080.9,2026-04-13T12:31:49
2026-04-14 21:00:00,18078.8,2026-04-13T12:31:49
2026-04-14 22:00:00,17040.1,2026-04-13T12:31:49
2026-04-14 23:00:00,15697.7,2026-04-13T12:31:49
2026-04-15 00:00:00,15678.4,2026-04-14T12:31:59
2026-04-15 01:00:00,15580.5,2026-04-14T12:31:59
2026-04-15 02:00:00,15532.6,2026-04-14T12:31:59
2026-04-15 03:00:00,15740.2,2026-04-14T12:31:59
2026-04-15 04:00:00,16212.1,2026-04-14T12:31:59
2026-04-15 05:00:00,17760.4,2026-04-14T12:31:59
2026-04-15 06:00:00,18748.4,2026-04-14T12:31:59
2026-04-15 07:00:00,18984.7,2026-04-14T12:31:59
2026-04-15 08:00:00,18939.1,2026-04-14T12:31:59
2026-04-15 09:00:00,18950.9,2026-04-14T12:31:59
2026-04-15 10:00:00,18643.3,2026-04-14T12:31:59
2026-04-15 11:00:00,18672.5,2026-04-14T12:31:59
2026-04-15 12:00:00,18616.7,2026-04-14T12:31:59
2026-04-15 13:00:00,18759.6,2026-04-14T12:31:59
2026-04-15 14:00:00,19051.6,2026-04-14T12:31:59
2026-04-15 15:00:00,19501.5,2026-04-14T12:31:59
2026-04-15 16:00:00,20403.2,2026-04-14T12:31:59
2026-04-15 17:00:00,20534.1,2026-04-14T12:31:59
2026-04-15 18:00:00,20569.0,2026-04-14T12:31:59
2026-04-15 19:00:00,20549.4,2026-04-14T12:31:59
2026-04-15 20:00:00,20023.8,2026-04-14T12:31:59
2026-04-15 21:00:00,18760.0,2026-04-14T12:31:59
2026-04-15 22:00:00,17586.5,2026-04-14T12:31:59
2026-04-15 23:00:00,16766.0,2026-04-14T12:31:59
2026-04-16 00:00:00,15977.1,2026-04-15T12:31:47
2026-04-16 01:00:00,15996.2,2026-04-15T12:31:47
2026-04-16 02:00:00,15738.2,2026-04-15T12:31:47
2026-04-16 03:00:00,15817.6,2026-04-15T12:31:47
2026-04-16 04:00:00,16580.5,2026-04-15T12:31:47
2026-04-16 05:00:00,17896.6,2026-04-15T12:31:47
2026-04-16 06:00:00,18808.7,2026-04-15T12:31:47
2026-04-16 07:00:00,19003.0,2026-04-15T12:31:47
2026-04-16 08:00:00,19012.5,2026-04-15T12:31:47
2026-04-16 09:00:00,18925.0,2026-04-15T12:31:47
2026-04-16 10:00:00,18495.7,2026-04-15T12:31:47
2026-04-16 11:00:00,18651.5,2026-04-15T12:31:47
2026-04-16 12:00:00,18648.4,2026-04-15T12:31:47
2026-04-16 13:00:00,18793.1,2026-04-15T12:31:47
2026-04-16 14:00:00,19115.9,2026-04-15T12:31:47
2026-04-16 15:00:00,19917.8,2026-04-15T12:31:47
2026-04-16 16:00:00,20135.7,2026-04-15T12:31:47
2026-04-16 17:00:00,20827.3,2026-04-15T12:31:47
2026-04-16 18:00:00,20829.0,2026-04-15T12:31:47
2026-04-16 19:00:00,20544.9,2026-04-15T12:31:47
2026-04-16 20:00:00,20122.7,2026-04-15T12:31:47
2026-04-16 21:00:00,18508.0,2026-04-15T12:31:47
2026-04-16 22:00:00,17488.8,2026-04-15T12:31:47
2026-04-16 23:00:00,16364.4,2026-04-15T12:31:47
2026-04-17 00:00:00,16062.7,2026-04-16T12:31:48
2026-04-17 01:00:00,15871.4,2026-04-16T12:31:48
2026-04-17 02:00:00,15760.4,2026-04-16T12:31:48
2026-04-17 03:00:00,15849.2,2026-04-16T12:31:48
2026-04-17 04:00:00,16204.0,2026-04-16T12:31:48
2026-04-17 05:00:00,17742.9,2026-04-16T12:31:48
2026-04-17 06:00:00,18957.1,2026-04-16T12:31:48
2026-04-17 07:00:00,18684.1,2026-04-16T12:31:48
2026-04-17 08:00:00,18369.5,2026-04-16T12:31:48
2026-04-17 09:00:00,18033.6,2026-04-16T12:31:48
2026-04-17 10:00:00,18175.8,2026-04-16T12:31:48
2026-04-17 11:00:00,17937.8,2026-04-16T12:31:48
2026-04-17 12:00:00,18031.5,2026-04-16T12:31:48
2026-04-17 13:00:00,17656.1,2026-04-16T12:31:48
2026-04-17 14:00:00,17624.6,2026-04-16T12:31:48
2026-04-17 15:00:00,18235.5,2026-04-16T12:31:48
2026-04-17 16:00:00,19055.3,2026-04-16T12:31:48
2026-04-17 17:00:00,19561.3,2026-04-16T12:31:48
2026-04-17 18:00:00,19400.0,2026-04-16T12:31:48
2026-04-17 19:00:00,19469.5,2026-04-16T12:31:48
2026-04-17 20:00:00,18986.4,2026-04-16T12:31:48
2026-04-17 21:00:00,18541.8,2026-04-16T12:31:48
2026-04-17 22:00:00,17388.4,2026-04-16T12:31:48
2026-04-17 23:00:00,16732.3,2026-04-16T12:31:48
2026-04-18 00:00:00,16572.6,2026-04-17T12:31:53
2026-04-18 01:00:00,16404.3,2026-04-17T12:31:53
2026-04-18 02:00:00,16425.9,2026-04-17T12:31:53
2026-04-18 03:00:00,16332.8,2026-04-17T12:31:53
2026-04-18 04:00:00,16246.0,2026-04-17T12:31:53
2026-04-18 05:00:00,16239.0,2026-04-17T12:31:53
2026-04-18 06:00:00,16344.5,2026-04-17T12:31:53
2026-04-18 07:00:00,16796.1,2026-04-17T12:31:53
2026-04-18 08:00:00,17145.4,2026-04-17T12:31:53
2026-04-18 09:00:00,17447.1,2026-04-17T12:31:53
2026-04-18 10:00:00,17539.2,2026-04-17T12:31:53
2026-04-18 11:00:00,17421.6,2026-04-17T12:31:53
2026-04-18 12:00:00,17323.5,2026-04-17T12:31:53
2026-04-18 13:00:00,17206.7,2026-04-17T12:31:53
2026-04-18 14:00:00,17203.1,2026-04-17T12:31:53
2026-04-18 15:00:00,17306.1,2026-04-17T12:31:53
2026-04-18 16:00:00,17840.8,2026-04-17T12:31:53
2026-04-18 17:00:00,18156.8,2026-04-17T12:31:53
2026-04-18 18:00:00,18122.7,2026-04-17T12:31:53
2026-04-18 19:00:00,18225.3,2026-04-17T12:31:53
2026-04-18 20:00:00,17835.8,2026-04-17T12:31:53
2026-04-18 21:00:00,17267.8,2026-04-17T12:31:53
2026-04-18 22:00:00,16656.5,2026-04-17T12:31:53
2026-04-18 23:00:00,16587.7,2026-04-17T12:31:53
2026-04-19 00:00:00,16860.3,2026-04-18T12:31:49
2026-04-19 01:00:00,16469.8,2026-04-18T12:31:49
2026-04-19 02:00:00,16415.9,2026-04-18T12:31:49
2026-04-19 03:00:00,16495.5,2026-04-18T12:31:49
2026-04-19 04:00:00,16746.0,2026-04-18T12:31:49
2026-04-19 05:00:00,16735.8,2026-04-18T12:31:49
2026-04-19 06:00:00,16629.1,2026-04-18T12:31:49
2026-04-19 07:00:00,17015.5,2026-04-18T12:31:49
2026-04-19 08:00:00,16937.4,2026-04-18T12:31:49
2026-04-19 09:00:00,17234.8,2026-04-18T12:31:49
2026-04-19 10:00:00,17393.6,2026-04-18T12:31:49
2026-04-19 11:00:00,17301.5,2026-04-18T12:31:49
2026-04-19 12:00:00,17230.8,2026-04-18T12:31:49
2026-04-19 13:00:00,17193.8,2026-04-18T12:31:49
2026-04-19 14:00:00,17344.9,2026-04-18T12:31:49
2026-04-19 15:00:00,17718.8,2026-04-18T12:31:49
2026-04-19 16:00:00,18310.9,2026-04-18T12:31:49
2026-04-19 17:00:00,18962.2,2026-04-18T12:31:49
2026-04-19 18:00:00,19269.2,2026-04-18T12:31:49
2026-04-19 19:00:00,19123.0,2026-04-18T12:31:49
2026-04-19 20:00:00,18716.2,2026-04-18T12:31:49
2026-04-19 21:00:00,18297.9,2026-04-18T12:31:49
2026-04-19 22:00:00,18059.0,2026-04-18T12:31:49
2026-04-19 23:00:00,17691.1,2026-04-18T12:31:49
2026-04-20 00:00:00,16884.7,2026-04-19T12:31:46
2026-04-20 01:00:00,16752.3,2026-04-19T12:31:46
2026-04-20 02:00:00,16802.7,2026-04-19T12:31:46
2026-04-20 03:00:00,17123.3,2026-04-19T12:31:46
2026-04-20 04:00:00,17868.2,2026-04-19T12:31:46
2026-04-20 05:00:00,18822.3,2026-04-19T12:31:46
2026-04-20 06:00:00,19644.6,2026-04-19T12:31:46
2026-04-20 07:00:00,19809.1,2026-04-19T12:31:46
2026-04-20 08:00:00,18915.5,2026-04-19T12:31:46
2026-04-20 09:00:00,18626.2,2026-04-19T12:31:46
2026-04-20 10:00:00,18475.2,2026-04-19T12:31:46
2026-04-20 11:00:00,18042.7,2026-04-19T12:31:46
2026-04-20 12:00:00,17854.5,2026-04-19T12:31:46
2026-04-20 13:00:00,17782.9,2026-04-19T12:31:46
2026-04-20 14:00:00,18191.9,2026-04-19T12:31:46
2026-04-20 15:00:00,18404.6,2026-04-19T12:31:46
2026-04-20 16:00:00,19333.9,2026-04-19T12:31:46
2026-04-20 17:00:00,20078.3,2026-04-19T12:31:46
2026-04-20 18:00:00,20427.5,2026-04-19T12:31:46
2026-04-20 19:00:00,20651.4,2026-04-19T12:31:46
2026-04-20 20:00:00,20376.4,2026-04-19T12:31:46
2026-04-20 21:00:00,19450.4,2026-04-19T12:31:46
2026-04-20 22:00:00,17642.7,2026-04-19T12:31:46
2026-04-20 23:00:00,17359.2,2026-04-19T12:31:46
2026-04-21 00:00:00,17614.5,2026-04-20T12:31:56
2026-04-21 01:00:00,17518.0,2026-04-20T12:31:56
2026-04-21 02:00:00,17642.0,2026-04-20T12:31:56
2026-04-21 03:00:00,17975.3,2026-04-20T12:31:56
2026-04-21 04:00:00,18331.6,2026-04-20T12:31:56
2026-04-21 05:00:00,19377.0,2026-04-20T12:31:56
2026-04-21 06:00:00,20424.0,2026-04-20T12:31:56
2026-04-21 07:00:00,20533.3,2026-04-20T12:31:56
2026-04-21 08:00:00,20160.8,2026-04-20T12:31:56
2026-04-21 09:00:00,19575.7,2026-04-20T12:31:56
2026-04-21 10:00:00,19399.4,2026-04-20T12:31:56
2026-04-21 11:00:00,19077.8,2026-04-20T12:31:56
2026-04-21 12:00:00,18779.0,2026-04-20T12:31:56
2026-04-21 13:00:00,18822.7,2026-04-20T12:31:56
2026-04-21 14:00:00,18608.0,2026-04-20T12:31:56
2026-04-21 15:00:00,18814.4,2026-04-20T12:31:56
2026-04-21 16:00:00,19417.5,2026-04-20T12:31:56
2026-04-21 17:00:00,20215.0,2026-04-20T12:31:56
2026-04-21 18:00:00,20478.1,2026-04-20T12:31:56
2026-04-21 19:00:00,20692.0,2026-04-20T12:31:56
2026-04-21 20:00:00,20319.9,2026-04-20T12:31:56
2026-04-21 21:00:00,18997.7,2026-04-20T12:31:56
2026-04-21 22:00:00,17807.6,2026-04-20T12:31:56
2026-04-21 23:00:00,16863.8,2026-04-20T12:31:56
2026-04-22 00:00:00,16730.1,2026-04-21T13:31:54
2026-04-22 01:00:00,16801.2,2026-04-21T13:31:54
2026-04-22 02:00:00,16677.7,2026-04-21T13:31:54
2026-04-22 03:00:00,16745.6,2026-04-21T13:31:54
2026-04-22 04:00:00,17039.6,2026-04-21T13:31:54
2026-04-22 05:00:00,18864.6,2026-04-21T13:31:54
2026-04-22 06:00:00,19420.6,2026-04-21T13:31:54
2026-04-22 07:00:00,19058.8,2026-04-21T13:31:54
2026-04-22 08:00:00,18385.7,2026-04-21T13:31:54
2026-04-22 09:00:00,18306.4,2026-04-21T13:31:54
2026-04-22 10:00:00,18098.7,2026-04-21T13:31:54
2026-04-22 11:00:00,17972.7,2026-04-21T13:31:54
2026-04-22 12:00:00,17866.7,2026-04-21T13:31:54
2026-04-22 13:00:00,17593.7,2026-04-21T13:31:54
2026-04-22 14:00:00,17790.9,2026-04-21T13:31:54
2026-04-22 15:00:00,18166.9,2026-04-21T13:31:54
2026-04-22 16:00:00,18618.8,2026-04-21T13:31:54
2026-04-22 17:00:00,19385.0,2026-04-21T13:31:54
2026-04-22 18:00:00,19915.5,2026-04-21T13:31:54
2026-04-22 19:00:00,19819.8,2026-04-21T13:31:54
2026-04-22 20:00:00,19438.4,2026-04-21T13:31:54
2026-04-22 21:00:00,18558.3,2026-04-21T13:31:54
2026-04-22 22:00:00,17848.5,2026-04-21T13:31:54
2026-04-22 23:00:00,16535.3,2026-04-21T13:31:54
2026-04-23 00:00:00,16220.8,2026-04-22T12:32:50
2026-04-23 01:00:00,16116.1,2026-04-22T12:32:50
2026-04-23 02:00:00,16114.9,2026-04-22T12:32:50
2026-04-23 03:00:00,16033.4,2026-04-22T12:32:50
2026-04-23 04:00:00,16584.3,2026-04-22T12:32:50
2026-04-23 05:00:00,17749.1,2026-04-22T12:32:50
2026-04-23 06:00:00,18768.9,2026-04-22T12:32:50
2026-04-23 07:00:00,18499.7,2026-04-22T12:32:50
2026-04-23 08:00:00,18068.8,2026-04-22T12:32:50
2026-04-23 09:00:00,17799.9,2026-04-22T12:32:50
2026-04-23 10:00:00,17766.0,2026-04-22T12:32:50
2026-04-23 11:00:00,17573.2,2026-04-22T12:32:50
2026-04-23 12:00:00,17376.2,2026-04-22T12:32:50
2026-04-23 13:00:00,17247.4,2026-04-22T12:32:50
2026-04-23 14:00:00,17166.0,2026-04-22T12:32:50
2026-04-23 15:00:00,17710.5,2026-04-22T12:32:50
2026-04-23 16:00:00,18534.2,2026-04-22T12:32:50
2026-04-23 17:00:00,19116.5,2026-04-22T12:32:50
2026-04-23 18:00:00,19696.4,2026-04-22T12:32:50
2026-04-23 19:00:00,19994.2,2026-04-22T12:32:50
2026-04-23 20:00:00,19536.2,2026-04-22T12:32:50
2026-04-23 21:00:00,18365.1,2026-04-22T12:32:50
2026-04-23 22:00:00,17981.6,2026-04-22T12:32:50
2026-04-23 23:00:00,17409.6,2026-04-22T12:32:50
2026-04-24 00:00:00,17357.6,2026-04-23T12:32:28
2026-04-24 01:00:00,17067.9,2026-04-23T12:32:28
2026-04-24 02:00:00,17194.8,2026-04-23T12:32:28
2026-04-24 03:00:00,17300.1,2026-04-23T12:32:28
2026-04-24 04:00:00,17806.4,2026-04-23T12:32:28
2026-04-24 05:00:00,18730.4,2026-04-23T12:32:28
2026-04-24 06:00:00,19036.4,2026-04-23T12:32:28
2026-04-24 07:00:00,19077.2,2026-04-23T12:32:28
2026-04-24 08:00:00,18634.3,2026-04-23T12:32:28
2026-04-24 09:00:00,18665.6,2026-04-23T12:32:28
2026-04-24 10:00:00,18226.2,2026-04-23T12:32:28
2026-04-24 11:00:00,18154.0,2026-04-23T12:32:28
2026-04-24 12:00:00,18047.6,2026-04-23T12:32:28
2026-04-24 13:00:00,17859.5,2026-04-23T12:32:28
2026-04-24 14:00:00,17988.3,2026-04-23T12:32:28
2026-04-24 15:00:00,18221.2,2026-04-23T12:32:28
2026-04-24 16:00:00,18718.4,2026-04-23T12:32:28
2026-04-24 17:00:00,19719.2,2026-04-23T12:32:28
2026-04-24 18:00:00,20010.3,2026-04-23T12:32:28
2026-04-24 19:00:00,19982.8,2026-04-23T12:32:28
2026-04-24 20:00:00,19606.2,2026-04-23T12:32:28
2026-04-24 21:00:00,18583.5,2026-04-23T12:32:28
2026-04-24 22:00:00,17645.8,2026-04-23T12:32:28
2026-04-24 23:00:00,17332.4,2026-04-23T12:32:28
2026-04-25 00:00:00,16867.4,2026-04-24T12:31:47
2026-04-25 01:00:00,16650.8,2026-04-24T12:31:47
2026-04-25 02:00:00,16560.2,2026-04-24T12:31:47
2026-04-25 03:00:00,16575.9,2026-04-24T12:31:47
2026-04-25 04:00:00,16710.8,2026-04-24T12:31:47
2026-04-25 05:00:00,16665.6,2026-04-24T12:31:47
2026-04-25 06:00:00,16963.7,2026-04-24T12:31:47
2026-04-25 07:00:00,17177.2,2026-04-24T12:31:47
2026-04-25 08:00:00,17564.6,2026-04-24T12:31:47
2026-04-25 09:00:00,17689.7,2026-04-24T12:31:47
2026-04-25 10:00:00,17810.9,2026-04-24T12:31:47
2026-04-25 11:00:00,17897.8,2026-04-24T12:31:47
2026-04-25 12:00:00,17769.3,2026-04-24T12:31:47
2026-04-25 13:00:00,17813.2,2026-04-24T12:31:47
2026-04-25 14:00:00,17923.1,2026-04-24T12:31:47
2026-04-25 15:00:00,17912.0,2026-04-24T12:31:47
2026-04-25 16:00:00,18135.9,2026-04-24T12:31:47
2026-04-25 17:00:00,18811.5,2026-04-24T12:31:47
2026-04-25 18:00:00,19049.3,2026-04-24T12:31:47
2026-04-25 19:00:00,19131.7,2026-04-24T12:31:47
2026-04-25 20:00:00,18635.2,2026-04-24T12:31:47
2026-04-25 21:00:00,17849.2,2026-04-24T12:31:47
2026-04-25 22:00:00,17419.5,2026-04-24T12:31:47
2026-04-25 23:00:00,16331.4,2026-04-24T12:31:47
2026-04-26 00:00:00,15936.0,2026-04-25T12:31:47
2026-04-26 01:00:00,15655.6,2026-04-25T12:31:47
2026-04-26 02:00:00,15628.5,2026-04-25T12:31:47
2026-04-26 03:00:00,15629.5,2026-04-25T12:31:47
2026-04-26 04:00:00,15792.0,2026-04-25T12:31:47
2026-04-26 05:00:00,16217.4,2026-04-25T12:31:47
2026-04-26 06:00:00,15983.3,2026-04-25T12:31:47
2026-04-26 07:00:00,15812.2,2026-04-25T12:31:47
2026-04-26 08:00:00,15543.6,2026-04-25T12:31:47
2026-04-26 09:00:00,15679.5,2026-04-25T12:31:47
2026-04-26 10:00:00,15542.6,2026-04-25T12:31:47
2026-04-26 11:00:00,15767.9,2026-04-25T12:31:47
2026-04-26 12:00:00,15517.4,2026-04-25T12:31:47
2026-04-26 13:00:00,15733.7,2026-04-25T12:31:47
2026-04-26 14:00:00,15788.7,2026-04-25T12:31:47
2026-04-26 15:00:00,15783.4,2026-04-25T12:31:47
2026-04-26 16:00:00,15899.5,2026-04-25T12:31:47
2026-04-26 17:00:00,16512.6,2026-04-25T12:31:47
2026-04-26 18:00:00,17556.2,2026-04-25T12:31:47
2026-04-26 19:00:00,17839.9,2026-04-25T12:31:47
2026-04-26 20:00:00,17632.5,2026-04-25T12:31:47
2026-04-26 21:00:00,17010.2,2026-04-25T12:31:47
2026-04-26 22:00:00,16575.9,2026-04-25T12:31:47
2026-04-26 23:00:00,16222.7,2026-04-25T12:31:47
2026-04-27 00:00:00,16222.1,2026-04-26T12:31:45
2026-04-27 01:00:00,16923.7,2026-04-26T12:31:45
2026-04-27 02:00:00,16877.1,2026-04-26T12:31:45
2026-04-27 03:00:00,16871.8,2026-04-26T12:31:45
2026-04-27 04:00:00,17526.7,2026-04-26T12:31:45
2026-04-27 05:00:00,18097.7,2026-04-26T12:31:45
2026-04-27 06:00:00,18358.4,2026-04-26T12:31:45
2026-04-27 07:00:00,18479.7,2026-04-26T12:31:45
2026-04-27 08:00:00,18331.6,2026-04-26T12:31:45
2026-04-27 09:00:00,17906.6,2026-04-26T12:31:45
2026-04-27 10:00:00,17605.0,2026-04-26T12:31:45
2026-04-27 11:00:00,17663.0,2026-04-26T12:31:45
2026-04-27 12:00:00,17772.7,2026-04-26T12:31:45
2026-04-27 13:00:00,17861.1,2026-04-26T12:31:45
2026-04-27 14:00:00,18056.3,2026-04-26T12:31:45
2026-04-27 15:00:00,18329.3,2026-04-26T12:31:45
2026-04-27 16:00:00,18869.5,2026-04-26T12:31:45
2026-04-27 17:00:00,19160.3,2026-04-26T12:31:45
2026-04-27 18:00:00,19828.8,2026-04-26T12:31:45
2026-04-27 19:00:00,19816.9,2026-04-26T12:31:45
2026-04-27 20:00:00,19169.1,2026-04-26T12:31:45
2026-04-27 21:00:00,18321.3,2026-04-26T12:31:45
2026-04-27 22:00:00,17655.0,2026-04-26T12:31:45
2026-04-27 23:00:00,16747.7,2026-04-26T12:31:45
2026-04-28 00:00:00,16341.6,2026-04-27T12:31:50
2026-04-28 01:00:00,16457.2,2026-04-27T12:31:50
2026-04-28 02:00:00,16381.1,2026-04-27T12:31:50
2026-04-28 03:00:00,16331.5,2026-04-27T12:31:50
2026-04-28 04:00:00,16639.0,2026-04-27T12:31:50
2026-04-28 05:00:00,18194.7,2026-04-27T12:31:50
2026-04-28 06:00:00,18976.0,2026-04-27T12:31:50
2026-04-28 07:00:00,18962.0,2026-04-27T12:31:50
2026-04-28 08:00:00,18827.6,2026-04-27T12:31:50
2026-04-28 09:00:00,18826.9,2026-04-27T12:31:50
2026-04-28 10:00:00,18547.8,2026-04-27T12:31:50
2026-04-28 11:00:00,18320.8,2026-04-27T12:31:50
2026-04-28 12:00:00,18282.3,2026-04-27T12:31:50
2026-04-28 13:00:00,18056.2,2026-04-27T12:31:50
2026-04-28 14:00:00,18176.0,2026-04-27T12:31:50
2026-04-28 15:00:00,18622.8,2026-04-27T12:31:50
2026-04-28 16:00:00,19164.8,2026-04-27T12:31:50
2026-04-28 17:00:00,19722.8,2026-04-27T12:31:50
2026-04-28 18:00:00,19863.5,2026-04-27T12:31:50
2026-04-28 19:00:00,19670.6,2026-04-27T12:31:50
2026-04-28 20:00:00,19303.0,2026-04-27T12:31:50
2026-04-28 21:00:00,18599.6,2026-04-27T12:31:50
2026-04-28 22:00:00,17050.9,2026-04-27T12:31:50
2026-04-28 23:00:00,15980.3,2026-04-27T12:31:50
2026-04-29 00:00:00,16248.5,2026-04-28T12:31:59
2026-04-29 01:00:00,16291.9,2026-04-28T12:31:59
2026-04-29 02:00:00,16249.0,2026-04-28T12:31:59
2026-04-29 03:00:00,16311.5,2026-04-28T12:31:59
2026-04-29 04:00:00,16858.3,2026-04-28T12:31:59
2026-04-29 05:00:00,17731.0,2026-04-28T12:31:59
2026-04-29 06:00:00,18530.7,2026-04-28T12:31:59
2026-04-29 07:00:00,18652.7,2026-04-28T12:31:59
2026-04-29 08:00:00,18555.8,2026-04-28T12:31:59
2026-04-29 09:00:00,18626.6,2026-04-28T12:31:59
2026-04-29 10:00:00,18485.4,2026-04-28T12:31:59
2026-04-29 11:00:00,18499.8,2026-04-28T12:31:59
2026-04-29 12:00:00,18532.8,2026-04-28T12:31:59
2026-04-29 13:00:00,18625.9,2026-04-28T12:31:59
2026-04-29 14:00:00,18792.1,2026-04-28T12:31:59
2026-04-29 15:00:00,18986.7,2026-04-28T12:31:59
2026-04-29 16:00:00,19654.8,2026-04-28T12:31:59
2026-04-29 17:00:00,19777.0,2026-04-28T12:31:59
2026-04-29 18:00:00,19920.3,2026-04-28T12:31:59
2026-04-29 19:00:00,19882.2,2026-04-28T12:31:59
2026-04-29 20:00:00,19683.6,2026-04-28T12:31:59
2026-04-29 21:00:00,18955.1,2026-04-28T12:31:59
2026-04-29 22:00:00,18038.3,2026-04-28T12:31:59
2026-04-29 23:00:00,17159.9,2026-04-28T12:31:59
2026-04-30 00:00:00,17017.6,2026-04-29T12:31:55
2026-04-30 01:00:00,16779.3,2026-04-29T12:31:55
2026-04-30 02:00:00,16658.3,2026-04-29T12:31:55
2026-04-30 03:00:00,16930.9,2026-04-29T12:31:55
2026-04-30 04:00:00,17515.5,2026-04-29T12:31:55
2026-04-30 05:00:00,18438.9,2026-04-29T12:31:55
2026-04-30 06:00:00,18846.7,2026-04-29T12:31:55
2026-04-30 07:00:00,19051.4,2026-04-29T12:31:55
2026-04-30 08:00:00,18510.8,2026-04-29T12:31:55
2026-04-30 09:00:00,18431.0,2026-04-29T12:31:55
2026-04-30 10:00:00,18252.8,2026-04-29T12:31:55
2026-04-30 11:00:00,18147.7,2026-04-29T12:31:55
2026-04-30 12:00:00,18134.9,2026-04-29T12:31:55
2026-04-30 13:00:00,18035.9,2026-04-29T12:31:55
2026-04-30 14:00:00,18158.0,2026-04-29T12:31:55
2026-04-30 15:00:00,18173.6,2026-04-29T12:31:55
2026-04-30 16:00:00,18584.2,2026-04-29T12:31:55
2026-04-30 17:00:00,18932.5,2026-04-29T12:31:55
2026-04-30 18:00:00,19436.7,2026-04-29T12:31:55
2026-04-30 19:00:00,19434.5,2026-04-29T12:31:55
2026-04-30 20:00:00,19378.3,2026-04-29T12:31:55
2026-04-30 21:00:00,18764.9,2026-04-29T12:31:55
2026-04-30 22:00:00,17499.7,2026-04-29T12:31:55
2026-04-30 23:00:00,16907.1,2026-04-29T12:31:55
2026-05-01 00:00:00,16591.8,2026-04-30T12:31:58
2026-05-01 01:00:00,16471.5,2026-04-30T12:31:58
2026-05-01 02:00:00,16297.8,2026-04-30T12:31:58
2026-05-01 03:00:00,16498.3,2026-04-30T12:31:58
2026-05-01 04:00:00,17020.7,2026-04-30T12:31:58
2026-05-01 05:00:00,17982.4,2026-04-30T12:31:58
2026-05-01 06:00:00,18355.5,2026-04-30T12:31:58
2026-05-01 07:00:00,18401.4,2026-04-30T12:31:58
2026-05-01 08:00:00,17789.4,2026-04-30T12:31:58
2026-05-01 09:00:00,17512.9,2026-04-30T12:31:58
2026-05-01 10:00:00,17446.1,2026-04-30T12:31:58
2026-05-01 11:00:00,17531.1,2026-04-30T12:31:58
2026-05-01 12:00:00,17412.4,2026-04-30T12:31:58
2026-05-01 13:00:00,17602.5,2026-04-30T12:31:58
2026-05-01 14:00:00,17713.9,2026-04-30T12:31:58
2026-05-01 15:00:00,18027.0,2026-04-30T12:31:58
2026-05-01 16:00:00,17952.3,2026-04-30T12:31:58
2026-05-01 17:00:00,18288.9,2026-04-30T12:31:58
2026-05-01 18:00:00,19014.0,2026-04-30T12:31:58
2026-05-01 19:00:00,19223.8,2026-04-30T12:31:58
2026-05-01 20:00:00,19248.9,2026-04-30T12:31:58
2026-05-01 21:00:00,18505.5,2026-04-30T12:31:58
2026-05-01 22:00:00,17589.7,2026-04-30T12:31:58
2026-05-01 23:00:00,16680.0,2026-04-30T12:31:58
2026-05-02 00:00:00,16296.0,2026-05-01T12:32:07
2026-05-02 01:00:00,16346.7,2026-05-01T12:32:07
2026-05-02 02:00:00,16267.6,2026-05-01T12:32:07
2026-05-02 03:00:00,16400.1,2026-05-01T12:32:07
2026-05-02 04:00:00,16115.6,2026-05-01T12:32:07
2026-05-02 05:00:00,15803.5,2026-05-01T12:32:07
2026-05-02 06:00:00,16450.4,2026-05-01T12:32:07
2026-05-02 07:00:00,16030.6,2026-05-01T12:32:07
2026-05-02 08:00:00,16188.7,2026-05-01T12:32:07
2026-05-02 09:00:00,16152.8,2026-05-01T12:32:07
2026-05-02 10:00:00,16115.4,2026-05-01T12:32:07
2026-05-02 11:00:00,16111.0,2026-05-01T12:32:07
2026-05-02 12:00:00,16005.2,2026-05-01T12:32:07
2026-05-02 13:00:00,16115.3,2026-05-01T12:32:07
2026-05-02 14:00:00,16141.5,2026-05-01T12:32:07
2026-05-02 15:00:00,16671.9,2026-05-01T12:32:07
2026-05-02 16:00:00,16459.3,2026-05-01T12:32:07
2026-05-02 17:00:00,17329.7,2026-05-01T12:32:07
2026-05-02 18:00:00,17999.8,2026-05-01T12:32:07
2026-05-02 19:00:00,17960.7,2026-05-01T12:32:07
2026-05-02 20:00:00,17275.4,2026-05-01T12:32:07
2026-05-02 21:00:00,16942.6,2026-05-01T12:32:07
2026-05-02 22:00:00,16499.7,2026-05-01T12:32:07
2026-05-02 23:00:00,16242.0,2026-05-01T12:32:07
2026-05-03 00:00:00,16144.4,2026-05-02T12:31:51
2026-05-03 01:00:00,16062.7,2026-05-02T12:31:51
2026-05-03 02:00:00,16055.2,2026-05-02T12:31:51
2026-05-03 03:00:00,15943.6,2026-05-02T12:31:51
2026-05-03 04:00:00,15809.3,2026-05-02T12:31:51
2026-05-03 05:00:00,15961.8,2026-05-02T12:31:51
2026-05-03 06:00:00,15905.4,2026-05-02T12:31:51
2026-05-03 07:00:00,16143.4,2026-05-02T12:31:51
2026-05-03 08:00:00,16157.9,2026-05-02T12:31:51
2026-05-03 09:00:00,16683.5,2026-05-02T12:31:51
2026-05-03 10:00:00,16593.2,2026-05-02T12:31:51
2026-05-03 11:00:00,16828.1,2026-05-02T12:31:51
2026-05-03 12:00:00,16930.0,2026-05-02T12:31:51
2026-05-03 13:00:00,16878.6,2026-05-02T12:31:51
2026-05-03 14:00:00,17084.1,2026-05-02T12:31:51
2026-05-03 15:00:00,17140.7,2026-05-02T12:31:51
2026-05-03 16:00:00,17472.9,2026-05-02T12:31:51
2026-05-03 17:00:00,17940.7,2026-05-02T12:31:51
2026-05-03 18:00:00,18085.8,2026-05-02T12:31:51
2026-05-03 19:00:00,18251.0,2026-05-02T12:31:51
2026-05-03 20:00:00,17882.8,2026-05-02T12:31:51
2026-05-03 21:00:00,17226.5,2026-05-02T12:31:51
2026-05-03 22:00:00,17300.4,2026-05-02T12:31:51
2026-05-03 23:00:00,16955.7,2026-05-02T12:31:51
2026-05-04 00:00:00,16850.6,2026-05-03T12:31:49
2026-05-04 01:00:00,16758.0,2026-05-03T12:31:49
2026-05-04 02:00:00,16594.5,2026-05-03T12:31:49
2026-05-04 03:00:00,16413.7,2026-05-03T12:31:49
2026-05-04 04:00:00,16767.0,2026-05-03T12:31:49
2026-05-04 05:00:00,17190.7,2026-05-03T12:31:49
2026-05-04 06:00:00,17889.1,2026-05-03T12:31:49
2026-05-04 07:00:00,17135.1,2026-05-03T12:31:49
2026-05-04 08:00:00,17394.4,2026-05-03T12:31:49
2026-05-04 09:00:00,17512.7,2026-05-03T12:31:49
2026-05-04 10:00:00,17747.1,2026-05-03T12:31:49
2026-05-04 11:00:00,17882.6,2026-05-03T12:31:49
2026-05-04 12:00:00,18007.6,2026-05-03T12:31:49
2026-05-04 13:00:00,18066.6,2026-05-03T12:31:49
2026-05-04 14:00:00,18227.3,2026-05-03T12:31:49
2026-05-04 15:00:00,18371.7,2026-05-03T12:31:49
2026-05-04 16:00:00,18621.2,2026-05-03T12:31:49
2026-05-04 17:00:00,19123.3,2026-05-03T12:31:49
2026-05-04 18:00:00,19433.1,2026-05-03T12:31:49
2026-05-04 19:00:00,19275.9,2026-05-03T12:31:49
2026-05-04 20:00:00,18860.1,2026-05-03T12:31:49
2026-05-04 21:00:00,18246.0,2026-05-03T12:31:49
2026-05-04 22:00:00,17919.4,2026-05-03T12:31:49
2026-05-04 23:00:00,17437.5,2026-05-03T12:31:49
2026-05-05 00:00:00,16316.7,2026-05-04T12:31:59
2026-05-05 01:00:00,16142.4,2026-05-04T12:31:59
2026-05-05 02:00:00,16127.8,2026-05-04T12:31:59
2026-05-05 03:00:00,16309.0,2026-05-04T12:31:59
2026-05-05 04:00:00,16255.9,2026-05-04T12:31:59
2026-05-05 05:00:00,17788.4,2026-05-04T12:31:59
2026-05-05 06:00:00,19228.2,2026-05-04T12:31:59
2026-05-05 07:00:00,18868.5,2026-05-04T12:31:59
2026-05-05 08:00:00,18915.1,2026-05-04T12:31:59
2026-05-05 09:00:00,19209.0,2026-05-04T12:31:59
2026-05-05 10:00:00,19192.4,2026-05-04T12:31:59
2026-05-05 11:00:00,19152.8,2026-05-04T12:31:59
2026-05-05 12:00:00,19363.2,2026-05-04T12:31:59
2026-05-05 13:00:00,19323.5,2026-05-04T12:31:59
2026-05-05 14:00:00,19469.5,2026-05-04T12:31:59
2026-05-05 15:00:00,20124.6,2026-05-04T12:31:59
2026-05-05 16:00:00,20122.1,2026-05-04T12:31:59
2026-05-05 17:00:00,20397.8,2026-05-04T12:31:59
2026-05-05 18:00:00,20278.7,2026-05-04T12:31:59
2026-05-05 19:00:00,20405.4,2026-05-04T12:31:59
2026-05-05 20:00:00,20003.8,2026-05-04T12:31:59
2026-05-05 21:00:00,19339.4,2026-05-04T12:31:59
2026-05-05 22:00:00,18116.1,2026-05-04T12:31:59
2026-05-05 23:00:00,16215.6,2026-05-04T12:31:59
2026-05-06 00:00:00,16035.9,2026-05-05T12:32:23
2026-05-06 01:00:00,16124.0,2026-05-05T12:32:23
2026-05-06 02:00:00,16056.6,2026-05-05T12:32:23
2026-05-06 03:00:00,16413.6,2026-05-05T12:32:23
2026-05-06 04:00:00,16888.4,2026-05-05T12:32:23
2026-05-06 05:00:00,18286.3,2026-05-05T12:32:23
2026-05-06 06:00:00,19171.9,2026-05-05T12:32:23
2026-05-06 07:00:00,19244.0,2026-05-05T12:32:23
2026-05-06 08:00:00,19086.6,2026-05-05T12:32:23
2026-05-06 09:00:00,19183.8,2026-05-05T12:32:23
2026-05-06 10:00:00,19138.7,2026-05-05T12:32:23
2026-05-06 11:00:00,19029.2,2026-05-05T12:32:23
2026-05-06 12:00:00,19131.5,2026-05-05T12:32:23
2026-05-06 13:00:00,19283.5,2026-05-05T12:32:23
2026-05-06 14:00:00,19103.7,2026-05-05T12:32:23
2026-05-06 15:00:00,19356.2,2026-05-05T12:32:23
2026-05-06 16:00:00,19855.9,2026-05-05T12:32:23
2026-05-06 17:00:00,20211.8,2026-05-05T12:32:23
2026-05-06 18:00:00,20261.2,2026-05-05T12:32:23
2026-05-06 19:00:00,20301.3,2026-05-05T12:32:23
2026-05-06 20:00:00,20019.6,2026-05-05T12:32:23
2026-05-06 21:00:00,19406.4,2026-05-05T12:32:23
2026-05-06 22:00:00,18233.2,2026-05-05T12:32:23
2026-05-06 23:00:00,16535.5,2026-05-05T12:32:23
2026-05-07 00:00:00,16570.5,2026-05-06T12:31:55
2026-05-07 01:00:00,16588.8,2026-05-06T12:31:55
2026-05-07 02:00:00,16636.0,2026-05-06T12:31:55
2026-05-07 03:00:00,16934.6,2026-05-06T12:31:55
2026-05-07 04:00:00,17618.9,2026-05-06T12:31:55
2026-05-07 05:00:00,18578.5,2026-05-06T12:31:55
2026-05-07 06:00:00,19563.1,2026-05-06T12:31:55
2026-05-07 07:00:00,19322.7,2026-05-06T12:31:55
2026-05-07 08:00:00,18615.0,2026-05-06T12:31:55
2026-05-07 09:00:00,18297.0,2026-05-06T12:31:55
2026-05-07 10:00:00,18326.1,2026-05-06T12:31:55
2026-05-07 11:00:00,18422.4,2026-05-06T12:31:55
2026-05-07 12:00:00,18337.1,2026-05-06T12:31:55
2026-05-07 13:00:00,18278.0,2026-05-06T12:31:55
2026-05-07 14:00:00,18478.1,2026-05-06T12:31:55
2026-05-07 15:00:00,18770.7,2026-05-06T12:31:55
2026-05-07 16:00:00,19056.7,2026-05-06T12:31:55
2026-05-07 17:00:00,19545.8,2026-05-06T12:31:55
2026-05-07 18:00:00,20126.1,2026-05-06T12:31:55
2026-05-07 19:00:00,20172.4,2026-05-06T12:31:55
2026-05-07 20:00:00,19756.5,2026-05-06T12:31:55
2026-05-07 21:00:00,18890.6,2026-05-06T12:31:55
2026-05-07 22:00:00,18283.7,2026-05-06T12:31:55
2026-05-07 23:00:00,16933.8,2026-05-06T12:31:55
2026-05-08 00:00:00,16788.9,2026-05-07T12:32:01
2026-05-08 01:00:00,16651.3,2026-05-07T12:32:01
2026-05-08 02:00:00,16921.9,2026-05-07T12:32:01
2026-05-08 03:00:00,17138.1,2026-05-07T12:32:01
2026-05-08 04:00:00,17361.3,2026-05-07T12:32:01
2026-05-08 05:00:00,17737.2,2026-05-07T12:32:01
2026-05-08 06:00:00,18429.0,2026-05-07T12:32:01
2026-05-08 07:00:00,18485.0,2026-05-07T12:32:01
2026-05-08 08:00:00,17857.6,2026-05-07T12:32:01
2026-05-08 09:00:00,17559.3,2026-05-07T12:32:01
2026-05-08 10:00:00,17637.7,2026-05-07T12:32:01
2026-05-08 11:00:00,17482.2,2026-05-07T12:32:01
2026-05-08 12:00:00,17492.2,2026-05-07T12:32:01
2026-05-08 13:00:00,17508.3,2026-05-07T12:32:01
2026-05-08 14:00:00,17670.4,2026-05-07T12:32:01
2026-05-08 15:00:00,17563.8,2026-05-07T12:32:01
2026-05-08 16:00:00,18021.8,2026-05-07T12:32:01
2026-05-08 17:00:00,18315.1,2026-05-07T12:32:01
2026-05-08 18:00:00,18596.8,2026-05-07T12:32:01
2026-05-08 19:00:00,18788.5,2026-05-07T12:32:01
2026-05-08 20:00:00,18527.8,2026-05-07T12:32:01
2026-05-08 21:00:00,18169.1,2026-05-07T12:32:01
2026-05-08 22:00:00,17693.4,2026-05-07T12:32:01
2026-05-08 23:00:00,16398.5,2026-05-07T12:32:01
2026-05-09 00:00:00,15863.5,2026-05-08T12:31:58
2026-05-09 01:00:00,15715.1,2026-05-08T12:31:58
2026-05-09 02:00:00,15578.6,2026-05-08T12:31:58
2026-05-09 03:00:00,15403.3,2026-05-08T12:31:58
2026-05-09 04:00:00,15371.6,2026-05-08T12:31:58
2026-05-09 05:00:00,15286.4,2026-05-08T12:31:58
2026-05-09 06:00:00,15685.2,2026-05-08T12:31:58
2026-05-09 07:00:00,16294.9,2026-05-08T12:31:58
2026-05-09 08:00:00,16637.1,2026-05-08T12:31:58
2026-05-09 09:00:00,16886.7,2026-05-08T12:31:58
2026-05-09 10:00:00,17012.4,2026-05-08T12:31:58
2026-05-09 11:00:00,17229.5,2026-05-08T12:31:58
2026-05-09 12:00:00,17424.4,2026-05-08T12:31:58
2026-05-09 13:00:00,17415.3,2026-05-08T12:31:58
2026-05-09 14:00:00,17484.5,2026-05-08T12:31:58
2026-05-09 15:00:00,17240.6,2026-05-08T12:31:58
2026-05-09 16:00:00,17198.2,2026-05-08T12:31:58
2026-05-09 17:00:00,17646.5,2026-05-08T12:31:58
2026-05-09 18:00:00,17752.7,2026-05-08T12:31:58
2026-05-09 19:00:00,17641.6,2026-05-08T12:31:58
2026-05-09 20:00:00,17516.8,2026-05-08T12:31:58
2026-05-09 21:00:00,16898.8,2026-05-08T12:31:58
2026-05-09 22:00:00,16369.7,2026-05-08T12:31:58
2026-05-09 23:00:00,15246.4,2026-05-08T12:31:58
2026-05-10 00:00:00,15320.1,2026-05-09T12:31:40
2026-05-10 01:00:00,15168.4,2026-05-09T12:31:40
2026-05-10 02:00:00,15006.7,2026-05-09T12:31:40
2026-05-10 03:00:00,14866.6,2026-05-09T12:31:40
2026-05-10 04:00:00,14986.6,2026-05-09T12:31:40
2026-05-10 05:00:00,14949.8,2026-05-09T12:31:40
2026-05-10 06:00:00,15024.8,2026-05-09T12:31:40
2026-05-10 07:00:00,15191.5,2026-05-09T12:31:40
2026-05-10 08:00:00,15242.7,2026-05-09T12:31:40
2026-05-10 09:00:00,15229.6,2026-05-09T12:31:40
2026-05-10 10:00:00,15312.3,2026-05-09T12:31:40
2026-05-10 11:00:00,15393.2,2026-05-09T12:31:40
2026-05-10 12:00:00,15382.2,2026-05-09T12:31:40
2026-05-10 13:00:00,15386.5,2026-05-09T12:31:40
2026-05-10 14:00:00,15591.0,2026-05-09T12:31:40
2026-05-10 15:00:00,15933.3,2026-05-09T12:31:40
2026-05-10 16:00:00,16858.6,2026-05-09T12:31:40
2026-05-10 17:00:00,17784.8,2026-05-09T12:31:40
2026-05-10 18:00:00,18199.1,2026-05-09T12:31:40
2026-05-10 19:00:00,18331.5,2026-05-09T12:31:40
2026-05-10 20:00:00,17944.2,2026-05-09T12:31:40
2026-05-10 21:00:00,17436.7,2026-05-09T12:31:40
2026-05-10 22:00:00,16827.1,2026-05-09T12:31:40
2026-05-10 23:00:00,15328.8,2026-05-09T12:31:40
2026-05-11 00:00:00,15262.3,2026-05-10T12:31:44
2026-05-11 01:00:00,15383.6,2026-05-10T12:31:44
2026-05-11 02:00:00,15355.5,2026-05-10T12:31:44
2026-05-11 03:00:00,15667.8,2026-05-10T12:31:44
2026-05-11 04:00:00,16591.8,2026-05-10T12:31:44
2026-05-11 05:00:00,17306.8,2026-05-10T12:31:44
2026-05-11 06:00:00,18091.8,2026-05-10T12:31:44
2026-05-11 07:00:00,17819.4,2026-05-10T12:31:44
2026-05-11 08:00:00,17837.0,2026-05-10T12:31:44
2026-05-11 09:00:00,17630.6,2026-05-10T12:31:44
2026-05-11 10:00:00,17433.6,2026-05-10T12:31:44
2026-05-11 11:00:00,17465.1,2026-05-10T12:31:44
2026-05-11 12:00:00,17398.0,2026-05-10T12:31:44
2026-05-11 13:00:00,17342.5,2026-05-10T12:31:44
2026-05-11 14:00:00,17445.1,2026-05-10T12:31:44
2026-05-11 15:00:00,17599.5,2026-05-10T12:31:44
2026-05-11 16:00:00,18204.0,2026-05-10T12:31:44
2026-05-11 17:00:00,18361.2,2026-05-10T12:31:44
2026-05-11 18:00:00,19104.3,2026-05-10T12:31:44
2026-05-11 19:00:00,18918.8,2026-05-10T12:31:44
2026-05-11 20:00:00,18272.9,2026-05-10T12:31:44
2026-05-11 21:00:00,17616.1,2026-05-10T12:31:44
2026-05-11 22:00:00,17109.4,2026-05-10T12:31:44
2026-05-11 23:00:00,16073.9,2026-05-10T12:31:44
2026-05-12 00:00:00,15771.7,2026-05-11T12:32:02
2026-05-12 01:00:00,15659.4,2026-05-11T12:32:02
2026-05-12 02:00:00,15728.9,2026-05-11T12:32:02
2026-05-12 03:00:00,15690.1,2026-05-11T12:32:02
2026-05-12 04:00:00,16488.4,2026-05-11T12:32:02
2026-05-12 05:00:00,17033.1,2026-05-11T12:32:02
2026-05-12 06:00:00,17470.4,2026-05-11T12:32:02
2026-05-12 07:00:00,17336.2,2026-05-11T12:32:02
2026-05-12 08:00:00,16840.2,2026-05-11T12:32:02
2026-05-12 09:00:00,16607.5,2026-05-11T12:32:02
2026-05-12 10:00:00,16617.9,2026-05-11T12:32:02
2026-05-12 11:00:00,16656.1,2026-05-11T12:32:02
2026-05-12 12:00:00,16900.1,2026-05-11T12:32:02
2026-05-12 13:00:00,16969.7,2026-05-11T12:32:02
2026-05-12 14:00:00,17344.7,2026-05-11T12:32:02
2026-05-12 15:00:00,17592.2,2026-05-11T12:32:02
2026-05-12 16:00:00,17900.4,2026-05-11T12:32:02
2026-05-12 17:00:00,18318.8,2026-05-11T12:32:02
2026-05-12 18:00:00,19139.9,2026-05-11T12:32:02
2026-05-12 19:00:00,19585.9,2026-05-11T12:32:02
2026-05-12 20:00:00,19188.3,2026-05-11T12:32:02
2026-05-12 21:00:00,18413.8,2026-05-11T12:32:02
2026-05-12 22:00:00,17686.4,2026-05-11T12:32:02
2026-05-12 23:00:00,17134.6,2026-05-11T12:32:02
2026-05-13 00:00:00,16638.3,2026-05-12T12:32:14
2026-05-13 01:00:00,17061.0,2026-05-12T12:32:14
2026-05-13 02:00:00,17104.2,2026-05-12T12:32:14
2026-05-13 03:00:00,16971.1,2026-05-12T12:32:14
2026-05-13 04:00:00,17050.3,2026-05-12T12:32:14
2026-05-13 05:00:00,17216.9,2026-05-12T12:32:14
2026-05-13 06:00:00,18015.9,2026-05-12T12:32:14
2026-05-13 07:00:00,18037.6,2026-05-12T12:32:14
2026-05-13 08:00:00,18117.9,2026-05-12T12:32:14
2026-05-13 09:00:00,18291.2,2026-05-12T12:32:14
2026-05-13 10:00:00,18242.6,2026-05-12T12:32:14
2026-05-13 11:00:00,18446.8,2026-05-12T12:32:14
2026-05-13 12:00:00,18456.6,2026-05-12T12:32:14
2026-05-13 13:00:00,18264.5,2026-05-12T12:32:14
2026-05-13 14:00:00,18205.3,2026-05-12T12:32:14
2026-05-13 15:00:00,18539.6,2026-05-12T12:32:14
2026-05-13 16:00:00,18770.0,2026-05-12T12:32:14
2026-05-13 17:00:00,18905.0,2026-05-12T12:32:14
2026-05-13 18:00:00,19135.0,2026-05-12T12:32:14
2026-05-13 19:00:00,19179.4,2026-05-12T12:32:14
2026-05-13 20:00:00,18837.2,2026-05-12T12:32:14
2026-05-13 21:00:00,18083.7,2026-05-12T12:32:14
2026-05-13 22:00:00,17216.2,2026-05-12T12:32:14
2026-05-13 23:00:00,16740.6,2026-05-12T12:32:14
2026-05-14 00:00:00,16595.2,2026-05-13T12:32:17
2026-05-14 01:00:00,16891.7,2026-05-13T12:32:17
2026-05-14 02:00:00,16741.7,2026-05-13T12:32:17
2026-05-14 03:00:00,16923.1,2026-05-13T12:32:17
2026-05-14 04:00:00,17066.0,2026-05-13T12:32:17
2026-05-14 05:00:00,17449.9,2026-05-13T12:32:17
2026-05-14 06:00:00,18292.2,2026-05-13T12:32:17
2026-05-14 07:00:00,18398.6,2026-05-13T12:32:17
2026-05-14 08:00:00,18274.3,2026-05-13T12:32:17
2026-05-14 09:00:00,18300.8,2026-05-13T12:32:17
2026-05-14 10:00:00,18277.1,2026-05-13T12:32:17
2026-05-14 11:00:00,18109.1,2026-05-13T12:32:17
2026-05-14 12:00:00,18162.5,2026-05-13T12:32:17
2026-05-14 13:00:00,18049.9,2026-05-13T12:32:17
2026-05-14 14:00:00,18179.5,2026-05-13T12:32:17
2026-05-14 15:00:00,18429.5,2026-05-13T12:32:17
2026-05-14 16:00:00,18769.9,2026-05-13T12:32:17
2026-05-14 17:00:00,18785.5,2026-05-13T12:32:17
2026-05-14 18:00:00,18965.6,2026-05-13T12:32:17
2026-05-14 19:00:00,19185.3,2026-05-13T12:32:17
2026-05-14 20:00:00,19006.5,2026-05-13T12:32:17
2026-05-14 21:00:00,18311.7,2026-05-13T12:32:17
2026-05-14 22:00:00,17651.3,2026-05-13T12:32:17
2026-05-14 23:00:00,16154.9,2026-05-13T12:32:17
2026-05-15 00:00:00,15858.9,2026-05-14T12:32:26
2026-05-15 01:00:00,16251.6,2026-05-14T12:32:26
2026-05-15 02:00:00,15980.1,2026-05-14T12:32:26
2026-05-15 03:00:00,16127.2,2026-05-14T12:32:26
2026-05-15 04:00:00,16190.3,2026-05-14T12:32:26
2026-05-15 05:00:00,16736.5,2026-05-14T12:32:26
2026-05-15 06:00:00,17468.5,2026-05-14T12:32:26
2026-05-15 07:00:00,17158.7,2026-05-14T12:32:26
2026-05-15 08:00:00,16948.5,2026-05-14T12:32:26
2026-05-15 09:00:00,17065.1,2026-05-14T12:32:26
2026-05-15 10:00:00,16982.3,2026-05-14T12:32:26
2026-05-15 11:00:00,16734.4,2026-05-14T12:32:26
2026-05-15 12:00:00,16889.8,2026-05-14T12:32:26
2026-05-15 13:00:00,17075.2,2026-05-14T12:32:26
2026-05-15 14:00:00,17183.1,2026-05-14T12:32:26
2026-05-15 15:00:00,17328.4,2026-05-14T12:32:26
2026-05-15 16:00:00,17786.1,2026-05-14T12:32:26
2026-05-15 17:00:00,18046.7,2026-05-14T12:32:26
2026-05-15 18:00:00,18963.3,2026-05-14T12:32:26
2026-05-15 19:00:00,19178.8,2026-05-14T12:32:26
2026-05-15 20:00:00,18851.2,2026-05-14T12:32:26
2026-05-15 21:00:00,18069.5,2026-05-14T12:32:26
2026-05-15 22:00:00,17231.2,2026-05-14T12:32:26
2026-05-15 23:00:00,16895.9,2026-05-14T12:32:26
2026-05-16 00:00:00,16879.4,2026-05-15T12:32:19
2026-05-16 01:00:00,16598.2,2026-05-15T12:32:19
2026-05-16 02:00:00,16354.0,2026-05-15T12:32:19
2026-05-16 03:00:00,16559.2,2026-05-15T12:32:19
2026-05-16 04:00:00,16409.3,2026-05-15T12:32:19
2026-05-16 05:00:00,16255.5,2026-05-15T12:32:19
2026-05-16 06:00:00,17018.8,2026-05-15T12:32:19
2026-05-16 07:00:00,17149.6,2026-05-15T12:32:19
2026-05-16 08:00:00,17172.4,2026-05-15T12:32:19
2026-05-16 09:00:00,17267.6,2026-05-15T12:32:19
2026-05-16 10:00:00,17441.5,2026-05-15T12:32:19
2026-05-16 11:00:00,17700.1,2026-05-15T12:32:19
2026-05-16 12:00:00,17739.1,2026-05-15T12:32:19
2026-05-16 13:00:00,17573.0,2026-05-15T12:32:19
2026-05-16 14:00:00,17570.2,2026-05-15T12:32:19
2026-05-16 15:00:00,18006.8,2026-05-15T12:32:19
2026-05-16 16:00:00,18776.4,2026-05-15T12:32:19
2026-05-16 17:00:00,18804.5,2026-05-15T12:32:19
2026-05-16 18:00:00,18862.7,2026-05-15T12:32:19
2026-05-16 19:00:00,18617.4,2026-05-15T12:32:19
2026-05-16 20:00:00,18197.6,2026-05-15T12:32:19
2026-05-16 21:00:00,17646.1,2026-05-15T12:32:19
2026-05-16 22:00:00,17177.7,2026-05-15T12:32:19
2026-05-16 23:00:00,16203.3,2026-05-15T12:32:19
2026-05-17 00:00:00,15533.2,2026-05-16T12:31:42
2026-05-17 01:00:00,15267.2,2026-05-16T12:31:42
2026-05-17 02:00:00,14925.9,2026-05-16T12:31:42
2026-05-17 03:00:00,14775.2,2026-05-16T12:31:42
2026-05-17 04:00:00,14587.1,2026-05-16T12:31:42
2026-05-17 05:00:00,14905.3,2026-05-16T12:31:42
2026-05-17 06:00:00,15080.9,2026-05-16T12:31:42
2026-05-17 07:00:00,15123.5,2026-05-16T12:31:42
2026-05-17 08:00:00,15360.0,2026-05-16T12:31:42
2026-05-17 09:00:00,15328.3,2026-05-16T12:31:42
2026-05-17 10:00:00,15609.1,2026-05-16T12:31:42
2026-05-17 11:00:00,15821.6,2026-05-16T12:31:42
2026-05-17 12:00:00,15958.0,2026-05-16T12:31:42
2026-05-17 13:00:00,16220.8,2026-05-16T12:31:42
2026-05-17 14:00:00,17122.7,2026-05-16T12:31:42
2026-05-17 15:00:00,17996.6,2026-05-16T12:31:42
2026-05-17 16:00:00,18768.0,2026-05-16T12:31:42
2026-05-17 17:00:00,19117.5,2026-05-16T12:31:42
2026-05-17 18:00:00,19560.2,2026-05-16T12:31:42
2026-05-17 19:00:00,19606.6,2026-05-16T12:31:42
2026-05-17 20:00:00,19325.8,2026-05-16T12:31:42
2026-05-17 21:00:00,18942.7,2026-05-16T12:31:42
2026-05-17 22:00:00,17376.1,2026-05-16T12:31:42
2026-05-17 23:00:00,16376.8,2026-05-16T12:31:42
2026-05-18 00:00:00,16444.2,2026-05-17T12:31:44
2026-05-18 01:00:00,16186.2,2026-05-17T12:31:44
2026-05-18 02:00:00,15984.4,2026-05-17T12:31:44
2026-05-18 03:00:00,16265.1,2026-05-17T12:31:44
2026-05-18 04:00:00,15859.9,2026-05-17T12:31:44
2026-05-18 05:00:00,16544.8,2026-05-17T12:31:44
2026-05-18 06:00:00,16611.4,2026-05-17T12:31:44
2026-05-18 07:00:00,16729.4,2026-05-17T12:31:44
2026-05-18 08:00:00,17156.9,2026-05-17T12:31:44
2026-05-18 09:00:00,17692.3,2026-05-17T12:31:44
2026-05-18 10:00:00,17999.4,2026-05-17T12:31:44
2026-05-18 11:00:00,18427.1,2026-05-17T12:31:44
2026-05-18 12:00:00,18862.6,2026-05-17T12:31:44
2026-05-18 13:00:00,19494.0,2026-05-17T12:31:44
2026-05-18 14:00:00,19974.7,2026-05-17T12:31:44
2026-05-18 15:00:00,20833.1,2026-05-17T12:31:44
2026-05-18 16:00:00,21792.4,2026-05-17T12:31:44
2026-05-18 17:00:00,21890.0,2026-05-17T12:31:44
2026-05-18 18:00:00,22244.1,2026-05-17T12:31:44
2026-05-18 19:00:00,21826.7,2026-05-17T12:31:44
2026-05-18 20:00:00,21377.7,2026-05-17T12:31:44
2026-05-18 21:00:00,20453.5,2026-05-17T12:31:44
2026-05-18 22:00:00,19017.3,2026-05-17T12:31:44
2026-05-18 23:00:00,17406.4,2026-05-17T12:31:44
