2025-05-28 11:28:20,232 DEBUG __mp_main__: [init] PID=9086 built embedding
2025-05-28 11:28:20,232 INFO root: Compiling the state space embedding with 2 observers...
2025-05-28 11:28:20,232 INFO root: Data size: (61368, 2), Library times: 8749
2025-05-28 11:28:20,243 INFO root: State space embedding compiled. Block size: (8749, 2)
2025-05-28 11:28:20,243 INFO root: Embedding created.
2025-05-28 11:28:20,243 INFO root: Compiling the state space embedding with 2 observers...
2025-05-28 11:28:20,243 INFO root: Data size: (61368, 2), Library times: 8749
2025-05-28 11:28:20,251 INFO root: State space embedding compiled. Block size: (8749, 2)
2025-05-28 11:28:21,507 DEBUG __mp_main__: [init] PID=9087 built embedding
2025-05-28 11:28:21,507 INFO root: Compiling the state space embedding with 2 observers...
2025-05-28 11:28:21,507 INFO root: Data size: (61368, 2), Library times: 8749
2025-05-28 11:28:21,518 INFO root: State space embedding compiled. Block size: (8749, 2)
2025-05-28 11:28:21,518 INFO root: Embedding created.
2025-05-28 11:28:21,518 INFO root: Compiling the state space embedding with 2 observers...
2025-05-28 11:28:21,518 INFO root: Data size: (61368, 2), Library times: 8749
2025-05-28 11:28:21,526 INFO root: State space embedding compiled. Block size: (8749, 2)
2025-05-28 11:28:22,828 DEBUG __mp_main__: [init] PID=9088 built embedding
2025-05-28 11:28:22,828 INFO root: Compiling the state space embedding with 2 observers...
2025-05-28 11:28:22,828 INFO root: Data size: (61368, 2), Library times: 8749
2025-05-28 11:28:22,831 DEBUG __mp_main__: [work] PID=9086 time=2024-05-11 23:00:00 start
2025-05-28 11:28:22,831 DEBUG __mp_main__: [work] PID=9087 time=2021-03-06 16:00:00 start
2025-05-28 11:28:22,839 INFO root: State space embedding compiled. Block size: (8749, 2)
2025-05-28 11:28:22,839 INFO root: Embedding created.
2025-05-28 11:28:22,839 INFO root: Compiling the state space embedding with 2 observers...
2025-05-28 11:28:22,839 INFO root: Data size: (61368, 2), Library times: 8749
2025-05-28 11:28:22,847 INFO root: State space embedding compiled. Block size: (8749, 2)
2025-05-28 11:28:22,847 DEBUG __mp_main__: [work] PID=9088 time=2019-04-13 16:00:00 start
2025-05-28 11:28:23,533 DEBUG __mp_main__: [work] PID=9087 time=2021-03-06 16:00:00 done
2025-05-28 11:28:23,533 DEBUG __mp_main__: [work] PID=9087 time=2020-04-19 02:00:00 start
2025-05-28 11:28:23,534 DEBUG __mp_main__: [work] PID=9086 time=2024-05-11 23:00:00 done
2025-05-28 11:28:23,534 DEBUG __mp_main__: [work] PID=9086 time=2022-09-10 17:00:00 start
2025-05-28 11:28:23,553 DEBUG __mp_main__: [work] PID=9088 time=2019-04-13 16:00:00 done
2025-05-28 11:28:23,553 DEBUG __mp_main__: [work] PID=9088 time=2024-08-24 18:00:00 start
2025-05-28 11:28:24,232 DEBUG __mp_main__: [work] PID=9086 time=2022-09-10 17:00:00 done
2025-05-28 11:28:24,232 DEBUG __mp_main__: [work] PID=9086 time=2021-08-07 09:00:00 start
2025-05-28 11:28:24,234 DEBUG __mp_main__: [work] PID=9087 time=2020-04-19 02:00:00 done
2025-05-28 11:28:24,234 DEBUG __mp_main__: [work] PID=9087 time=2023-11-04 07:00:00 start
2025-05-28 11:28:24,249 DEBUG __mp_main__: [work] PID=9088 time=2024-08-24 18:00:00 done
2025-05-28 11:28:24,249 DEBUG __mp_main__: [work] PID=9088 time=2023-10-28 15:00:00 start
2025-05-28 11:28:24,919 DEBUG __mp_main__: [work] PID=9086 time=2021-08-07 09:00:00 done
2025-05-28 11:28:24,919 DEBUG __mp_main__: [work] PID=9086 time=2021-07-31 20:00:00 start
2025-05-28 11:28:24,927 DEBUG __mp_main__: [work] PID=9087 time=2023-11-04 07:00:00 done
2025-05-28 11:28:24,927 DEBUG __mp_main__: [work] PID=9087 time=2024-08-03 22:00:00 start
2025-05-28 11:28:24,942 DEBUG __mp_main__: [work] PID=9088 time=2023-10-28 15:00:00 done
2025-05-28 11:28:24,942 DEBUG __mp_main__: [work] PID=9088 time=2018-06-16 21:00:00 start
2025-05-28 11:28:25,634 DEBUG __mp_main__: [work] PID=9086 time=2021-07-31 20:00:00 done
2025-05-28 11:28:25,635 DEBUG __mp_main__: [work] PID=9086 time=2020-06-20 14:00:00 start
2025-05-28 11:28:25,645 DEBUG __mp_main__: [work] PID=9087 time=2024-08-03 22:00:00 done
2025-05-28 11:28:25,645 DEBUG __mp_main__: [work] PID=9087 time=2021-09-26 05:00:00 start
2025-05-28 11:28:25,654 DEBUG __mp_main__: [work] PID=9088 time=2018-06-16 21:00:00 done
2025-05-28 11:28:25,654 DEBUG __mp_main__: [work] PID=9088 time=2018-01-28 00:00:00 start
2025-05-28 11:28:26,324 DEBUG __mp_main__: [work] PID=9086 time=2020-06-20 14:00:00 done
2025-05-28 11:28:26,324 DEBUG __mp_main__: [work] PID=9086 time=2019-08-25 00:00:00 start
2025-05-28 11:28:26,344 DEBUG __mp_main__: [work] PID=9087 time=2021-09-26 05:00:00 done
2025-05-28 11:28:26,344 DEBUG __mp_main__: [work] PID=9087 time=2022-03-26 09:00:00 start
2025-05-28 11:28:26,354 DEBUG __mp_main__: [work] PID=9088 time=2018-01-28 00:00:00 done
2025-05-28 11:28:26,354 DEBUG __mp_main__: [work] PID=9088 time=2018-09-30 04:00:00 start
2025-05-28 11:28:27,026 DEBUG __mp_main__: [work] PID=9086 time=2019-08-25 00:00:00 done
2025-05-28 11:28:27,026 DEBUG __mp_main__: [work] PID=9086 time=2024-07-28 00:00:00 start
2025-05-28 11:28:27,039 DEBUG __mp_main__: [work] PID=9087 time=2022-03-26 09:00:00 done
2025-05-28 11:28:27,039 DEBUG __mp_main__: [work] PID=9087 time=2018-12-22 09:00:00 start
2025-05-28 11:28:27,046 DEBUG __mp_main__: [work] PID=9088 time=2018-09-30 04:00:00 done
2025-05-28 11:28:27,046 DEBUG __mp_main__: [work] PID=9088 time=2018-06-16 17:00:00 start
2025-05-28 11:28:27,732 DEBUG __mp_main__: [work] PID=9086 time=2024-07-28 00:00:00 done
2025-05-28 11:28:27,732 DEBUG __mp_main__: [work] PID=9086 time=2023-06-10 23:00:00 start
2025-05-28 11:28:27,740 DEBUG __mp_main__: [work] PID=9087 time=2018-12-22 09:00:00 done
2025-05-28 11:28:27,740 DEBUG __mp_main__: [work] PID=9087 time=2023-06-17 12:00:00 start
2025-05-28 11:28:27,749 DEBUG __mp_main__: [work] PID=9088 time=2018-06-16 17:00:00 done
2025-05-28 11:28:27,750 DEBUG __mp_main__: [work] PID=9088 time=2022-11-26 22:00:00 start
2025-05-28 11:28:28,437 DEBUG __mp_main__: [work] PID=9086 time=2023-06-10 23:00:00 done
2025-05-28 11:28:28,437 DEBUG __mp_main__: [work] PID=9086 time=2018-06-10 00:00:00 start
2025-05-28 11:28:28,445 DEBUG __mp_main__: [work] PID=9087 time=2023-06-17 12:00:00 done
2025-05-28 11:28:28,445 DEBUG __mp_main__: [work] PID=9087 time=2022-02-05 22:00:00 start
2025-05-28 11:28:28,455 DEBUG __mp_main__: [work] PID=9088 time=2022-11-26 22:00:00 done
2025-05-28 11:28:28,455 DEBUG __mp_main__: [work] PID=9088 time=2023-03-11 20:00:00 start
2025-05-28 11:28:29,132 DEBUG __mp_main__: [work] PID=9086 time=2018-06-10 00:00:00 done
2025-05-28 11:28:29,132 DEBUG __mp_main__: [work] PID=9086 time=2021-06-05 11:00:00 start
2025-05-28 11:28:29,139 DEBUG __mp_main__: [work] PID=9087 time=2022-02-05 22:00:00 done
2025-05-28 11:28:29,139 DEBUG __mp_main__: [work] PID=9087 time=2024-03-24 01:00:00 start
2025-05-28 11:28:29,158 DEBUG __mp_main__: [work] PID=9088 time=2023-03-11 20:00:00 done
2025-05-28 11:28:29,158 DEBUG __mp_main__: [work] PID=9088 time=2019-09-28 14:00:00 start
2025-05-28 11:28:29,828 DEBUG __mp_main__: [work] PID=9086 time=2021-06-05 11:00:00 done
2025-05-28 11:28:29,838 DEBUG __mp_main__: [work] PID=9087 time=2024-03-24 01:00:00 done
2025-05-28 11:28:29,850 DEBUG __mp_main__: [work] PID=9088 time=2019-09-28 14:00:00 done
2025-05-28 11:28:29,994 DEBUG __mp_main__: [work] PID=9086 time=2023-02-11 13:00:00 start
2025-05-28 11:28:30,002 DEBUG __mp_main__: [work] PID=9087 time=2023-11-25 16:00:00 start
2025-05-28 11:28:30,017 DEBUG __mp_main__: [work] PID=9088 time=2021-07-31 16:00:00 start
2025-05-28 11:28:30,684 DEBUG __mp_main__: [work] PID=9086 time=2023-02-11 13:00:00 done
2025-05-28 11:28:30,685 DEBUG __mp_main__: [work] PID=9086 time=2020-12-12 20:00:00 start
2025-05-28 11:28:30,697 DEBUG __mp_main__: [work] PID=9087 time=2023-11-25 16:00:00 done
2025-05-28 11:28:30,697 DEBUG __mp_main__: [work] PID=9087 time=2018-12-09 03:00:00 start
2025-05-28 11:28:30,718 DEBUG __mp_main__: [work] PID=9088 time=2021-07-31 16:00:00 done
2025-05-28 11:28:30,718 DEBUG __mp_main__: [work] PID=9088 time=2018-12-22 18:00:00 start
2025-05-28 11:28:31,388 DEBUG __mp_main__: [work] PID=9086 time=2020-12-12 20:00:00 done
2025-05-28 11:28:31,388 DEBUG __mp_main__: [work] PID=9086 time=2019-11-23 07:00:00 start
2025-05-28 11:28:31,399 DEBUG __mp_main__: [work] PID=9087 time=2018-12-09 03:00:00 done
2025-05-28 11:28:31,399 DEBUG __mp_main__: [work] PID=9087 time=2021-04-17 16:00:00 start
2025-05-28 11:28:31,421 DEBUG __mp_main__: [work] PID=9088 time=2018-12-22 18:00:00 done
2025-05-28 11:28:31,421 DEBUG __mp_main__: [work] PID=9088 time=2024-08-10 15:00:00 start
2025-05-28 11:28:32,096 DEBUG __mp_main__: [work] PID=9086 time=2019-11-23 07:00:00 done
2025-05-28 11:28:32,096 DEBUG __mp_main__: [work] PID=9086 time=2024-02-03 17:00:00 start
2025-05-28 11:28:32,115 DEBUG __mp_main__: [work] PID=9087 time=2021-04-17 16:00:00 done
2025-05-28 11:28:32,115 DEBUG __mp_main__: [work] PID=9087 time=2024-08-17 22:00:00 start
2025-05-28 11:28:32,129 DEBUG __mp_main__: [work] PID=9088 time=2024-08-10 15:00:00 done
2025-05-28 11:28:32,129 DEBUG __mp_main__: [work] PID=9088 time=2019-12-07 17:00:00 start
2025-05-28 11:28:32,784 DEBUG __mp_main__: [work] PID=9086 time=2024-02-03 17:00:00 done
2025-05-28 11:28:32,784 DEBUG __mp_main__: [work] PID=9086 time=2020-04-05 01:00:00 start
2025-05-28 11:28:32,803 DEBUG __mp_main__: [work] PID=9087 time=2024-08-17 22:00:00 done
2025-05-28 11:28:32,803 DEBUG __mp_main__: [work] PID=9087 time=2018-09-08 22:00:00 start
2025-05-28 11:28:32,818 DEBUG __mp_main__: [work] PID=9088 time=2019-12-07 17:00:00 done
2025-05-28 11:28:32,818 DEBUG __mp_main__: [work] PID=9088 time=2020-12-26 11:00:00 start
2025-05-28 11:28:33,488 DEBUG __mp_main__: [work] PID=9086 time=2020-04-05 01:00:00 done
2025-05-28 11:28:33,488 DEBUG __mp_main__: [work] PID=9086 time=2019-08-04 00:00:00 start
2025-05-28 11:28:33,516 DEBUG __mp_main__: [work] PID=9087 time=2018-09-08 22:00:00 done
2025-05-28 11:28:33,516 DEBUG __mp_main__: [work] PID=9087 time=2022-12-25 05:00:00 start
2025-05-28 11:28:33,527 DEBUG __mp_main__: [work] PID=9088 time=2020-12-26 11:00:00 done
2025-05-28 11:28:33,528 DEBUG __mp_main__: [work] PID=9088 time=2019-08-17 18:00:00 start
2025-05-28 11:28:34,199 DEBUG __mp_main__: [work] PID=9086 time=2019-08-04 00:00:00 done
2025-05-28 11:28:34,199 DEBUG __mp_main__: [work] PID=9086 time=2018-04-28 17:00:00 start
2025-05-28 11:28:34,221 DEBUG __mp_main__: [work] PID=9087 time=2022-12-25 05:00:00 done
2025-05-28 11:28:34,221 DEBUG __mp_main__: [work] PID=9087 time=2019-02-03 04:00:00 start
2025-05-28 11:28:34,228 DEBUG __mp_main__: [work] PID=9088 time=2019-08-17 18:00:00 done
2025-05-28 11:28:34,228 DEBUG __mp_main__: [work] PID=9088 time=2023-11-04 22:00:00 start
2025-05-28 11:28:34,929 DEBUG __mp_main__: [work] PID=9086 time=2018-04-28 17:00:00 done
2025-05-28 11:28:34,929 DEBUG __mp_main__: [work] PID=9086 time=2024-01-20 19:00:00 start
2025-05-28 11:28:34,946 DEBUG __mp_main__: [work] PID=9087 time=2019-02-03 04:00:00 done
2025-05-28 11:28:34,946 DEBUG __mp_main__: [work] PID=9087 time=2023-05-27 23:00:00 start
2025-05-28 11:28:34,959 DEBUG __mp_main__: [work] PID=9088 time=2023-11-04 22:00:00 done
2025-05-28 11:28:34,959 DEBUG __mp_main__: [work] PID=9088 time=2020-08-08 20:00:00 start
2025-05-28 11:28:35,654 DEBUG __mp_main__: [work] PID=9086 time=2024-01-20 19:00:00 done
2025-05-28 11:28:35,654 DEBUG __mp_main__: [work] PID=9086 time=2021-10-30 12:00:00 start
2025-05-28 11:28:35,675 DEBUG __mp_main__: [work] PID=9088 time=2020-08-08 20:00:00 done
2025-05-28 11:28:35,675 DEBUG __mp_main__: [work] PID=9088 time=2020-12-12 12:00:00 start
2025-05-28 11:28:35,678 DEBUG __mp_main__: [work] PID=9087 time=2023-05-27 23:00:00 done
2025-05-28 11:28:35,678 DEBUG __mp_main__: [work] PID=9087 time=2022-06-25 11:00:00 start
2025-05-28 11:28:36,358 DEBUG __mp_main__: [work] PID=9086 time=2021-10-30 12:00:00 done
2025-05-28 11:28:36,359 DEBUG __mp_main__: [work] PID=9086 time=2023-03-26 06:00:00 start
2025-05-28 11:28:36,379 DEBUG __mp_main__: [work] PID=9088 time=2020-12-12 12:00:00 done
2025-05-28 11:28:36,379 DEBUG __mp_main__: [work] PID=9088 time=2024-01-21 00:00:00 start
2025-05-28 11:28:36,388 DEBUG __mp_main__: [work] PID=9087 time=2022-06-25 11:00:00 done
2025-05-28 11:28:36,388 DEBUG __mp_main__: [work] PID=9087 time=2022-04-09 21:00:00 start
2025-05-28 11:28:37,029 DEBUG __mp_main__: [work] PID=9086 time=2023-03-26 06:00:00 done
2025-05-28 11:28:37,030 DEBUG __mp_main__: [work] PID=9086 time=2022-08-13 20:00:00 start
2025-05-28 11:28:37,093 DEBUG __mp_main__: [work] PID=9088 time=2024-01-21 00:00:00 done
2025-05-28 11:28:37,094 DEBUG __mp_main__: [work] PID=9088 time=2018-09-02 00:00:00 start
2025-05-28 11:28:37,098 DEBUG __mp_main__: [work] PID=9087 time=2022-04-09 21:00:00 done
2025-05-28 11:28:37,099 DEBUG __mp_main__: [work] PID=9087 time=2018-09-08 15:00:00 start
2025-05-28 11:28:37,746 DEBUG __mp_main__: [work] PID=9086 time=2022-08-13 20:00:00 done
2025-05-28 11:28:37,746 DEBUG __mp_main__: [work] PID=9086 time=2024-08-04 00:00:00 start
2025-05-28 11:28:37,805 DEBUG __mp_main__: [work] PID=9088 time=2018-09-02 00:00:00 done
2025-05-28 11:28:37,805 DEBUG __mp_main__: [work] PID=9088 time=2023-04-15 15:00:00 start
2025-05-28 11:28:37,807 DEBUG __mp_main__: [work] PID=9087 time=2018-09-08 15:00:00 done
2025-05-28 11:28:37,808 DEBUG __mp_main__: [work] PID=9087 time=2020-05-30 08:00:00 start
2025-05-28 11:28:38,449 DEBUG __mp_main__: [work] PID=9086 time=2024-08-04 00:00:00 done
2025-05-28 11:28:38,449 DEBUG __mp_main__: [work] PID=9086 time=2022-03-19 13:00:00 start
2025-05-28 11:28:38,510 DEBUG __mp_main__: [work] PID=9088 time=2023-04-15 15:00:00 done
2025-05-28 11:28:38,510 DEBUG __mp_main__: [work] PID=9088 time=2022-02-12 09:00:00 start
2025-05-28 11:28:38,511 DEBUG __mp_main__: [work] PID=9087 time=2020-05-30 08:00:00 done
2025-05-28 11:28:38,511 DEBUG __mp_main__: [work] PID=9087 time=2020-09-27 05:00:00 start
2025-05-28 11:28:39,161 DEBUG __mp_main__: [work] PID=9086 time=2022-03-19 13:00:00 done
2025-05-28 11:28:39,161 DEBUG __mp_main__: [work] PID=9086 time=2022-03-19 14:00:00 start
2025-05-28 11:28:39,222 DEBUG __mp_main__: [work] PID=9088 time=2022-02-12 09:00:00 done
2025-05-28 11:28:39,222 DEBUG __mp_main__: [work] PID=9088 time=2024-11-02 11:00:00 start
2025-05-28 11:28:39,228 DEBUG __mp_main__: [work] PID=9087 time=2020-09-27 05:00:00 done
2025-05-28 11:28:39,228 DEBUG __mp_main__: [work] PID=9087 time=2021-12-04 20:00:00 start
2025-05-28 11:28:39,875 DEBUG __mp_main__: [work] PID=9086 time=2022-03-19 14:00:00 done
2025-05-28 11:28:39,876 DEBUG __mp_main__: [work] PID=9086 time=2019-04-13 17:00:00 start
2025-05-28 11:28:39,936 DEBUG __mp_main__: [work] PID=9088 time=2024-11-02 11:00:00 done
2025-05-28 11:28:39,936 DEBUG __mp_main__: [work] PID=9088 time=2023-02-25 18:00:00 start
2025-05-28 11:28:39,943 DEBUG __mp_main__: [work] PID=9087 time=2021-12-04 20:00:00 done
2025-05-28 11:28:39,943 DEBUG __mp_main__: [work] PID=9087 time=2023-05-28 01:00:00 start
2025-05-28 11:28:40,606 DEBUG __mp_main__: [work] PID=9086 time=2019-04-13 17:00:00 done
2025-05-28 11:28:40,607 DEBUG __mp_main__: [work] PID=9086 time=2023-06-17 18:00:00 start
2025-05-28 11:28:40,680 DEBUG __mp_main__: [work] PID=9088 time=2023-02-25 18:00:00 done
2025-05-28 11:28:40,680 DEBUG __mp_main__: [work] PID=9088 time=2018-08-04 09:00:00 start
2025-05-28 11:28:40,714 DEBUG __mp_main__: [work] PID=9087 time=2023-05-28 01:00:00 done
2025-05-28 11:28:40,714 DEBUG __mp_main__: [work] PID=9087 time=2018-04-08 04:00:00 start
2025-05-28 11:28:41,501 DEBUG __mp_main__: [work] PID=9086 time=2023-06-17 18:00:00 done
2025-05-28 11:28:41,501 DEBUG __mp_main__: [work] PID=9086 time=2023-01-01 01:00:00 start
2025-05-28 11:28:41,520 DEBUG __mp_main__: [work] PID=9088 time=2018-08-04 09:00:00 done
2025-05-28 11:28:41,520 DEBUG __mp_main__: [work] PID=9088 time=2022-12-31 22:00:00 start
2025-05-28 11:28:41,545 DEBUG __mp_main__: [work] PID=9087 time=2018-04-08 04:00:00 done
2025-05-28 11:28:41,546 DEBUG __mp_main__: [work] PID=9087 time=2024-12-22 01:00:00 start
2025-05-28 11:28:42,202 DEBUG __mp_main__: [work] PID=9086 time=2023-01-01 01:00:00 done
2025-05-28 11:28:42,202 DEBUG __mp_main__: [work] PID=9086 time=2021-10-16 17:00:00 start
2025-05-28 11:28:42,218 DEBUG __mp_main__: [work] PID=9088 time=2022-12-31 22:00:00 done
2025-05-28 11:28:42,218 DEBUG __mp_main__: [work] PID=9088 time=2020-03-15 01:00:00 start
2025-05-28 11:28:42,249 DEBUG __mp_main__: [work] PID=9087 time=2024-12-22 01:00:00 done
2025-05-28 11:28:42,249 DEBUG __mp_main__: [work] PID=9087 time=2020-08-09 00:00:00 start
2025-05-28 11:28:42,902 DEBUG __mp_main__: [work] PID=9086 time=2021-10-16 17:00:00 done
2025-05-28 11:28:42,902 DEBUG __mp_main__: [work] PID=9086 time=2022-07-10 03:00:00 start
2025-05-28 11:28:42,916 DEBUG __mp_main__: [work] PID=9088 time=2020-03-15 01:00:00 done
2025-05-28 11:28:42,916 DEBUG __mp_main__: [work] PID=9088 time=2022-07-09 18:00:00 start
2025-05-28 11:28:42,944 DEBUG __mp_main__: [work] PID=9087 time=2020-08-09 00:00:00 done
2025-05-28 11:28:42,944 DEBUG __mp_main__: [work] PID=9087 time=2022-04-23 16:00:00 start
2025-05-28 11:28:43,624 DEBUG __mp_main__: [work] PID=9086 time=2022-07-10 03:00:00 done
2025-05-28 11:28:43,624 DEBUG __mp_main__: [work] PID=9086 time=2023-12-09 12:00:00 start
2025-05-28 11:28:43,633 DEBUG __mp_main__: [work] PID=9088 time=2022-07-09 18:00:00 done
2025-05-28 11:28:43,633 DEBUG __mp_main__: [work] PID=9088 time=2020-10-24 07:00:00 start
2025-05-28 11:28:43,666 DEBUG __mp_main__: [work] PID=9087 time=2022-04-23 16:00:00 done
2025-05-28 11:28:43,666 DEBUG __mp_main__: [work] PID=9087 time=2023-02-18 09:00:00 start
2025-05-28 11:28:44,329 DEBUG __mp_main__: [work] PID=9086 time=2023-12-09 12:00:00 done
2025-05-28 11:28:44,329 DEBUG __mp_main__: [work] PID=9088 time=2020-10-24 07:00:00 done
2025-05-28 11:28:44,330 DEBUG __mp_main__: [work] PID=9088 time=2024-03-09 22:00:00 start
2025-05-28 11:28:44,331 DEBUG __mp_main__: [work] PID=9086 time=2019-09-07 09:00:00 start
2025-05-28 11:28:44,368 DEBUG __mp_main__: [work] PID=9087 time=2023-02-18 09:00:00 done
2025-05-28 11:28:44,369 DEBUG __mp_main__: [work] PID=9087 time=2020-07-26 02:00:00 start
2025-05-28 11:28:45,027 DEBUG __mp_main__: [work] PID=9088 time=2024-03-09 22:00:00 done
2025-05-28 11:28:45,027 DEBUG __mp_main__: [work] PID=9088 time=2020-11-15 06:00:00 start
2025-05-28 11:28:45,037 DEBUG __mp_main__: [work] PID=9086 time=2019-09-07 09:00:00 done
2025-05-28 11:28:45,037 DEBUG __mp_main__: [work] PID=9086 time=2021-10-30 23:00:00 start
2025-05-28 11:28:45,068 DEBUG __mp_main__: [work] PID=9087 time=2020-07-26 02:00:00 done
2025-05-28 11:28:45,068 DEBUG __mp_main__: [work] PID=9087 time=2021-06-26 19:00:00 start
2025-05-28 11:28:45,740 DEBUG __mp_main__: [work] PID=9088 time=2020-11-15 06:00:00 done
2025-05-28 11:28:45,740 DEBUG __mp_main__: [work] PID=9088 time=2019-08-10 14:00:00 start
2025-05-28 11:28:45,801 DEBUG __mp_main__: [work] PID=9086 time=2021-10-30 23:00:00 done
2025-05-28 11:28:45,801 DEBUG __mp_main__: [work] PID=9086 time=2018-03-17 13:00:00 start
2025-05-28 11:28:45,837 DEBUG __mp_main__: [work] PID=9087 time=2021-06-26 19:00:00 done
2025-05-28 11:28:45,837 DEBUG __mp_main__: [work] PID=9087 time=2018-02-24 16:00:00 start
2025-05-28 11:28:46,466 DEBUG __mp_main__: [work] PID=9088 time=2019-08-10 14:00:00 done
2025-05-28 11:28:46,466 DEBUG __mp_main__: [work] PID=9088 time=2022-01-01 09:00:00 start
2025-05-28 11:28:46,527 DEBUG __mp_main__: [work] PID=9086 time=2018-03-17 13:00:00 done
2025-05-28 11:28:46,527 DEBUG __mp_main__: [work] PID=9086 time=2020-08-23 04:00:00 start
2025-05-28 11:28:46,549 DEBUG __mp_main__: [work] PID=9087 time=2018-02-24 16:00:00 done
2025-05-28 11:28:46,549 DEBUG __mp_main__: [work] PID=9087 time=2022-07-24 03:00:00 start
2025-05-28 11:28:47,191 DEBUG __mp_main__: [work] PID=9088 time=2022-01-01 09:00:00 done
2025-05-28 11:28:47,191 DEBUG __mp_main__: [work] PID=9088 time=2019-05-25 17:00:00 start
2025-05-28 11:28:47,248 DEBUG __mp_main__: [work] PID=9086 time=2020-08-23 04:00:00 done
2025-05-28 11:28:47,248 DEBUG __mp_main__: [work] PID=9086 time=2023-04-16 00:00:00 start
2025-05-28 11:28:47,275 DEBUG __mp_main__: [work] PID=9087 time=2022-07-24 03:00:00 done
2025-05-28 11:28:47,275 DEBUG __mp_main__: [work] PID=9087 time=2024-04-06 14:00:00 start
2025-05-28 11:28:47,903 DEBUG __mp_main__: [work] PID=9088 time=2019-05-25 17:00:00 done
2025-05-28 11:28:47,903 DEBUG __mp_main__: [work] PID=9088 time=2018-02-17 11:00:00 start
2025-05-28 11:28:47,964 DEBUG __mp_main__: [work] PID=9086 time=2023-04-16 00:00:00 done
2025-05-28 11:28:47,965 DEBUG __mp_main__: [work] PID=9086 time=2021-01-24 02:00:00 start
2025-05-28 11:28:48,001 DEBUG __mp_main__: [work] PID=9087 time=2024-04-06 14:00:00 done
2025-05-28 11:28:48,001 DEBUG __mp_main__: [work] PID=9087 time=2023-09-10 00:00:00 start
2025-05-28 11:28:48,600 DEBUG __mp_main__: [work] PID=9088 time=2018-02-17 11:00:00 done
2025-05-28 11:28:48,600 DEBUG __mp_main__: [work] PID=9088 time=2024-05-25 15:00:00 start
2025-05-28 11:28:48,677 DEBUG __mp_main__: [work] PID=9086 time=2021-01-24 02:00:00 done
2025-05-28 11:28:48,677 DEBUG __mp_main__: [work] PID=9086 time=2018-03-25 05:00:00 start
2025-05-28 11:28:48,711 DEBUG __mp_main__: [work] PID=9087 time=2023-09-10 00:00:00 done
2025-05-28 11:28:48,712 DEBUG __mp_main__: [work] PID=9087 time=2020-10-03 13:00:00 start
2025-05-28 11:28:49,306 DEBUG __mp_main__: [work] PID=9088 time=2024-05-25 15:00:00 done
2025-05-28 11:28:49,306 DEBUG __mp_main__: [work] PID=9088 time=2022-11-20 04:00:00 start
2025-05-28 11:28:49,381 DEBUG __mp_main__: [work] PID=9086 time=2018-03-25 05:00:00 done
2025-05-28 11:28:49,381 DEBUG __mp_main__: [work] PID=9086 time=2018-11-10 14:00:00 start
2025-05-28 11:28:49,417 DEBUG __mp_main__: [work] PID=9087 time=2020-10-03 13:00:00 done
2025-05-28 11:28:49,417 DEBUG __mp_main__: [work] PID=9087 time=2024-04-14 01:00:00 start
2025-05-28 11:28:50,022 DEBUG __mp_main__: [work] PID=9088 time=2022-11-20 04:00:00 done
2025-05-28 11:28:50,022 DEBUG __mp_main__: [work] PID=9088 time=2024-05-12 05:00:00 start
2025-05-28 11:28:50,077 DEBUG __mp_main__: [work] PID=9086 time=2018-11-10 14:00:00 done
2025-05-28 11:28:50,078 DEBUG __mp_main__: [work] PID=9086 time=2018-06-09 07:00:00 start
2025-05-28 11:28:50,123 DEBUG __mp_main__: [work] PID=9087 time=2024-04-14 01:00:00 done
2025-05-28 11:28:50,124 DEBUG __mp_main__: [work] PID=9087 time=2024-05-04 10:00:00 start
2025-05-28 11:28:50,721 DEBUG __mp_main__: [work] PID=9088 time=2024-05-12 05:00:00 done
2025-05-28 11:28:50,721 DEBUG __mp_main__: [work] PID=9088 time=2021-12-11 13:00:00 start
2025-05-28 11:28:50,787 DEBUG __mp_main__: [work] PID=9086 time=2018-06-09 07:00:00 done
2025-05-28 11:28:50,787 DEBUG __mp_main__: [work] PID=9086 time=2018-08-04 07:00:00 start
2025-05-28 11:28:50,834 DEBUG __mp_main__: [work] PID=9087 time=2024-05-04 10:00:00 done
2025-05-28 11:28:50,835 DEBUG __mp_main__: [work] PID=9087 time=2021-08-07 17:00:00 start
2025-05-28 11:28:51,454 DEBUG __mp_main__: [work] PID=9088 time=2021-12-11 13:00:00 done
2025-05-28 11:28:51,455 DEBUG __mp_main__: [work] PID=9088 time=2018-10-06 19:00:00 start
2025-05-28 11:28:51,510 DEBUG __mp_main__: [work] PID=9086 time=2018-08-04 07:00:00 done
2025-05-28 11:28:51,511 DEBUG __mp_main__: [work] PID=9086 time=2021-02-27 23:00:00 start
2025-05-28 11:28:51,562 DEBUG __mp_main__: [work] PID=9087 time=2021-08-07 17:00:00 done
2025-05-28 11:28:51,564 DEBUG __mp_main__: [work] PID=9087 time=2018-08-25 23:00:00 start
2025-05-28 11:28:52,156 DEBUG __mp_main__: [work] PID=9088 time=2018-10-06 19:00:00 done
2025-05-28 11:28:52,156 DEBUG __mp_main__: [work] PID=9088 time=2021-01-09 10:00:00 start
2025-05-28 11:28:52,216 DEBUG __mp_main__: [work] PID=9086 time=2021-02-27 23:00:00 done
2025-05-28 11:28:52,216 DEBUG __mp_main__: [work] PID=9086 time=2024-08-24 16:00:00 start
2025-05-28 11:28:52,269 DEBUG __mp_main__: [work] PID=9087 time=2018-08-25 23:00:00 done
2025-05-28 11:28:52,269 DEBUG __mp_main__: [work] PID=9087 time=2021-10-24 04:00:00 start
2025-05-28 11:28:52,858 DEBUG __mp_main__: [work] PID=9088 time=2021-01-09 10:00:00 done
2025-05-28 11:28:52,858 DEBUG __mp_main__: [work] PID=9088 time=2022-03-26 14:00:00 start
2025-05-28 11:28:52,919 DEBUG __mp_main__: [work] PID=9086 time=2024-08-24 16:00:00 done
2025-05-28 11:28:52,919 DEBUG __mp_main__: [work] PID=9086 time=2022-03-19 09:00:00 start
2025-05-28 11:28:52,969 DEBUG __mp_main__: [work] PID=9087 time=2021-10-24 04:00:00 done
2025-05-28 11:28:52,969 DEBUG __mp_main__: [work] PID=9087 time=2023-01-14 23:00:00 start
2025-05-28 11:28:53,567 DEBUG __mp_main__: [work] PID=9088 time=2022-03-26 14:00:00 done
2025-05-28 11:28:53,567 DEBUG __mp_main__: [work] PID=9088 time=2024-06-01 15:00:00 start
2025-05-28 11:28:53,620 DEBUG __mp_main__: [work] PID=9086 time=2022-03-19 09:00:00 done
2025-05-28 11:28:53,620 DEBUG __mp_main__: [work] PID=9086 time=2024-07-06 19:00:00 start
2025-05-28 11:28:53,671 DEBUG __mp_main__: [work] PID=9087 time=2023-01-14 23:00:00 done
2025-05-28 11:28:53,671 DEBUG __mp_main__: [work] PID=9087 time=2018-07-29 03:00:00 start
2025-05-28 11:28:54,270 DEBUG __mp_main__: [work] PID=9088 time=2024-06-01 15:00:00 done
2025-05-28 11:28:54,270 DEBUG __mp_main__: [work] PID=9088 time=2021-05-30 01:00:00 start
2025-05-28 11:28:54,334 DEBUG __mp_main__: [work] PID=9086 time=2024-07-06 19:00:00 done
2025-05-28 11:28:54,334 DEBUG __mp_main__: [work] PID=9086 time=2021-11-28 01:00:00 start
2025-05-28 11:28:54,384 DEBUG __mp_main__: [work] PID=9087 time=2018-07-29 03:00:00 done
2025-05-28 11:28:54,384 DEBUG __mp_main__: [work] PID=9087 time=2023-10-22 01:00:00 start
2025-05-28 11:28:54,983 DEBUG __mp_main__: [work] PID=9088 time=2021-05-30 01:00:00 done
2025-05-28 11:28:54,983 DEBUG __mp_main__: [work] PID=9088 time=2023-08-13 04:00:00 start
2025-05-28 11:28:55,040 DEBUG __mp_main__: [work] PID=9086 time=2021-11-28 01:00:00 done
2025-05-28 11:28:55,040 DEBUG __mp_main__: [work] PID=9086 time=2023-12-23 08:00:00 start
2025-05-28 11:28:55,093 DEBUG __mp_main__: [work] PID=9087 time=2023-10-22 01:00:00 done
2025-05-28 11:28:55,093 DEBUG __mp_main__: [work] PID=9087 time=2024-06-02 05:00:00 start
2025-05-28 11:28:55,699 DEBUG __mp_main__: [work] PID=9088 time=2023-08-13 04:00:00 done
2025-05-28 11:28:55,699 DEBUG __mp_main__: [work] PID=9088 time=2019-06-29 22:00:00 start
2025-05-28 11:28:55,777 DEBUG __mp_main__: [work] PID=9086 time=2023-12-23 08:00:00 done
2025-05-28 11:28:55,777 DEBUG __mp_main__: [work] PID=9086 time=2018-09-01 10:00:00 start
2025-05-28 11:28:55,841 DEBUG __mp_main__: [work] PID=9087 time=2024-06-02 05:00:00 done
2025-05-28 11:28:55,841 DEBUG __mp_main__: [work] PID=9087 time=2024-02-24 08:00:00 start
2025-05-28 11:28:56,452 DEBUG __mp_main__: [work] PID=9088 time=2019-06-29 22:00:00 done
2025-05-28 11:28:56,452 DEBUG __mp_main__: [work] PID=9088 time=2018-03-17 18:00:00 start
2025-05-28 11:28:56,521 DEBUG __mp_main__: [work] PID=9086 time=2018-09-01 10:00:00 done
2025-05-28 11:28:56,521 DEBUG __mp_main__: [work] PID=9086 time=2019-07-06 09:00:00 start
2025-05-28 11:28:56,589 DEBUG __mp_main__: [work] PID=9087 time=2024-02-24 08:00:00 done
2025-05-28 11:28:56,589 DEBUG __mp_main__: [work] PID=9087 time=2019-03-02 16:00:00 start
2025-05-28 11:28:57,148 DEBUG __mp_main__: [work] PID=9088 time=2018-03-17 18:00:00 done
2025-05-28 11:28:57,148 DEBUG __mp_main__: [work] PID=9088 time=2024-04-06 16:00:00 start
2025-05-28 11:28:57,226 DEBUG __mp_main__: [work] PID=9086 time=2019-07-06 09:00:00 done
2025-05-28 11:28:57,226 DEBUG __mp_main__: [work] PID=9086 time=2018-10-06 07:00:00 start
2025-05-28 11:28:57,292 DEBUG __mp_main__: [work] PID=9087 time=2019-03-02 16:00:00 done
2025-05-28 11:28:57,292 DEBUG __mp_main__: [work] PID=9087 time=2021-10-02 20:00:00 start
2025-05-28 11:28:57,876 DEBUG __mp_main__: [work] PID=9088 time=2024-04-06 16:00:00 done
2025-05-28 11:28:57,876 DEBUG __mp_main__: [work] PID=9088 time=2021-01-30 12:00:00 start
2025-05-28 11:28:57,939 DEBUG __mp_main__: [work] PID=9086 time=2018-10-06 07:00:00 done
2025-05-28 11:28:57,939 DEBUG __mp_main__: [work] PID=9086 time=2024-05-19 01:00:00 start
2025-05-28 11:28:58,004 DEBUG __mp_main__: [work] PID=9087 time=2021-10-02 20:00:00 done
2025-05-28 11:28:58,005 DEBUG __mp_main__: [work] PID=9087 time=2020-02-22 21:00:00 start
2025-05-28 11:28:58,582 DEBUG __mp_main__: [work] PID=9088 time=2021-01-30 12:00:00 done
2025-05-28 11:28:58,584 DEBUG __mp_main__: [work] PID=9088 time=2024-09-28 23:00:00 start
2025-05-28 11:28:58,652 DEBUG __mp_main__: [work] PID=9086 time=2024-05-19 01:00:00 done
2025-05-28 11:28:58,654 DEBUG __mp_main__: [work] PID=9086 time=2022-10-08 23:00:00 start
2025-05-28 11:28:58,708 DEBUG __mp_main__: [work] PID=9087 time=2020-02-22 21:00:00 done
2025-05-28 11:28:58,710 DEBUG __mp_main__: [work] PID=9087 time=2024-11-09 07:00:00 start
2025-05-28 11:28:59,288 DEBUG __mp_main__: [work] PID=9088 time=2024-09-28 23:00:00 done
2025-05-28 11:28:59,288 DEBUG __mp_main__: [work] PID=9088 time=2024-11-10 06:00:00 start
2025-05-28 11:28:59,361 DEBUG __mp_main__: [work] PID=9086 time=2022-10-08 23:00:00 done
2025-05-28 11:28:59,361 DEBUG __mp_main__: [work] PID=9086 time=2022-09-24 21:00:00 start
2025-05-28 11:28:59,420 DEBUG __mp_main__: [work] PID=9087 time=2024-11-09 07:00:00 done
2025-05-28 11:28:59,421 DEBUG __mp_main__: [work] PID=9087 time=2022-07-09 21:00:00 start
2025-05-28 11:28:59,962 DEBUG __mp_main__: [work] PID=9088 time=2024-11-10 06:00:00 done
2025-05-28 11:28:59,962 DEBUG __mp_main__: [work] PID=9088 time=2020-10-24 17:00:00 start
2025-05-28 11:29:00,083 DEBUG __mp_main__: [work] PID=9086 time=2022-09-24 21:00:00 done
2025-05-28 11:29:00,083 DEBUG __mp_main__: [work] PID=9086 time=2019-06-02 01:00:00 start
2025-05-28 11:29:00,142 DEBUG __mp_main__: [work] PID=9087 time=2022-07-09 21:00:00 done
2025-05-28 11:29:00,142 DEBUG __mp_main__: [work] PID=9087 time=2024-06-09 01:00:00 start
2025-05-28 11:29:00,784 DEBUG __mp_main__: [work] PID=9088 time=2020-10-24 17:00:00 done
2025-05-28 11:29:00,784 DEBUG __mp_main__: [work] PID=9088 time=2023-03-04 13:00:00 start
2025-05-28 11:29:00,927 DEBUG __mp_main__: [work] PID=9086 time=2019-06-02 01:00:00 done
2025-05-28 11:29:00,927 DEBUG __mp_main__: [work] PID=9086 time=2022-03-26 10:00:00 start
2025-05-28 11:29:00,984 DEBUG __mp_main__: [work] PID=9087 time=2024-06-09 01:00:00 done
2025-05-28 11:29:00,984 DEBUG __mp_main__: [work] PID=9087 time=2024-01-28 06:00:00 start
2025-05-28 11:29:01,521 DEBUG __mp_main__: [work] PID=9088 time=2023-03-04 13:00:00 done
2025-05-28 11:29:01,521 DEBUG __mp_main__: [work] PID=9088 time=2020-07-18 13:00:00 start
2025-05-28 11:29:01,648 DEBUG __mp_main__: [work] PID=9086 time=2022-03-26 10:00:00 done
2025-05-28 11:29:01,648 DEBUG __mp_main__: [work] PID=9086 time=2021-11-14 02:00:00 start
2025-05-28 11:29:01,656 DEBUG __mp_main__: [work] PID=9087 time=2024-01-28 06:00:00 done
2025-05-28 11:29:01,656 DEBUG __mp_main__: [work] PID=9087 time=2024-05-26 04:00:00 start
2025-05-28 11:29:02,216 DEBUG __mp_main__: [work] PID=9088 time=2020-07-18 13:00:00 done
2025-05-28 11:29:02,217 DEBUG __mp_main__: [work] PID=9088 time=2019-08-25 02:00:00 start
2025-05-28 11:29:02,345 DEBUG __mp_main__: [work] PID=9086 time=2021-11-14 02:00:00 done
2025-05-28 11:29:02,346 DEBUG __mp_main__: [work] PID=9086 time=2024-10-13 03:00:00 start
2025-05-28 11:29:02,352 DEBUG __mp_main__: [work] PID=9087 time=2024-05-26 04:00:00 done
2025-05-28 11:29:02,352 DEBUG __mp_main__: [work] PID=9087 time=2024-04-13 17:00:00 start
2025-05-28 11:29:02,913 DEBUG __mp_main__: [work] PID=9088 time=2019-08-25 02:00:00 done
2025-05-28 11:29:02,913 DEBUG __mp_main__: [work] PID=9088 time=2023-06-24 22:00:00 start
2025-05-28 11:29:03,041 DEBUG __mp_main__: [work] PID=9086 time=2024-10-13 03:00:00 done
2025-05-28 11:29:03,041 DEBUG __mp_main__: [work] PID=9086 time=2024-11-10 04:00:00 start
2025-05-28 11:29:03,049 DEBUG __mp_main__: [work] PID=9087 time=2024-04-13 17:00:00 done
2025-05-28 11:29:03,049 DEBUG __mp_main__: [work] PID=9087 time=2021-03-27 10:00:00 start
2025-05-28 11:29:03,605 DEBUG __mp_main__: [work] PID=9088 time=2023-06-24 22:00:00 done
2025-05-28 11:29:03,605 DEBUG __mp_main__: [work] PID=9088 time=2020-05-09 11:00:00 start
2025-05-28 11:29:03,738 DEBUG __mp_main__: [work] PID=9087 time=2021-03-27 10:00:00 done
2025-05-28 11:29:03,738 DEBUG __mp_main__: [work] PID=9087 time=2020-02-23 01:00:00 start
2025-05-28 11:29:03,739 DEBUG __mp_main__: [work] PID=9086 time=2024-11-10 04:00:00 done
2025-05-28 11:29:03,739 DEBUG __mp_main__: [work] PID=9086 time=2020-08-01 11:00:00 start
2025-05-28 11:29:04,309 DEBUG __mp_main__: [work] PID=9088 time=2020-05-09 11:00:00 done
2025-05-28 11:29:04,309 DEBUG __mp_main__: [work] PID=9088 time=2018-09-23 06:00:00 start
2025-05-28 11:29:04,443 DEBUG __mp_main__: [work] PID=9087 time=2020-02-23 01:00:00 done
2025-05-28 11:29:04,443 DEBUG __mp_main__: [work] PID=9087 time=2023-11-11 22:00:00 start
2025-05-28 11:29:04,444 DEBUG __mp_main__: [work] PID=9086 time=2020-08-01 11:00:00 done
2025-05-28 11:29:04,444 DEBUG __mp_main__: [work] PID=9086 time=2022-12-17 08:00:00 start
2025-05-28 11:29:04,971 DEBUG __mp_main__: [work] PID=9088 time=2018-09-23 06:00:00 done
2025-05-28 11:29:04,971 DEBUG __mp_main__: [work] PID=9088 time=2021-12-25 16:00:00 start
2025-05-28 11:29:05,161 DEBUG __mp_main__: [work] PID=9086 time=2022-12-17 08:00:00 done
2025-05-28 11:29:05,161 DEBUG __mp_main__: [work] PID=9086 time=2018-11-11 05:00:00 start
2025-05-28 11:29:05,162 DEBUG __mp_main__: [work] PID=9087 time=2023-11-11 22:00:00 done
2025-05-28 11:29:05,162 DEBUG __mp_main__: [work] PID=9087 time=2019-02-09 16:00:00 start
2025-05-28 11:29:05,690 DEBUG __mp_main__: [work] PID=9088 time=2021-12-25 16:00:00 done
2025-05-28 11:29:05,692 DEBUG __mp_main__: [work] PID=9088 time=2018-04-14 11:00:00 start
2025-05-28 11:29:05,878 DEBUG __mp_main__: [work] PID=9086 time=2018-11-11 05:00:00 done
2025-05-28 11:29:05,880 DEBUG __mp_main__: [work] PID=9086 time=2020-01-18 21:00:00 start
2025-05-28 11:29:05,886 DEBUG __mp_main__: [work] PID=9087 time=2019-02-09 16:00:00 done
2025-05-28 11:29:05,887 DEBUG __mp_main__: [work] PID=9087 time=2018-03-17 09:00:00 start
2025-05-28 11:29:06,414 DEBUG __mp_main__: [work] PID=9088 time=2018-04-14 11:00:00 done
2025-05-28 11:29:06,415 DEBUG __mp_main__: [work] PID=9088 time=2023-05-27 18:00:00 start
2025-05-28 11:29:06,601 DEBUG __mp_main__: [work] PID=9086 time=2020-01-18 21:00:00 done
2025-05-28 11:29:06,601 DEBUG __mp_main__: [work] PID=9086 time=2019-08-31 23:00:00 start
2025-05-28 11:29:06,603 DEBUG __mp_main__: [work] PID=9087 time=2018-03-17 09:00:00 done
2025-05-28 11:29:06,604 DEBUG __mp_main__: [work] PID=9087 time=2019-08-25 05:00:00 start
2025-05-28 11:29:07,133 DEBUG __mp_main__: [work] PID=9088 time=2023-05-27 18:00:00 done
2025-05-28 11:29:07,133 DEBUG __mp_main__: [work] PID=9088 time=2021-10-09 11:00:00 start
2025-05-28 11:29:07,312 DEBUG __mp_main__: [work] PID=9086 time=2019-08-31 23:00:00 done
2025-05-28 11:29:07,312 DEBUG __mp_main__: [work] PID=9086 time=2018-12-15 09:00:00 start
2025-05-28 11:29:07,319 DEBUG __mp_main__: [work] PID=9087 time=2019-08-25 05:00:00 done
2025-05-28 11:29:07,319 DEBUG __mp_main__: [work] PID=9087 time=2020-04-18 11:00:00 start
2025-05-28 11:29:07,851 DEBUG __mp_main__: [work] PID=9088 time=2021-10-09 11:00:00 done
2025-05-28 11:29:07,851 DEBUG __mp_main__: [work] PID=9088 time=2019-03-16 19:00:00 start
2025-05-28 11:29:08,034 DEBUG __mp_main__: [work] PID=9086 time=2018-12-15 09:00:00 done
2025-05-28 11:29:08,034 DEBUG __mp_main__: [work] PID=9086 time=2020-10-10 15:00:00 start
2025-05-28 11:29:08,041 DEBUG __mp_main__: [work] PID=9087 time=2020-04-18 11:00:00 done
2025-05-28 11:29:08,041 DEBUG __mp_main__: [work] PID=9087 time=2022-12-17 13:00:00 start
2025-05-28 11:29:08,579 DEBUG __mp_main__: [work] PID=9088 time=2019-03-16 19:00:00 done
2025-05-28 11:29:08,579 DEBUG __mp_main__: [work] PID=9088 time=2020-10-25 00:00:00 start
2025-05-28 11:29:08,779 DEBUG __mp_main__: [work] PID=9086 time=2020-10-10 15:00:00 done
2025-05-28 11:29:08,779 DEBUG __mp_main__: [work] PID=9086 time=2022-07-30 23:00:00 start
2025-05-28 11:29:08,791 DEBUG __mp_main__: [work] PID=9087 time=2022-12-17 13:00:00 done
2025-05-28 11:29:08,791 DEBUG __mp_main__: [work] PID=9087 time=2021-07-17 13:00:00 start
2025-05-28 11:29:09,303 DEBUG __mp_main__: [work] PID=9088 time=2020-10-25 00:00:00 done
2025-05-28 11:29:09,303 DEBUG __mp_main__: [work] PID=9088 time=2024-01-06 16:00:00 start
2025-05-28 11:29:09,488 DEBUG __mp_main__: [work] PID=9086 time=2022-07-30 23:00:00 done
2025-05-28 11:29:09,488 DEBUG __mp_main__: [work] PID=9086 time=2021-02-28 03:00:00 start
2025-05-28 11:29:09,510 DEBUG __mp_main__: [work] PID=9087 time=2021-07-17 13:00:00 done
2025-05-28 11:29:09,511 DEBUG __mp_main__: [work] PID=9087 time=2020-04-11 10:00:00 start
2025-05-28 11:29:10,027 DEBUG __mp_main__: [work] PID=9088 time=2024-01-06 16:00:00 done
2025-05-28 11:29:10,027 DEBUG __mp_main__: [work] PID=9088 time=2020-08-29 09:00:00 start
2025-05-28 11:29:10,213 DEBUG __mp_main__: [work] PID=9086 time=2021-02-28 03:00:00 done
2025-05-28 11:29:10,214 DEBUG __mp_main__: [work] PID=9086 time=2024-10-12 22:00:00 start
2025-05-28 11:29:10,234 DEBUG __mp_main__: [work] PID=9087 time=2020-04-11 10:00:00 done
2025-05-28 11:29:10,234 DEBUG __mp_main__: [work] PID=9087 time=2021-12-04 11:00:00 start
2025-05-28 11:29:10,756 DEBUG __mp_main__: [work] PID=9088 time=2020-08-29 09:00:00 done
2025-05-28 11:29:10,756 DEBUG __mp_main__: [work] PID=9088 time=2022-12-03 18:00:00 start
2025-05-28 11:29:10,955 DEBUG __mp_main__: [work] PID=9086 time=2024-10-12 22:00:00 done
2025-05-28 11:29:10,955 DEBUG __mp_main__: [work] PID=9086 time=2021-03-13 22:00:00 start
2025-05-28 11:29:10,968 DEBUG __mp_main__: [work] PID=9087 time=2021-12-04 11:00:00 done
2025-05-28 11:29:10,968 DEBUG __mp_main__: [work] PID=9087 time=2022-01-29 22:00:00 start
2025-05-28 11:29:11,491 DEBUG __mp_main__: [work] PID=9088 time=2022-12-03 18:00:00 done
2025-05-28 11:29:11,491 DEBUG __mp_main__: [work] PID=9088 time=2022-07-16 15:00:00 start
2025-05-28 11:29:11,675 DEBUG __mp_main__: [work] PID=9086 time=2021-03-13 22:00:00 done
2025-05-28 11:29:11,675 DEBUG __mp_main__: [work] PID=9086 time=2024-10-26 21:00:00 start
2025-05-28 11:29:11,693 DEBUG __mp_main__: [work] PID=9087 time=2022-01-29 22:00:00 done
2025-05-28 11:29:11,693 DEBUG __mp_main__: [work] PID=9087 time=2018-10-07 01:00:00 start
2025-05-28 11:29:12,224 DEBUG __mp_main__: [work] PID=9088 time=2022-07-16 15:00:00 done
2025-05-28 11:29:12,224 DEBUG __mp_main__: [work] PID=9088 time=2024-02-24 17:00:00 start
2025-05-28 11:29:12,414 DEBUG __mp_main__: [work] PID=9086 time=2024-10-26 21:00:00 done
2025-05-28 11:29:12,415 DEBUG __mp_main__: [work] PID=9086 time=2018-09-08 07:00:00 start
2025-05-28 11:29:12,421 DEBUG __mp_main__: [work] PID=9087 time=2018-10-07 01:00:00 done
2025-05-28 11:29:12,421 DEBUG __mp_main__: [work] PID=9087 time=2024-04-27 20:00:00 start
2025-05-28 11:29:12,922 DEBUG __mp_main__: [work] PID=9088 time=2024-02-24 17:00:00 done
2025-05-28 11:29:12,924 DEBUG __mp_main__: [work] PID=9088 time=2022-03-19 11:00:00 start
2025-05-28 11:29:13,123 DEBUG __mp_main__: [work] PID=9086 time=2018-09-08 07:00:00 done
2025-05-28 11:29:13,125 DEBUG __mp_main__: [work] PID=9086 time=2020-09-06 00:00:00 start
2025-05-28 11:29:13,130 DEBUG __mp_main__: [work] PID=9087 time=2024-04-27 20:00:00 done
2025-05-28 11:29:13,132 DEBUG __mp_main__: [work] PID=9087 time=2023-09-24 00:00:00 start
2025-05-28 11:29:13,638 DEBUG __mp_main__: [work] PID=9088 time=2022-03-19 11:00:00 done
2025-05-28 11:29:13,638 DEBUG __mp_main__: [work] PID=9088 time=2019-01-13 02:00:00 start
2025-05-28 11:29:13,833 DEBUG __mp_main__: [work] PID=9086 time=2020-09-06 00:00:00 done
2025-05-28 11:29:13,833 DEBUG __mp_main__: [work] PID=9086 time=2023-04-23 05:00:00 start
2025-05-28 11:29:13,847 DEBUG __mp_main__: [work] PID=9087 time=2023-09-24 00:00:00 done
2025-05-28 11:29:13,847 DEBUG __mp_main__: [work] PID=9087 time=2023-03-26 04:00:00 start
2025-05-28 11:29:14,342 DEBUG __mp_main__: [work] PID=9088 time=2019-01-13 02:00:00 done
2025-05-28 11:29:14,343 DEBUG __mp_main__: [work] PID=9088 time=2021-11-27 15:00:00 start
2025-05-28 11:29:14,537 DEBUG __mp_main__: [work] PID=9086 time=2023-04-23 05:00:00 done
2025-05-28 11:29:14,537 DEBUG __mp_main__: [work] PID=9086 time=2021-04-17 13:00:00 start
2025-05-28 11:29:14,551 DEBUG __mp_main__: [work] PID=9087 time=2023-03-26 04:00:00 done
2025-05-28 11:29:14,551 DEBUG __mp_main__: [work] PID=9087 time=2018-10-28 05:00:00 start
2025-05-28 11:29:15,036 DEBUG __mp_main__: [work] PID=9088 time=2021-11-27 15:00:00 done
2025-05-28 11:29:15,036 DEBUG __mp_main__: [work] PID=9088 time=2024-02-24 20:00:00 start
2025-05-28 11:29:15,232 DEBUG __mp_main__: [work] PID=9086 time=2021-04-17 13:00:00 done
2025-05-28 11:29:15,232 DEBUG __mp_main__: [work] PID=9086 time=2022-11-26 18:00:00 start
2025-05-28 11:29:15,235 DEBUG __mp_main__: [work] PID=9087 time=2018-10-28 05:00:00 done
2025-05-28 11:29:15,235 DEBUG __mp_main__: [work] PID=9087 time=2021-08-01 00:00:00 start
2025-05-28 11:29:15,741 DEBUG __mp_main__: [work] PID=9088 time=2024-02-24 20:00:00 done
2025-05-28 11:29:15,741 DEBUG __mp_main__: [work] PID=9088 time=2019-12-15 01:00:00 start
2025-05-28 11:29:15,929 DEBUG __mp_main__: [work] PID=9086 time=2022-11-26 18:00:00 done
2025-05-28 11:29:15,929 DEBUG __mp_main__: [work] PID=9086 time=2022-08-07 01:00:00 start
2025-05-28 11:29:15,933 DEBUG __mp_main__: [work] PID=9087 time=2021-08-01 00:00:00 done
2025-05-28 11:29:15,933 DEBUG __mp_main__: [work] PID=9087 time=2018-01-27 17:00:00 start
2025-05-28 11:29:16,439 DEBUG __mp_main__: [work] PID=9088 time=2019-12-15 01:00:00 done
2025-05-28 11:29:16,440 DEBUG __mp_main__: [work] PID=9088 time=2022-01-09 02:00:00 start
2025-05-28 11:29:16,630 DEBUG __mp_main__: [work] PID=9086 time=2022-08-07 01:00:00 done
2025-05-28 11:29:16,630 DEBUG __mp_main__: [work] PID=9086 time=2019-05-18 14:00:00 start
2025-05-28 11:29:16,640 DEBUG __mp_main__: [work] PID=9087 time=2018-01-27 17:00:00 done
2025-05-28 11:29:16,640 DEBUG __mp_main__: [work] PID=9087 time=2022-12-10 12:00:00 start
2025-05-28 11:29:17,143 DEBUG __mp_main__: [work] PID=9088 time=2022-01-09 02:00:00 done
2025-05-28 11:29:17,143 DEBUG __mp_main__: [work] PID=9088 time=2019-06-15 14:00:00 start
2025-05-28 11:29:17,330 DEBUG __mp_main__: [work] PID=9086 time=2019-05-18 14:00:00 done
2025-05-28 11:29:17,330 DEBUG __mp_main__: [work] PID=9086 time=2019-07-13 13:00:00 start
2025-05-28 11:29:17,344 DEBUG __mp_main__: [work] PID=9087 time=2022-12-10 12:00:00 done
2025-05-28 11:29:17,344 DEBUG __mp_main__: [work] PID=9087 time=2021-09-04 14:00:00 start
2025-05-28 11:29:17,835 DEBUG __mp_main__: [work] PID=9088 time=2019-06-15 14:00:00 done
2025-05-28 11:29:17,835 DEBUG __mp_main__: [work] PID=9088 time=2021-05-22 11:00:00 start
2025-05-28 11:29:18,023 DEBUG __mp_main__: [work] PID=9086 time=2019-07-13 13:00:00 done
2025-05-28 11:29:18,023 DEBUG __mp_main__: [work] PID=9086 time=2024-02-11 02:00:00 start
2025-05-28 11:29:18,045 DEBUG __mp_main__: [work] PID=9087 time=2021-09-04 14:00:00 done
2025-05-28 11:29:18,045 DEBUG __mp_main__: [work] PID=9087 time=2018-02-25 02:00:00 start
2025-05-28 11:29:18,538 DEBUG __mp_main__: [work] PID=9088 time=2021-05-22 11:00:00 done
2025-05-28 11:29:18,538 DEBUG __mp_main__: [work] PID=9088 time=2019-11-30 17:00:00 start
2025-05-28 11:29:18,740 DEBUG __mp_main__: [work] PID=9086 time=2024-02-11 02:00:00 done
2025-05-28 11:29:18,740 DEBUG __mp_main__: [work] PID=9086 time=2019-05-19 02:00:00 start
2025-05-28 11:29:18,744 DEBUG __mp_main__: [work] PID=9087 time=2018-02-25 02:00:00 done
2025-05-28 11:29:18,744 DEBUG __mp_main__: [work] PID=9087 time=2023-10-21 13:00:00 start
2025-05-28 11:29:19,239 DEBUG __mp_main__: [work] PID=9088 time=2019-11-30 17:00:00 done
2025-05-28 11:29:19,239 DEBUG __mp_main__: [work] PID=9088 time=2023-06-24 16:00:00 start
2025-05-28 11:29:19,443 DEBUG __mp_main__: [work] PID=9086 time=2019-05-19 02:00:00 done
2025-05-28 11:29:19,443 DEBUG __mp_main__: [work] PID=9086 time=2018-10-07 04:00:00 start
2025-05-28 11:29:19,449 DEBUG __mp_main__: [work] PID=9087 time=2023-10-21 13:00:00 done
2025-05-28 11:29:19,449 DEBUG __mp_main__: [work] PID=9087 time=2023-01-14 15:00:00 start
2025-05-28 11:29:19,951 DEBUG __mp_main__: [work] PID=9088 time=2023-06-24 16:00:00 done
2025-05-28 11:29:19,952 DEBUG __mp_main__: [work] PID=9088 time=2024-03-24 02:00:00 start
2025-05-28 11:29:20,152 DEBUG __mp_main__: [work] PID=9086 time=2018-10-07 04:00:00 done
2025-05-28 11:29:20,153 DEBUG __mp_main__: [work] PID=9086 time=2023-10-21 08:00:00 start
2025-05-28 11:29:20,159 DEBUG __mp_main__: [work] PID=9087 time=2023-01-14 15:00:00 done
2025-05-28 11:29:20,160 DEBUG __mp_main__: [work] PID=9087 time=2024-06-29 19:00:00 start
2025-05-28 11:29:20,655 DEBUG __mp_main__: [work] PID=9088 time=2024-03-24 02:00:00 done
2025-05-28 11:29:20,655 DEBUG __mp_main__: [work] PID=9088 time=2024-02-10 08:00:00 start
2025-05-28 11:29:20,859 DEBUG __mp_main__: [work] PID=9086 time=2023-10-21 08:00:00 done
2025-05-28 11:29:20,859 DEBUG __mp_main__: [work] PID=9086 time=2019-11-30 07:00:00 start
2025-05-28 11:29:20,860 DEBUG __mp_main__: [work] PID=9087 time=2024-06-29 19:00:00 done
2025-05-28 11:29:20,860 DEBUG __mp_main__: [work] PID=9087 time=2022-09-17 13:00:00 start
2025-05-28 11:29:21,367 DEBUG __mp_main__: [work] PID=9088 time=2024-02-10 08:00:00 done
2025-05-28 11:29:21,367 DEBUG __mp_main__: [work] PID=9088 time=2022-04-30 12:00:00 start
2025-05-28 11:29:21,570 DEBUG __mp_main__: [work] PID=9086 time=2019-11-30 07:00:00 done
2025-05-28 11:29:21,570 DEBUG __mp_main__: [work] PID=9086 time=2018-06-03 04:00:00 start
2025-05-28 11:29:21,575 DEBUG __mp_main__: [work] PID=9087 time=2022-09-17 13:00:00 done
2025-05-28 11:29:21,575 DEBUG __mp_main__: [work] PID=9087 time=2021-07-17 19:00:00 start
2025-05-28 11:29:22,106 DEBUG __mp_main__: [work] PID=9088 time=2022-04-30 12:00:00 done
2025-05-28 11:29:22,107 DEBUG __mp_main__: [work] PID=9088 time=2019-03-10 04:00:00 start
2025-05-28 11:29:22,306 DEBUG __mp_main__: [work] PID=9086 time=2018-06-03 04:00:00 done
2025-05-28 11:29:22,306 DEBUG __mp_main__: [work] PID=9086 time=2019-03-02 19:00:00 start
2025-05-28 11:29:22,321 DEBUG __mp_main__: [work] PID=9087 time=2021-07-17 19:00:00 done
2025-05-28 11:29:22,321 DEBUG __mp_main__: [work] PID=9087 time=2023-06-25 03:00:00 start
2025-05-28 11:29:22,817 DEBUG __mp_main__: [work] PID=9088 time=2019-03-10 04:00:00 done
2025-05-28 11:29:22,817 DEBUG __mp_main__: [work] PID=9088 time=2021-09-25 18:00:00 start
2025-05-28 11:29:23,021 DEBUG __mp_main__: [work] PID=9086 time=2019-03-02 19:00:00 done
2025-05-28 11:29:23,021 DEBUG __mp_main__: [work] PID=9086 time=2023-08-26 07:00:00 start
2025-05-28 11:29:23,035 DEBUG __mp_main__: [work] PID=9087 time=2023-06-25 03:00:00 done
2025-05-28 11:29:23,035 DEBUG __mp_main__: [work] PID=9087 time=2020-05-23 18:00:00 start
2025-05-28 11:29:23,608 DEBUG __mp_main__: [work] PID=9088 time=2021-09-25 18:00:00 done
2025-05-28 11:29:23,608 DEBUG __mp_main__: [work] PID=9088 time=2021-09-05 05:00:00 start
2025-05-28 11:29:23,816 DEBUG __mp_main__: [work] PID=9086 time=2023-08-26 07:00:00 done
2025-05-28 11:29:23,816 DEBUG __mp_main__: [work] PID=9086 time=2020-05-30 16:00:00 start
2025-05-28 11:29:23,841 DEBUG __mp_main__: [work] PID=9087 time=2020-05-23 18:00:00 done
2025-05-28 11:29:23,842 DEBUG __mp_main__: [work] PID=9087 time=2020-02-01 16:00:00 start
2025-05-28 11:29:24,380 DEBUG __mp_main__: [work] PID=9088 time=2021-09-05 05:00:00 done
2025-05-28 11:29:24,381 DEBUG __mp_main__: [work] PID=9088 time=2023-02-18 15:00:00 start
2025-05-28 11:29:24,609 DEBUG __mp_main__: [work] PID=9086 time=2020-05-30 16:00:00 done
2025-05-28 11:29:24,609 DEBUG __mp_main__: [work] PID=9086 time=2022-08-27 11:00:00 start
2025-05-28 11:29:24,641 DEBUG __mp_main__: [work] PID=9087 time=2020-02-01 16:00:00 done
2025-05-28 11:29:24,641 DEBUG __mp_main__: [work] PID=9087 time=2018-02-10 13:00:00 start
2025-05-28 11:29:25,155 DEBUG __mp_main__: [work] PID=9088 time=2023-02-18 15:00:00 done
2025-05-28 11:29:25,155 DEBUG __mp_main__: [work] PID=9088 time=2022-09-04 00:00:00 start
2025-05-28 11:29:25,433 DEBUG __mp_main__: [work] PID=9087 time=2018-02-10 13:00:00 done
2025-05-28 11:29:25,433 DEBUG __mp_main__: [work] PID=9087 time=2023-06-03 16:00:00 start
2025-05-28 11:29:25,463 DEBUG __mp_main__: [work] PID=9086 time=2022-08-27 11:00:00 done
2025-05-28 11:29:25,463 DEBUG __mp_main__: [work] PID=9086 time=2020-07-25 20:00:00 start
2025-05-28 11:29:26,024 DEBUG __mp_main__: [work] PID=9088 time=2022-09-04 00:00:00 done
2025-05-28 11:29:26,024 DEBUG __mp_main__: [work] PID=9088 time=2024-06-15 13:00:00 start
2025-05-28 11:29:26,227 DEBUG __mp_main__: [work] PID=9087 time=2023-06-03 16:00:00 done
2025-05-28 11:29:26,227 DEBUG __mp_main__: [work] PID=9087 time=2018-11-03 16:00:00 start
2025-05-28 11:29:26,250 DEBUG __mp_main__: [work] PID=9086 time=2020-07-25 20:00:00 done
2025-05-28 11:29:26,250 DEBUG __mp_main__: [work] PID=9086 time=2023-05-06 09:00:00 start
2025-05-28 11:29:26,768 DEBUG __mp_main__: [work] PID=9088 time=2024-06-15 13:00:00 done
2025-05-28 11:29:26,768 DEBUG __mp_main__: [work] PID=9088 time=2019-03-24 06:00:00 start
2025-05-28 11:29:26,947 DEBUG __mp_main__: [work] PID=9087 time=2018-11-03 16:00:00 done
2025-05-28 11:29:26,947 DEBUG __mp_main__: [work] PID=9087 time=2019-06-16 00:00:00 start
2025-05-28 11:29:26,971 DEBUG __mp_main__: [work] PID=9086 time=2023-05-06 09:00:00 done
2025-05-28 11:29:26,971 DEBUG __mp_main__: [work] PID=9086 time=2018-04-29 06:00:00 start
2025-05-28 11:29:27,426 DEBUG __mp_main__: [work] PID=9088 time=2019-03-24 06:00:00 done
2025-05-28 11:29:27,427 DEBUG __mp_main__: [work] PID=9088 time=2022-02-06 01:00:00 start
2025-05-28 11:29:27,628 DEBUG __mp_main__: [work] PID=9086 time=2018-04-29 06:00:00 done
2025-05-28 11:29:27,630 DEBUG __mp_main__: [work] PID=9086 time=2022-05-15 06:00:00 start
2025-05-28 11:29:27,649 DEBUG __mp_main__: [work] PID=9087 time=2019-06-16 00:00:00 done
2025-05-28 11:29:27,651 DEBUG __mp_main__: [work] PID=9087 time=2018-09-29 15:00:00 start
2025-05-28 11:29:28,136 DEBUG __mp_main__: [work] PID=9088 time=2022-02-06 01:00:00 done
2025-05-28 11:29:28,136 DEBUG __mp_main__: [work] PID=9088 time=2024-12-07 10:00:00 start
2025-05-28 11:29:28,297 DEBUG __mp_main__: [work] PID=9086 time=2022-05-15 06:00:00 done
2025-05-28 11:29:28,298 DEBUG __mp_main__: [work] PID=9086 time=2023-02-18 08:00:00 start
2025-05-28 11:29:28,356 DEBUG __mp_main__: [work] PID=9087 time=2018-09-29 15:00:00 done
2025-05-28 11:29:28,356 DEBUG __mp_main__: [work] PID=9087 time=2024-07-06 13:00:00 start
2025-05-28 11:29:28,841 DEBUG __mp_main__: [work] PID=9088 time=2024-12-07 10:00:00 done
2025-05-28 11:29:28,841 DEBUG __mp_main__: [work] PID=9088 time=2022-04-09 07:00:00 start
2025-05-28 11:29:28,997 DEBUG __mp_main__: [work] PID=9086 time=2023-02-18 08:00:00 done
2025-05-28 11:29:28,997 DEBUG __mp_main__: [work] PID=9086 time=2024-05-04 09:00:00 start
2025-05-28 11:29:29,055 DEBUG __mp_main__: [work] PID=9087 time=2024-07-06 13:00:00 done
2025-05-28 11:29:29,055 DEBUG __mp_main__: [work] PID=9087 time=2022-06-11 22:00:00 start
2025-05-28 11:29:29,529 DEBUG __mp_main__: [work] PID=9088 time=2022-04-09 07:00:00 done
2025-05-28 11:29:29,529 DEBUG __mp_main__: [work] PID=9088 time=2024-04-13 07:00:00 start
2025-05-28 11:29:29,688 DEBUG __mp_main__: [work] PID=9086 time=2024-05-04 09:00:00 done
2025-05-28 11:29:29,688 DEBUG __mp_main__: [work] PID=9086 time=2021-03-27 19:00:00 start
2025-05-28 11:29:29,752 DEBUG __mp_main__: [work] PID=9087 time=2022-06-11 22:00:00 done
2025-05-28 11:29:29,752 DEBUG __mp_main__: [work] PID=9087 time=2018-05-13 06:00:00 start
2025-05-28 11:29:30,225 DEBUG __mp_main__: [work] PID=9088 time=2024-04-13 07:00:00 done
2025-05-28 11:29:30,225 DEBUG __mp_main__: [work] PID=9088 time=2019-02-03 03:00:00 start
2025-05-28 11:29:30,387 DEBUG __mp_main__: [work] PID=9086 time=2021-03-27 19:00:00 done
2025-05-28 11:29:30,388 DEBUG __mp_main__: [work] PID=9086 time=2019-02-23 08:00:00 start
2025-05-28 11:29:30,404 DEBUG __mp_main__: [work] PID=9087 time=2018-05-13 06:00:00 done
2025-05-28 11:29:30,404 DEBUG __mp_main__: [work] PID=9087 time=2020-08-01 15:00:00 start
2025-05-28 11:29:30,935 DEBUG __mp_main__: [work] PID=9088 time=2019-02-03 03:00:00 done
2025-05-28 11:29:30,935 DEBUG __mp_main__: [work] PID=9088 time=2018-02-24 12:00:00 start
2025-05-28 11:29:31,090 DEBUG __mp_main__: [work] PID=9086 time=2019-02-23 08:00:00 done
2025-05-28 11:29:31,090 DEBUG __mp_main__: [work] PID=9086 time=2023-04-29 10:00:00 start
2025-05-28 11:29:31,110 DEBUG __mp_main__: [work] PID=9087 time=2020-08-01 15:00:00 done
2025-05-28 11:29:31,110 DEBUG __mp_main__: [work] PID=9087 time=2019-06-08 12:00:00 start
2025-05-28 11:29:31,637 DEBUG __mp_main__: [work] PID=9088 time=2018-02-24 12:00:00 done
2025-05-28 11:29:31,637 DEBUG __mp_main__: [work] PID=9088 time=2018-11-03 23:00:00 start
2025-05-28 11:29:31,804 DEBUG __mp_main__: [work] PID=9086 time=2023-04-29 10:00:00 done
2025-05-28 11:29:31,804 DEBUG __mp_main__: [work] PID=9086 time=2019-06-08 22:00:00 start
2025-05-28 11:29:31,821 DEBUG __mp_main__: [work] PID=9087 time=2019-06-08 12:00:00 done
2025-05-28 11:29:31,821 DEBUG __mp_main__: [work] PID=9087 time=2023-06-17 15:00:00 start
2025-05-28 11:29:32,328 DEBUG __mp_main__: [work] PID=9088 time=2018-11-03 23:00:00 done
2025-05-28 11:29:32,328 DEBUG __mp_main__: [work] PID=9088 time=2022-04-02 13:00:00 start
2025-05-28 11:29:32,506 DEBUG __mp_main__: [work] PID=9086 time=2019-06-08 22:00:00 done
2025-05-28 11:29:32,506 DEBUG __mp_main__: [work] PID=9086 time=2022-07-16 09:00:00 start
2025-05-28 11:29:32,532 DEBUG __mp_main__: [work] PID=9087 time=2023-06-17 15:00:00 done
2025-05-28 11:29:32,532 DEBUG __mp_main__: [work] PID=9087 time=2022-11-19 13:00:00 start
2025-05-28 11:29:33,039 DEBUG __mp_main__: [work] PID=9088 time=2022-04-02 13:00:00 done
2025-05-28 11:29:33,039 DEBUG __mp_main__: [work] PID=9088 time=2018-06-23 09:00:00 start
2025-05-28 11:29:33,225 DEBUG __mp_main__: [work] PID=9086 time=2022-07-16 09:00:00 done
2025-05-28 11:29:33,225 DEBUG __mp_main__: [work] PID=9086 time=2019-03-17 06:00:00 start
2025-05-28 11:29:33,248 DEBUG __mp_main__: [work] PID=9087 time=2022-11-19 13:00:00 done
2025-05-28 11:29:33,248 DEBUG __mp_main__: [work] PID=9087 time=2020-11-08 00:00:00 start
2025-05-28 11:29:33,753 DEBUG __mp_main__: [work] PID=9088 time=2018-06-23 09:00:00 done
2025-05-28 11:29:33,753 DEBUG __mp_main__: [work] PID=9088 time=2018-09-08 08:00:00 start
2025-05-28 11:29:33,898 DEBUG __mp_main__: [work] PID=9086 time=2019-03-17 06:00:00 done
2025-05-28 11:29:33,899 DEBUG __mp_main__: [work] PID=9086 time=2018-04-14 18:00:00 start
2025-05-28 11:29:33,968 DEBUG __mp_main__: [work] PID=9087 time=2020-11-08 00:00:00 done
2025-05-28 11:29:33,968 DEBUG __mp_main__: [work] PID=9087 time=2018-01-07 05:00:00 start
2025-05-28 11:29:34,520 DEBUG __mp_main__: [work] PID=9088 time=2018-09-08 08:00:00 done
2025-05-28 11:29:34,521 DEBUG __mp_main__: [work] PID=9088 time=2020-01-04 12:00:00 start
2025-05-28 11:29:34,659 DEBUG __mp_main__: [work] PID=9086 time=2018-04-14 18:00:00 done
2025-05-28 11:29:34,661 DEBUG __mp_main__: [work] PID=9086 time=2019-03-09 13:00:00 start
2025-05-28 11:29:34,773 DEBUG __mp_main__: [work] PID=9087 time=2018-01-07 05:00:00 done
2025-05-28 11:29:34,774 DEBUG __mp_main__: [work] PID=9087 time=2018-07-28 13:00:00 start
2025-05-28 11:29:35,250 DEBUG __mp_main__: [work] PID=9088 time=2020-01-04 12:00:00 done
2025-05-28 11:29:35,250 DEBUG __mp_main__: [work] PID=9088 time=2022-02-19 18:00:00 start
2025-05-28 11:29:35,391 DEBUG __mp_main__: [work] PID=9086 time=2019-03-09 13:00:00 done
2025-05-28 11:29:35,392 DEBUG __mp_main__: [work] PID=9086 time=2023-02-25 07:00:00 start
2025-05-28 11:29:35,493 DEBUG __mp_main__: [work] PID=9087 time=2018-07-28 13:00:00 done
2025-05-28 11:29:35,493 DEBUG __mp_main__: [work] PID=9087 time=2020-03-28 19:00:00 start
2025-05-28 11:29:36,015 DEBUG __mp_main__: [work] PID=9088 time=2022-02-19 18:00:00 done
2025-05-28 11:29:36,015 DEBUG __mp_main__: [work] PID=9088 time=2018-07-07 15:00:00 start
2025-05-28 11:29:36,182 DEBUG __mp_main__: [work] PID=9086 time=2023-02-25 07:00:00 done
2025-05-28 11:29:36,182 DEBUG __mp_main__: [work] PID=9086 time=2024-08-03 11:00:00 start
2025-05-28 11:29:36,273 DEBUG __mp_main__: [work] PID=9087 time=2020-03-28 19:00:00 done
2025-05-28 11:29:36,273 DEBUG __mp_main__: [work] PID=9087 time=2021-05-08 11:00:00 start
2025-05-28 11:29:36,724 DEBUG __mp_main__: [work] PID=9088 time=2018-07-07 15:00:00 done
2025-05-28 11:29:36,724 DEBUG __mp_main__: [work] PID=9088 time=2022-07-10 02:00:00 start
2025-05-28 11:29:36,903 DEBUG __mp_main__: [work] PID=9086 time=2024-08-03 11:00:00 done
2025-05-28 11:29:36,904 DEBUG __mp_main__: [work] PID=9086 time=2018-08-25 18:00:00 start
2025-05-28 11:29:36,981 DEBUG __mp_main__: [work] PID=9087 time=2021-05-08 11:00:00 done
2025-05-28 11:29:36,982 DEBUG __mp_main__: [work] PID=9087 time=2024-05-05 00:00:00 start
2025-05-28 11:29:37,419 DEBUG __mp_main__: [work] PID=9088 time=2022-07-10 02:00:00 done
2025-05-28 11:29:37,419 DEBUG __mp_main__: [work] PID=9088 time=2020-03-15 02:00:00 start
2025-05-28 11:29:37,597 DEBUG __mp_main__: [work] PID=9086 time=2018-08-25 18:00:00 done
2025-05-28 11:29:37,597 DEBUG __mp_main__: [work] PID=9086 time=2023-03-19 02:00:00 start
2025-05-28 11:29:37,684 DEBUG __mp_main__: [work] PID=9087 time=2024-05-05 00:00:00 done
2025-05-28 11:29:37,684 DEBUG __mp_main__: [work] PID=9087 time=2019-11-09 07:00:00 start
2025-05-28 11:29:38,121 DEBUG __mp_main__: [work] PID=9088 time=2020-03-15 02:00:00 done
2025-05-28 11:29:38,121 DEBUG __mp_main__: [work] PID=9088 time=2023-12-09 18:00:00 start
2025-05-28 11:29:38,308 DEBUG __mp_main__: [work] PID=9086 time=2023-03-19 02:00:00 done
2025-05-28 11:29:38,308 DEBUG __mp_main__: [work] PID=9086 time=2024-10-13 05:00:00 start
2025-05-28 11:29:38,392 DEBUG __mp_main__: [work] PID=9087 time=2019-11-09 07:00:00 done
2025-05-28 11:29:38,392 DEBUG __mp_main__: [work] PID=9087 time=2021-10-16 11:00:00 start
2025-05-28 11:29:38,821 DEBUG __mp_main__: [work] PID=9088 time=2023-12-09 18:00:00 done
2025-05-28 11:29:38,821 DEBUG __mp_main__: [work] PID=9088 time=2024-05-04 11:00:00 start
2025-05-28 11:29:39,004 DEBUG __mp_main__: [work] PID=9086 time=2024-10-13 05:00:00 done
2025-05-28 11:29:39,005 DEBUG __mp_main__: [work] PID=9086 time=2020-02-22 08:00:00 start
2025-05-28 11:29:39,089 DEBUG __mp_main__: [work] PID=9087 time=2021-10-16 11:00:00 done
2025-05-28 11:29:39,089 DEBUG __mp_main__: [work] PID=9087 time=2020-09-05 14:00:00 start
2025-05-28 11:29:39,524 DEBUG __mp_main__: [work] PID=9088 time=2024-05-04 11:00:00 done
2025-05-28 11:29:39,524 DEBUG __mp_main__: [work] PID=9088 time=2022-04-17 03:00:00 start
2025-05-28 11:29:39,691 DEBUG __mp_main__: [work] PID=9086 time=2020-02-22 08:00:00 done
2025-05-28 11:29:39,691 DEBUG __mp_main__: [work] PID=9086 time=2022-10-15 11:00:00 start
2025-05-28 11:29:39,777 DEBUG __mp_main__: [work] PID=9087 time=2020-09-05 14:00:00 done
2025-05-28 11:29:39,777 DEBUG __mp_main__: [work] PID=9087 time=2018-01-13 17:00:00 start
2025-05-28 11:29:40,211 DEBUG __mp_main__: [work] PID=9088 time=2022-04-17 03:00:00 done
2025-05-28 11:29:40,211 DEBUG __mp_main__: [work] PID=9088 time=2023-08-26 23:00:00 start
2025-05-28 11:29:40,382 DEBUG __mp_main__: [work] PID=9086 time=2022-10-15 11:00:00 done
2025-05-28 11:29:40,382 DEBUG __mp_main__: [work] PID=9086 time=2022-04-30 15:00:00 start
2025-05-28 11:29:40,475 DEBUG __mp_main__: [work] PID=9087 time=2018-01-13 17:00:00 done
2025-05-28 11:29:40,475 DEBUG __mp_main__: [work] PID=9087 time=2022-05-21 22:00:00 start
2025-05-28 11:29:40,907 DEBUG __mp_main__: [work] PID=9088 time=2023-08-26 23:00:00 done
2025-05-28 11:29:40,907 DEBUG __mp_main__: [work] PID=9088 time=2022-03-12 17:00:00 start
2025-05-28 11:29:41,074 DEBUG __mp_main__: [work] PID=9086 time=2022-04-30 15:00:00 done
2025-05-28 11:29:41,074 DEBUG __mp_main__: [work] PID=9086 time=2021-04-03 10:00:00 start
2025-05-28 11:29:41,173 DEBUG __mp_main__: [work] PID=9087 time=2022-05-21 22:00:00 done
2025-05-28 11:29:41,173 DEBUG __mp_main__: [work] PID=9087 time=2020-07-05 01:00:00 start
2025-05-28 11:29:41,599 DEBUG __mp_main__: [work] PID=9088 time=2022-03-12 17:00:00 done
2025-05-28 11:29:41,601 DEBUG __mp_main__: [work] PID=9088 time=2022-12-03 12:00:00 start
2025-05-28 11:29:41,767 DEBUG __mp_main__: [work] PID=9086 time=2021-04-03 10:00:00 done
2025-05-28 11:29:41,769 DEBUG __mp_main__: [work] PID=9086 time=2024-09-14 15:00:00 start
2025-05-28 11:29:41,871 DEBUG __mp_main__: [work] PID=9087 time=2020-07-05 01:00:00 done
2025-05-28 11:29:41,873 DEBUG __mp_main__: [work] PID=9087 time=2019-11-16 19:00:00 start
2025-05-28 11:29:42,308 DEBUG __mp_main__: [work] PID=9088 time=2022-12-03 12:00:00 done
2025-05-28 11:29:42,309 DEBUG __mp_main__: [work] PID=9088 time=2023-01-21 16:00:00 start
2025-05-28 11:29:42,471 DEBUG __mp_main__: [work] PID=9086 time=2024-09-14 15:00:00 done
2025-05-28 11:29:42,471 DEBUG __mp_main__: [work] PID=9086 time=2021-10-09 21:00:00 start
2025-05-28 11:29:42,573 DEBUG __mp_main__: [work] PID=9087 time=2019-11-16 19:00:00 done
2025-05-28 11:29:42,573 DEBUG __mp_main__: [work] PID=9087 time=2023-09-17 02:00:00 start
2025-05-28 11:29:43,010 DEBUG __mp_main__: [work] PID=9088 time=2023-01-21 16:00:00 done
2025-05-28 11:29:43,010 DEBUG __mp_main__: [work] PID=9088 time=2022-11-12 23:00:00 start
2025-05-28 11:29:43,172 DEBUG __mp_main__: [work] PID=9086 time=2021-10-09 21:00:00 done
2025-05-28 11:29:43,172 DEBUG __mp_main__: [work] PID=9086 time=2023-08-19 18:00:00 start
2025-05-28 11:29:43,270 DEBUG __mp_main__: [work] PID=9087 time=2023-09-17 02:00:00 done
2025-05-28 11:29:43,271 DEBUG __mp_main__: [work] PID=9087 time=2022-09-24 12:00:00 start
2025-05-28 11:29:43,714 DEBUG __mp_main__: [work] PID=9088 time=2022-11-12 23:00:00 done
2025-05-28 11:29:43,714 DEBUG __mp_main__: [work] PID=9088 time=2024-09-22 04:00:00 start
2025-05-28 11:29:43,876 DEBUG __mp_main__: [work] PID=9086 time=2023-08-19 18:00:00 done
2025-05-28 11:29:43,876 DEBUG __mp_main__: [work] PID=9086 time=2018-09-16 00:00:00 start
2025-05-28 11:29:43,968 DEBUG __mp_main__: [work] PID=9087 time=2022-09-24 12:00:00 done
2025-05-28 11:29:43,968 DEBUG __mp_main__: [work] PID=9087 time=2020-03-14 12:00:00 start
2025-05-28 11:29:44,420 DEBUG __mp_main__: [work] PID=9088 time=2024-09-22 04:00:00 done
2025-05-28 11:29:44,421 DEBUG __mp_main__: [work] PID=9088 time=2024-09-01 06:00:00 start
2025-05-28 11:29:44,572 DEBUG __mp_main__: [work] PID=9086 time=2018-09-16 00:00:00 done
2025-05-28 11:29:44,573 DEBUG __mp_main__: [work] PID=9086 time=2021-11-21 06:00:00 start
2025-05-28 11:29:44,664 DEBUG __mp_main__: [work] PID=9087 time=2020-03-14 12:00:00 done
2025-05-28 11:29:44,664 DEBUG __mp_main__: [work] PID=9087 time=2018-07-14 14:00:00 start
2025-05-28 11:29:45,071 DEBUG __mp_main__: [work] PID=9088 time=2024-09-01 06:00:00 done
2025-05-28 11:29:45,072 DEBUG __mp_main__: [work] PID=9088 time=2018-10-21 04:00:00 start
2025-05-28 11:29:45,228 DEBUG __mp_main__: [work] PID=9086 time=2021-11-21 06:00:00 done
2025-05-28 11:29:45,228 DEBUG __mp_main__: [work] PID=9086 time=2020-10-10 14:00:00 start
2025-05-28 11:29:45,359 DEBUG __mp_main__: [work] PID=9087 time=2018-07-14 14:00:00 done
2025-05-28 11:29:45,359 DEBUG __mp_main__: [work] PID=9087 time=2023-04-08 12:00:00 start
2025-05-28 11:29:45,768 DEBUG __mp_main__: [work] PID=9088 time=2018-10-21 04:00:00 done
2025-05-28 11:29:45,768 DEBUG __mp_main__: [work] PID=9088 time=2019-08-10 12:00:00 start
2025-05-28 11:29:45,928 DEBUG __mp_main__: [work] PID=9086 time=2020-10-10 14:00:00 done
2025-05-28 11:29:45,929 DEBUG __mp_main__: [work] PID=9086 time=2024-06-30 01:00:00 start
2025-05-28 11:29:46,054 DEBUG __mp_main__: [work] PID=9087 time=2023-04-08 12:00:00 done
2025-05-28 11:29:46,054 DEBUG __mp_main__: [work] PID=9087 time=2023-12-31 00:00:00 start
2025-05-28 11:29:46,468 DEBUG __mp_main__: [work] PID=9088 time=2019-08-10 12:00:00 done
2025-05-28 11:29:46,468 DEBUG __mp_main__: [work] PID=9088 time=2021-10-03 05:00:00 start
2025-05-28 11:29:46,638 DEBUG __mp_main__: [work] PID=9086 time=2024-06-30 01:00:00 done
2025-05-28 11:29:46,638 DEBUG __mp_main__: [work] PID=9086 time=2021-10-02 19:00:00 start
2025-05-28 11:29:46,757 DEBUG __mp_main__: [work] PID=9087 time=2023-12-31 00:00:00 done
2025-05-28 11:29:46,757 DEBUG __mp_main__: [work] PID=9087 time=2020-05-02 07:00:00 start
2025-05-28 11:29:47,173 DEBUG __mp_main__: [work] PID=9088 time=2021-10-03 05:00:00 done
2025-05-28 11:29:47,173 DEBUG __mp_main__: [work] PID=9088 time=2018-02-17 22:00:00 start
2025-05-28 11:29:47,351 DEBUG __mp_main__: [work] PID=9086 time=2021-10-02 19:00:00 done
2025-05-28 11:29:47,351 DEBUG __mp_main__: [work] PID=9086 time=2023-01-28 17:00:00 start
2025-05-28 11:29:47,457 DEBUG __mp_main__: [work] PID=9087 time=2020-05-02 07:00:00 done
2025-05-28 11:29:47,457 DEBUG __mp_main__: [work] PID=9087 time=2021-07-17 18:00:00 start
2025-05-28 11:29:47,876 DEBUG __mp_main__: [work] PID=9088 time=2018-02-17 22:00:00 done
2025-05-28 11:29:47,876 DEBUG __mp_main__: [work] PID=9088 time=2020-01-04 10:00:00 start
2025-05-28 11:29:48,139 DEBUG __mp_main__: [work] PID=9086 time=2023-01-28 17:00:00 done
2025-05-28 11:29:48,139 DEBUG __mp_main__: [work] PID=9086 time=2022-02-12 22:00:00 start
2025-05-28 11:29:48,240 DEBUG __mp_main__: [work] PID=9087 time=2021-07-17 18:00:00 done
2025-05-28 11:29:48,240 DEBUG __mp_main__: [work] PID=9087 time=2018-03-25 01:00:00 start
2025-05-28 11:29:48,655 DEBUG __mp_main__: [work] PID=9088 time=2020-01-04 10:00:00 done
2025-05-28 11:29:48,657 DEBUG __mp_main__: [work] PID=9088 time=2018-12-29 10:00:00 start
2025-05-28 11:29:48,848 DEBUG __mp_main__: [work] PID=9086 time=2022-02-12 22:00:00 done
2025-05-28 11:29:48,849 DEBUG __mp_main__: [work] PID=9086 time=2021-03-13 11:00:00 start
2025-05-28 11:29:48,992 DEBUG __mp_main__: [work] PID=9087 time=2018-03-25 01:00:00 done
2025-05-28 11:29:48,993 DEBUG __mp_main__: [work] PID=9087 time=2024-05-11 09:00:00 start
2025-05-28 11:29:49,426 DEBUG __mp_main__: [work] PID=9088 time=2018-12-29 10:00:00 done
2025-05-28 11:29:49,426 DEBUG __mp_main__: [work] PID=9088 time=2022-07-31 06:00:00 start
2025-05-28 11:29:49,683 DEBUG __mp_main__: [work] PID=9086 time=2021-03-13 11:00:00 done
2025-05-28 11:29:49,684 DEBUG __mp_main__: [work] PID=9086 time=2021-02-20 12:00:00 start
2025-05-28 11:29:49,766 DEBUG __mp_main__: [work] PID=9087 time=2024-05-11 09:00:00 done
2025-05-28 11:29:49,766 DEBUG __mp_main__: [work] PID=9087 time=2022-10-22 18:00:00 start
2025-05-28 11:29:50,290 DEBUG __mp_main__: [work] PID=9088 time=2022-07-31 06:00:00 done
2025-05-28 11:29:50,291 DEBUG __mp_main__: [work] PID=9088 time=2024-04-20 08:00:00 start
2025-05-28 11:29:50,577 DEBUG __mp_main__: [work] PID=9086 time=2021-02-20 12:00:00 done
2025-05-28 11:29:50,577 DEBUG __mp_main__: [work] PID=9086 time=2024-11-03 05:00:00 start
2025-05-28 11:29:50,655 DEBUG __mp_main__: [work] PID=9087 time=2022-10-22 18:00:00 done
2025-05-28 11:29:50,655 DEBUG __mp_main__: [work] PID=9087 time=2024-01-20 11:00:00 start
2025-05-28 11:29:51,065 DEBUG __mp_main__: [work] PID=9088 time=2024-04-20 08:00:00 done
2025-05-28 11:29:51,065 DEBUG __mp_main__: [work] PID=9088 time=2022-12-03 09:00:00 start
2025-05-28 11:29:51,381 DEBUG __mp_main__: [work] PID=9086 time=2024-11-03 05:00:00 done
2025-05-28 11:29:51,381 DEBUG __mp_main__: [work] PID=9086 time=2024-10-19 23:00:00 start
2025-05-28 11:29:51,453 DEBUG __mp_main__: [work] PID=9087 time=2024-01-20 11:00:00 done
2025-05-28 11:29:51,454 DEBUG __mp_main__: [work] PID=9087 time=2021-06-26 14:00:00 start
2025-05-28 11:29:51,860 DEBUG __mp_main__: [work] PID=9088 time=2022-12-03 09:00:00 done
2025-05-28 11:29:51,861 DEBUG __mp_main__: [work] PID=9088 time=2024-02-24 15:00:00 start
2025-05-28 11:29:52,146 DEBUG __mp_main__: [work] PID=9086 time=2024-10-19 23:00:00 done
2025-05-28 11:29:52,146 DEBUG __mp_main__: [work] PID=9086 time=2021-04-11 04:00:00 start
2025-05-28 11:29:52,213 DEBUG __mp_main__: [work] PID=9087 time=2021-06-26 14:00:00 done
2025-05-28 11:29:52,213 DEBUG __mp_main__: [work] PID=9087 time=2021-12-05 03:00:00 start
2025-05-28 11:29:52,577 DEBUG __mp_main__: [work] PID=9088 time=2024-02-24 15:00:00 done
2025-05-28 11:29:52,577 DEBUG __mp_main__: [work] PID=9088 time=2019-02-09 13:00:00 start
2025-05-28 11:29:52,843 DEBUG __mp_main__: [work] PID=9086 time=2021-04-11 04:00:00 done
2025-05-28 11:29:52,843 DEBUG __mp_main__: [work] PID=9086 time=2023-04-29 14:00:00 start
2025-05-28 11:29:52,913 DEBUG __mp_main__: [work] PID=9087 time=2021-12-05 03:00:00 done
2025-05-28 11:29:52,913 DEBUG __mp_main__: [work] PID=9087 time=2022-10-29 12:00:00 start
2025-05-28 11:29:53,271 DEBUG __mp_main__: [work] PID=9088 time=2019-02-09 13:00:00 done
2025-05-28 11:29:53,271 DEBUG __mp_main__: [work] PID=9088 time=2024-10-19 10:00:00 start
2025-05-28 11:29:53,560 DEBUG __mp_main__: [work] PID=9086 time=2023-04-29 14:00:00 done
2025-05-28 11:29:53,560 DEBUG __mp_main__: [work] PID=9086 time=2018-06-30 19:00:00 start
2025-05-28 11:29:53,629 DEBUG __mp_main__: [work] PID=9087 time=2022-10-29 12:00:00 done
2025-05-28 11:29:53,629 DEBUG __mp_main__: [work] PID=9087 time=2019-09-15 06:00:00 start
2025-05-28 11:29:53,975 DEBUG __mp_main__: [work] PID=9088 time=2024-10-19 10:00:00 done
2025-05-28 11:29:53,975 DEBUG __mp_main__: [work] PID=9088 time=2023-11-26 02:00:00 start
2025-05-28 11:29:54,268 DEBUG __mp_main__: [work] PID=9086 time=2018-06-30 19:00:00 done
2025-05-28 11:29:54,268 DEBUG __mp_main__: [work] PID=9086 time=2021-04-03 20:00:00 start
2025-05-28 11:29:54,308 DEBUG __mp_main__: [work] PID=9087 time=2019-09-15 06:00:00 done
2025-05-28 11:29:54,308 DEBUG __mp_main__: [work] PID=9087 time=2022-01-15 19:00:00 start
2025-05-28 11:29:54,717 DEBUG __mp_main__: [work] PID=9088 time=2023-11-26 02:00:00 done
2025-05-28 11:29:54,717 DEBUG __mp_main__: [work] PID=9088 time=2022-01-08 21:00:00 start
2025-05-28 11:29:55,040 DEBUG __mp_main__: [work] PID=9086 time=2021-04-03 20:00:00 done
2025-05-28 11:29:55,040 DEBUG __mp_main__: [work] PID=9086 time=2019-06-23 01:00:00 start
2025-05-28 11:29:55,072 DEBUG __mp_main__: [work] PID=9087 time=2022-01-15 19:00:00 done
2025-05-28 11:29:55,072 DEBUG __mp_main__: [work] PID=9087 time=2024-09-14 22:00:00 start
2025-05-28 11:29:55,458 DEBUG __mp_main__: [work] PID=9088 time=2022-01-08 21:00:00 done
2025-05-28 11:29:55,458 DEBUG __mp_main__: [work] PID=9088 time=2021-01-23 23:00:00 start
2025-05-28 11:29:55,764 DEBUG __mp_main__: [work] PID=9086 time=2019-06-23 01:00:00 done
2025-05-28 11:29:55,764 DEBUG __mp_main__: [work] PID=9086 time=2024-07-21 05:00:00 start
2025-05-28 11:29:55,802 DEBUG __mp_main__: [work] PID=9087 time=2024-09-14 22:00:00 done
2025-05-28 11:29:55,802 DEBUG __mp_main__: [work] PID=9087 time=2022-09-03 16:00:00 start
2025-05-28 11:29:56,201 DEBUG __mp_main__: [work] PID=9088 time=2021-01-23 23:00:00 done
2025-05-28 11:29:56,203 DEBUG __mp_main__: [work] PID=9088 time=2019-11-09 20:00:00 start
2025-05-28 11:29:56,507 DEBUG __mp_main__: [work] PID=9086 time=2024-07-21 05:00:00 done
2025-05-28 11:29:56,509 DEBUG __mp_main__: [work] PID=9086 time=2021-08-07 20:00:00 start
2025-05-28 11:29:56,545 DEBUG __mp_main__: [work] PID=9087 time=2022-09-03 16:00:00 done
2025-05-28 11:29:56,546 DEBUG __mp_main__: [work] PID=9087 time=2024-11-23 17:00:00 start
2025-05-28 11:29:56,918 DEBUG __mp_main__: [work] PID=9088 time=2019-11-09 20:00:00 done
2025-05-28 11:29:56,918 DEBUG __mp_main__: [work] PID=9088 time=2018-08-05 00:00:00 start
2025-05-28 11:29:57,217 DEBUG __mp_main__: [work] PID=9086 time=2021-08-07 20:00:00 done
2025-05-28 11:29:57,218 DEBUG __mp_main__: [work] PID=9086 time=2022-05-07 21:00:00 start
2025-05-28 11:29:57,258 DEBUG __mp_main__: [work] PID=9087 time=2024-11-23 17:00:00 done
2025-05-28 11:29:57,258 DEBUG __mp_main__: [work] PID=9087 time=2020-11-08 02:00:00 start
2025-05-28 11:29:57,650 DEBUG __mp_main__: [work] PID=9088 time=2018-08-05 00:00:00 done
2025-05-28 11:29:57,650 DEBUG __mp_main__: [work] PID=9088 time=2021-08-01 02:00:00 start
2025-05-28 11:29:57,986 DEBUG __mp_main__: [work] PID=9086 time=2022-05-07 21:00:00 done
2025-05-28 11:29:57,986 DEBUG __mp_main__: [work] PID=9086 time=2018-12-22 16:00:00 start
2025-05-28 11:29:58,028 DEBUG __mp_main__: [work] PID=9087 time=2020-11-08 02:00:00 done
2025-05-28 11:29:58,028 DEBUG __mp_main__: [work] PID=9087 time=2023-09-16 20:00:00 start
2025-05-28 11:29:58,402 DEBUG __mp_main__: [work] PID=9088 time=2021-08-01 02:00:00 done
2025-05-28 11:29:58,402 DEBUG __mp_main__: [work] PID=9088 time=2019-08-10 09:00:00 start
2025-05-28 11:29:58,706 DEBUG __mp_main__: [work] PID=9086 time=2018-12-22 16:00:00 done
2025-05-28 11:29:58,706 DEBUG __mp_main__: [work] PID=9086 time=2018-07-21 08:00:00 start
2025-05-28 11:29:58,737 DEBUG __mp_main__: [work] PID=9087 time=2023-09-16 20:00:00 done
2025-05-28 11:29:58,738 DEBUG __mp_main__: [work] PID=9087 time=2019-07-06 18:00:00 start
2025-05-28 11:29:59,093 DEBUG __mp_main__: [work] PID=9088 time=2019-08-10 09:00:00 done
2025-05-28 11:29:59,093 DEBUG __mp_main__: [work] PID=9088 time=2021-04-10 15:00:00 start
2025-05-28 11:29:59,403 DEBUG __mp_main__: [work] PID=9086 time=2018-07-21 08:00:00 done
2025-05-28 11:29:59,403 DEBUG __mp_main__: [work] PID=9086 time=2018-06-16 15:00:00 start
2025-05-28 11:29:59,432 DEBUG __mp_main__: [work] PID=9087 time=2019-07-06 18:00:00 done
2025-05-28 11:29:59,432 DEBUG __mp_main__: [work] PID=9087 time=2023-11-04 20:00:00 start
2025-05-28 11:29:59,790 DEBUG __mp_main__: [work] PID=9088 time=2021-04-10 15:00:00 done
2025-05-28 11:29:59,790 DEBUG __mp_main__: [work] PID=9088 time=2022-01-15 13:00:00 start
2025-05-28 11:30:00,110 DEBUG __mp_main__: [work] PID=9086 time=2018-06-16 15:00:00 done
2025-05-28 11:30:00,110 DEBUG __mp_main__: [work] PID=9086 time=2019-03-23 11:00:00 start
2025-05-28 11:30:00,132 DEBUG __mp_main__: [work] PID=9087 time=2023-11-04 20:00:00 done
2025-05-28 11:30:00,132 DEBUG __mp_main__: [work] PID=9087 time=2022-06-05 06:00:00 start
2025-05-28 11:30:00,507 DEBUG __mp_main__: [work] PID=9088 time=2022-01-15 13:00:00 done
2025-05-28 11:30:00,507 DEBUG __mp_main__: [work] PID=9088 time=2022-09-18 05:00:00 start
2025-05-28 11:30:00,797 DEBUG __mp_main__: [work] PID=9087 time=2022-06-05 06:00:00 done
2025-05-28 11:30:00,797 DEBUG __mp_main__: [work] PID=9087 time=2024-11-23 08:00:00 start
2025-05-28 11:30:00,827 DEBUG __mp_main__: [work] PID=9086 time=2019-03-23 11:00:00 done
2025-05-28 11:30:00,827 DEBUG __mp_main__: [work] PID=9086 time=2020-03-29 04:00:00 start
2025-05-28 11:30:01,211 DEBUG __mp_main__: [work] PID=9088 time=2022-09-18 05:00:00 done
2025-05-28 11:30:01,211 DEBUG __mp_main__: [work] PID=9088 time=2021-08-28 21:00:00 start
2025-05-28 11:30:01,494 DEBUG __mp_main__: [work] PID=9087 time=2024-11-23 08:00:00 done
2025-05-28 11:30:01,494 DEBUG __mp_main__: [work] PID=9087 time=2021-08-14 08:00:00 start
2025-05-28 11:30:01,527 DEBUG __mp_main__: [work] PID=9086 time=2020-03-29 04:00:00 done
2025-05-28 11:30:01,527 DEBUG __mp_main__: [work] PID=9086 time=2020-05-16 22:00:00 start
2025-05-28 11:30:01,903 DEBUG __mp_main__: [work] PID=9088 time=2021-08-28 21:00:00 done
2025-05-28 11:30:01,903 DEBUG __mp_main__: [work] PID=9088 time=2019-06-01 20:00:00 start
2025-05-28 11:30:02,198 DEBUG __mp_main__: [work] PID=9087 time=2021-08-14 08:00:00 done
2025-05-28 11:30:02,198 DEBUG __mp_main__: [work] PID=9087 time=2023-07-22 17:00:00 start
2025-05-28 11:30:02,226 DEBUG __mp_main__: [work] PID=9086 time=2020-05-16 22:00:00 done
2025-05-28 11:30:02,226 DEBUG __mp_main__: [work] PID=9086 time=2018-11-24 22:00:00 start
2025-05-28 11:30:02,600 DEBUG __mp_main__: [work] PID=9088 time=2019-06-01 20:00:00 done
2025-05-28 11:30:02,600 DEBUG __mp_main__: [work] PID=9088 time=2022-01-02 03:00:00 start
2025-05-28 11:30:02,889 DEBUG __mp_main__: [work] PID=9087 time=2023-07-22 17:00:00 done
2025-05-28 11:30:02,889 DEBUG __mp_main__: [work] PID=9087 time=2024-06-01 12:00:00 start
2025-05-28 11:30:02,918 DEBUG __mp_main__: [work] PID=9086 time=2018-11-24 22:00:00 done
2025-05-28 11:30:02,918 DEBUG __mp_main__: [work] PID=9086 time=2019-02-02 17:00:00 start
2025-05-28 11:30:03,295 DEBUG __mp_main__: [work] PID=9088 time=2022-01-02 03:00:00 done
2025-05-28 11:30:03,296 DEBUG __mp_main__: [work] PID=9088 time=2022-12-03 14:00:00 start
2025-05-28 11:30:03,623 DEBUG __mp_main__: [work] PID=9087 time=2024-06-01 12:00:00 done
2025-05-28 11:30:03,625 DEBUG __mp_main__: [work] PID=9087 time=2022-05-14 19:00:00 start
2025-05-28 11:30:03,649 DEBUG __mp_main__: [work] PID=9086 time=2019-02-02 17:00:00 done
2025-05-28 11:30:03,650 DEBUG __mp_main__: [work] PID=9086 time=2024-05-18 19:00:00 start
2025-05-28 11:30:04,029 DEBUG __mp_main__: [work] PID=9088 time=2022-12-03 14:00:00 done
2025-05-28 11:30:04,029 DEBUG __mp_main__: [work] PID=9088 time=2024-06-22 09:00:00 start
2025-05-28 11:30:04,335 DEBUG __mp_main__: [work] PID=9087 time=2022-05-14 19:00:00 done
2025-05-28 11:30:04,335 DEBUG __mp_main__: [work] PID=9087 time=2023-04-08 08:00:00 start
2025-05-28 11:30:04,358 DEBUG __mp_main__: [work] PID=9086 time=2024-05-18 19:00:00 done
2025-05-28 11:30:04,358 DEBUG __mp_main__: [work] PID=9086 time=2023-06-25 05:00:00 start
2025-05-28 11:30:04,726 DEBUG __mp_main__: [work] PID=9088 time=2024-06-22 09:00:00 done
2025-05-28 11:30:04,727 DEBUG __mp_main__: [work] PID=9088 time=2019-04-13 08:00:00 start
2025-05-28 11:30:05,030 DEBUG __mp_main__: [work] PID=9087 time=2023-04-08 08:00:00 done
2025-05-28 11:30:05,030 DEBUG __mp_main__: [work] PID=9087 time=2021-06-19 15:00:00 start
2025-05-28 11:30:05,055 DEBUG __mp_main__: [work] PID=9086 time=2023-06-25 05:00:00 done
2025-05-28 11:30:05,055 DEBUG __mp_main__: [work] PID=9086 time=2021-12-18 15:00:00 start
2025-05-28 11:30:05,419 DEBUG __mp_main__: [work] PID=9088 time=2019-04-13 08:00:00 done
2025-05-28 11:30:05,419 DEBUG __mp_main__: [work] PID=9088 time=2021-12-19 01:00:00 start
2025-05-28 11:30:05,726 DEBUG __mp_main__: [work] PID=9087 time=2021-06-19 15:00:00 done
2025-05-28 11:30:05,726 DEBUG __mp_main__: [work] PID=9087 time=2019-10-26 10:00:00 start
2025-05-28 11:30:05,754 DEBUG __mp_main__: [work] PID=9086 time=2021-12-18 15:00:00 done
2025-05-28 11:30:05,754 DEBUG __mp_main__: [work] PID=9086 time=2018-07-07 23:00:00 start
2025-05-28 11:30:06,109 DEBUG __mp_main__: [work] PID=9088 time=2021-12-19 01:00:00 done
2025-05-28 11:30:06,109 DEBUG __mp_main__: [work] PID=9088 time=2020-01-25 18:00:00 start
2025-05-28 11:30:06,417 DEBUG __mp_main__: [work] PID=9087 time=2019-10-26 10:00:00 done
2025-05-28 11:30:06,417 DEBUG __mp_main__: [work] PID=9087 time=2024-12-14 09:00:00 start
2025-05-28 11:30:06,445 DEBUG __mp_main__: [work] PID=9086 time=2018-07-07 23:00:00 done
2025-05-28 11:30:06,445 DEBUG __mp_main__: [work] PID=9086 time=2021-12-26 03:00:00 start
2025-05-28 11:30:06,810 DEBUG __mp_main__: [work] PID=9088 time=2020-01-25 18:00:00 done
2025-05-28 11:30:06,811 DEBUG __mp_main__: [work] PID=9088 time=2021-11-07 04:00:00 start
2025-05-28 11:30:07,118 DEBUG __mp_main__: [work] PID=9087 time=2024-12-14 09:00:00 done
2025-05-28 11:30:07,119 DEBUG __mp_main__: [work] PID=9087 time=2019-06-08 18:00:00 start
2025-05-28 11:30:07,146 DEBUG __mp_main__: [work] PID=9086 time=2021-12-26 03:00:00 done
2025-05-28 11:30:07,146 DEBUG __mp_main__: [work] PID=9086 time=2024-02-10 15:00:00 start
2025-05-28 11:30:07,513 DEBUG __mp_main__: [work] PID=9088 time=2021-11-07 04:00:00 done
2025-05-28 11:30:07,513 DEBUG __mp_main__: [work] PID=9088 time=2020-03-29 06:00:00 start
2025-05-28 11:30:07,818 DEBUG __mp_main__: [work] PID=9087 time=2019-06-08 18:00:00 done
2025-05-28 11:30:07,819 DEBUG __mp_main__: [work] PID=9087 time=2023-08-12 15:00:00 start
2025-05-28 11:30:07,850 DEBUG __mp_main__: [work] PID=9086 time=2024-02-10 15:00:00 done
2025-05-28 11:30:07,850 DEBUG __mp_main__: [work] PID=9086 time=2018-12-01 20:00:00 start
2025-05-28 11:30:08,162 DEBUG __mp_main__: [work] PID=9088 time=2020-03-29 06:00:00 done
2025-05-28 11:30:08,162 DEBUG __mp_main__: [work] PID=9088 time=2023-07-02 00:00:00 start
2025-05-28 11:30:08,516 DEBUG __mp_main__: [work] PID=9087 time=2023-08-12 15:00:00 done
2025-05-28 11:30:08,516 DEBUG __mp_main__: [work] PID=9087 time=2022-02-27 03:00:00 start
2025-05-28 11:30:08,549 DEBUG __mp_main__: [work] PID=9086 time=2018-12-01 20:00:00 done
2025-05-28 11:30:08,550 DEBUG __mp_main__: [work] PID=9086 time=2024-05-12 02:00:00 start
2025-05-28 11:30:08,861 DEBUG __mp_main__: [work] PID=9088 time=2023-07-02 00:00:00 done
2025-05-28 11:30:08,861 DEBUG __mp_main__: [work] PID=9088 time=2021-10-09 15:00:00 start
2025-05-28 11:30:09,218 DEBUG __mp_main__: [work] PID=9087 time=2022-02-27 03:00:00 done
2025-05-28 11:30:09,218 DEBUG __mp_main__: [work] PID=9087 time=2021-05-16 01:00:00 start
2025-05-28 11:30:09,251 DEBUG __mp_main__: [work] PID=9086 time=2024-05-12 02:00:00 done
2025-05-28 11:30:09,251 DEBUG __mp_main__: [work] PID=9086 time=2021-01-31 04:00:00 start
2025-05-28 11:30:09,563 DEBUG __mp_main__: [work] PID=9088 time=2021-10-09 15:00:00 done
2025-05-28 11:30:09,563 DEBUG __mp_main__: [work] PID=9088 time=2020-05-16 09:00:00 start
2025-05-28 11:30:09,915 DEBUG __mp_main__: [work] PID=9087 time=2021-05-16 01:00:00 done
2025-05-28 11:30:09,915 DEBUG __mp_main__: [work] PID=9087 time=2018-12-29 09:00:00 start
2025-05-28 11:30:09,953 DEBUG __mp_main__: [work] PID=9086 time=2021-01-31 04:00:00 done
2025-05-28 11:30:09,953 DEBUG __mp_main__: [work] PID=9086 time=2022-03-05 07:00:00 start
2025-05-28 11:30:10,257 DEBUG __mp_main__: [work] PID=9088 time=2020-05-16 09:00:00 done
2025-05-28 11:30:10,259 DEBUG __mp_main__: [work] PID=9088 time=2022-12-10 18:00:00 start
2025-05-28 11:30:10,621 DEBUG __mp_main__: [work] PID=9087 time=2018-12-29 09:00:00 done
2025-05-28 11:30:10,623 DEBUG __mp_main__: [work] PID=9087 time=2018-11-03 07:00:00 start
2025-05-28 11:30:10,666 DEBUG __mp_main__: [work] PID=9086 time=2022-03-05 07:00:00 done
2025-05-28 11:30:10,667 DEBUG __mp_main__: [work] PID=9086 time=2019-12-07 19:00:00 start
2025-05-28 11:30:10,971 DEBUG __mp_main__: [work] PID=9088 time=2022-12-10 18:00:00 done
2025-05-28 11:30:10,971 DEBUG __mp_main__: [work] PID=9088 time=2022-01-01 10:00:00 start
2025-05-28 11:30:11,324 DEBUG __mp_main__: [work] PID=9087 time=2018-11-03 07:00:00 done
2025-05-28 11:30:11,324 DEBUG __mp_main__: [work] PID=9087 time=2020-11-21 11:00:00 start
2025-05-28 11:30:11,371 DEBUG __mp_main__: [work] PID=9086 time=2019-12-07 19:00:00 done
2025-05-28 11:30:11,371 DEBUG __mp_main__: [work] PID=9086 time=2020-08-08 11:00:00 start
2025-05-28 11:30:11,669 DEBUG __mp_main__: [work] PID=9088 time=2022-01-01 10:00:00 done
2025-05-28 11:30:11,669 DEBUG __mp_main__: [work] PID=9088 time=2023-12-23 10:00:00 start
2025-05-28 11:30:12,016 DEBUG __mp_main__: [work] PID=9087 time=2020-11-21 11:00:00 done
2025-05-28 11:30:12,016 DEBUG __mp_main__: [work] PID=9087 time=2018-02-04 05:00:00 start
2025-05-28 11:30:12,072 DEBUG __mp_main__: [work] PID=9086 time=2020-08-08 11:00:00 done
2025-05-28 11:30:12,072 DEBUG __mp_main__: [work] PID=9086 time=2022-05-01 06:00:00 start
2025-05-28 11:30:12,366 DEBUG __mp_main__: [work] PID=9088 time=2023-12-23 10:00:00 done
2025-05-28 11:30:12,366 DEBUG __mp_main__: [work] PID=9088 time=2023-09-24 03:00:00 start
2025-05-28 11:30:12,707 DEBUG __mp_main__: [work] PID=9087 time=2018-02-04 05:00:00 done
2025-05-28 11:30:12,707 DEBUG __mp_main__: [work] PID=9087 time=2022-07-02 15:00:00 start
2025-05-28 11:30:12,726 DEBUG __mp_main__: [work] PID=9086 time=2022-05-01 06:00:00 done
2025-05-28 11:30:12,726 DEBUG __mp_main__: [work] PID=9086 time=2024-04-06 23:00:00 start
2025-05-28 11:30:13,072 DEBUG __mp_main__: [work] PID=9088 time=2023-09-24 03:00:00 done
2025-05-28 11:30:13,072 DEBUG __mp_main__: [work] PID=9088 time=2020-12-13 02:00:00 start
2025-05-28 11:30:13,402 DEBUG __mp_main__: [work] PID=9087 time=2022-07-02 15:00:00 done
2025-05-28 11:30:13,402 DEBUG __mp_main__: [work] PID=9087 time=2021-05-15 08:00:00 start
2025-05-28 11:30:13,433 DEBUG __mp_main__: [work] PID=9086 time=2024-04-06 23:00:00 done
2025-05-28 11:30:13,433 DEBUG __mp_main__: [work] PID=9086 time=2023-03-12 04:00:00 start
2025-05-28 11:30:13,767 DEBUG __mp_main__: [work] PID=9088 time=2020-12-13 02:00:00 done
2025-05-28 11:30:13,768 DEBUG __mp_main__: [work] PID=9088 time=2024-02-03 23:00:00 start
2025-05-28 11:30:14,103 DEBUG __mp_main__: [work] PID=9087 time=2021-05-15 08:00:00 done
2025-05-28 11:30:14,104 DEBUG __mp_main__: [work] PID=9087 time=2020-02-02 04:00:00 start
2025-05-28 11:30:14,132 DEBUG __mp_main__: [work] PID=9086 time=2023-03-12 04:00:00 done
2025-05-28 11:30:14,132 DEBUG __mp_main__: [work] PID=9086 time=2019-09-14 22:00:00 start
2025-05-28 11:30:14,459 DEBUG __mp_main__: [work] PID=9088 time=2024-02-03 23:00:00 done
2025-05-28 11:30:14,459 DEBUG __mp_main__: [work] PID=9088 time=2020-02-23 05:00:00 start
2025-05-28 11:30:14,790 DEBUG __mp_main__: [work] PID=9087 time=2020-02-02 04:00:00 done
2025-05-28 11:30:14,790 DEBUG __mp_main__: [work] PID=9087 time=2019-04-27 12:00:00 start
2025-05-28 11:30:14,830 DEBUG __mp_main__: [work] PID=9086 time=2019-09-14 22:00:00 done
2025-05-28 11:30:14,830 DEBUG __mp_main__: [work] PID=9086 time=2018-10-20 15:00:00 start
2025-05-28 11:30:15,160 DEBUG __mp_main__: [work] PID=9088 time=2020-02-23 05:00:00 done
2025-05-28 11:30:15,160 DEBUG __mp_main__: [work] PID=9088 time=2018-03-11 03:00:00 start
2025-05-28 11:30:15,478 DEBUG __mp_main__: [work] PID=9087 time=2019-04-27 12:00:00 done
2025-05-28 11:30:15,478 DEBUG __mp_main__: [work] PID=9087 time=2024-07-28 03:00:00 start
2025-05-28 11:30:15,525 DEBUG __mp_main__: [work] PID=9086 time=2018-10-20 15:00:00 done
2025-05-28 11:30:15,525 DEBUG __mp_main__: [work] PID=9086 time=2021-01-23 18:00:00 start
2025-05-28 11:30:15,847 DEBUG __mp_main__: [work] PID=9088 time=2018-03-11 03:00:00 done
2025-05-28 11:30:15,848 DEBUG __mp_main__: [work] PID=9088 time=2020-10-18 00:00:00 start
2025-05-28 11:30:16,177 DEBUG __mp_main__: [work] PID=9087 time=2024-07-28 03:00:00 done
2025-05-28 11:30:16,178 DEBUG __mp_main__: [work] PID=9087 time=2019-08-31 10:00:00 start
2025-05-28 11:30:16,226 DEBUG __mp_main__: [work] PID=9086 time=2021-01-23 18:00:00 done
2025-05-28 11:30:16,227 DEBUG __mp_main__: [work] PID=9086 time=2023-12-24 05:00:00 start
2025-05-28 11:30:16,543 DEBUG __mp_main__: [work] PID=9088 time=2020-10-18 00:00:00 done
2025-05-28 11:30:16,543 DEBUG __mp_main__: [work] PID=9088 time=2022-04-23 22:00:00 start
2025-05-28 11:30:16,877 DEBUG __mp_main__: [work] PID=9087 time=2019-08-31 10:00:00 done
2025-05-28 11:30:16,877 DEBUG __mp_main__: [work] PID=9087 time=2024-11-16 12:00:00 start
2025-05-28 11:30:16,926 DEBUG __mp_main__: [work] PID=9086 time=2023-12-24 05:00:00 done
2025-05-28 11:30:16,926 DEBUG __mp_main__: [work] PID=9086 time=2024-09-08 04:00:00 start
2025-05-28 11:30:17,244 DEBUG __mp_main__: [work] PID=9088 time=2022-04-23 22:00:00 done
2025-05-28 11:30:17,245 DEBUG __mp_main__: [work] PID=9088 time=2018-08-25 13:00:00 start
2025-05-28 11:30:17,590 DEBUG __mp_main__: [work] PID=9087 time=2024-11-16 12:00:00 done
2025-05-28 11:30:17,592 DEBUG __mp_main__: [work] PID=9087 time=2021-03-07 00:00:00 start
2025-05-28 11:30:17,639 DEBUG __mp_main__: [work] PID=9086 time=2024-09-08 04:00:00 done
2025-05-28 11:30:17,640 DEBUG __mp_main__: [work] PID=9086 time=2020-11-14 11:00:00 start
2025-05-28 11:30:17,949 DEBUG __mp_main__: [work] PID=9088 time=2018-08-25 13:00:00 done
2025-05-28 11:30:17,950 DEBUG __mp_main__: [work] PID=9088 time=2023-09-24 02:00:00 start
2025-05-28 11:30:18,294 DEBUG __mp_main__: [work] PID=9087 time=2021-03-07 00:00:00 done
2025-05-28 11:30:18,294 DEBUG __mp_main__: [work] PID=9087 time=2024-06-15 20:00:00 start
2025-05-28 11:30:18,343 DEBUG __mp_main__: [work] PID=9086 time=2020-11-14 11:00:00 done
2025-05-28 11:30:18,344 DEBUG __mp_main__: [work] PID=9086 time=2020-04-25 13:00:00 start
2025-05-28 11:30:18,675 DEBUG __mp_main__: [work] PID=9088 time=2023-09-24 02:00:00 done
2025-05-28 11:30:18,675 DEBUG __mp_main__: [work] PID=9088 time=2020-04-18 20:00:00 start
2025-05-28 11:30:19,023 DEBUG __mp_main__: [work] PID=9087 time=2024-06-15 20:00:00 done
2025-05-28 11:30:19,023 DEBUG __mp_main__: [work] PID=9087 time=2018-06-03 03:00:00 start
2025-05-28 11:30:19,062 DEBUG __mp_main__: [work] PID=9086 time=2020-04-25 13:00:00 done
2025-05-28 11:30:19,062 DEBUG __mp_main__: [work] PID=9086 time=2020-12-05 13:00:00 start
2025-05-28 11:30:19,380 DEBUG __mp_main__: [work] PID=9088 time=2020-04-18 20:00:00 done
2025-05-28 11:30:19,380 DEBUG __mp_main__: [work] PID=9088 time=2022-05-01 04:00:00 start
2025-05-28 11:30:19,717 DEBUG __mp_main__: [work] PID=9087 time=2018-06-03 03:00:00 done
2025-05-28 11:30:19,717 DEBUG __mp_main__: [work] PID=9087 time=2022-05-14 17:00:00 start
2025-05-28 11:30:19,761 DEBUG __mp_main__: [work] PID=9086 time=2020-12-05 13:00:00 done
2025-05-28 11:30:19,761 DEBUG __mp_main__: [work] PID=9086 time=2018-06-03 06:00:00 start
2025-05-28 11:30:20,071 DEBUG __mp_main__: [work] PID=9088 time=2022-05-01 04:00:00 done
2025-05-28 11:30:20,071 DEBUG __mp_main__: [work] PID=9088 time=2018-08-18 17:00:00 start
2025-05-28 11:30:20,409 DEBUG __mp_main__: [work] PID=9086 time=2018-06-03 06:00:00 done
2025-05-28 11:30:20,409 DEBUG __mp_main__: [work] PID=9086 time=2020-12-26 10:00:00 start
2025-05-28 11:30:20,415 DEBUG __mp_main__: [work] PID=9087 time=2022-05-14 17:00:00 done
2025-05-28 11:30:20,415 DEBUG __mp_main__: [work] PID=9087 time=2022-11-19 16:00:00 start
2025-05-28 11:30:20,765 DEBUG __mp_main__: [work] PID=9088 time=2018-08-18 17:00:00 done
2025-05-28 11:30:20,766 DEBUG __mp_main__: [work] PID=9088 time=2019-12-28 10:00:00 start
2025-05-28 11:30:21,106 DEBUG __mp_main__: [work] PID=9086 time=2020-12-26 10:00:00 done
2025-05-28 11:30:21,106 DEBUG __mp_main__: [work] PID=9086 time=2018-06-17 05:00:00 start
2025-05-28 11:30:21,113 DEBUG __mp_main__: [work] PID=9087 time=2022-11-19 16:00:00 done
2025-05-28 11:30:21,113 DEBUG __mp_main__: [work] PID=9087 time=2018-02-18 04:00:00 start
2025-05-28 11:30:21,459 DEBUG __mp_main__: [work] PID=9088 time=2019-12-28 10:00:00 done
2025-05-28 11:30:21,459 DEBUG __mp_main__: [work] PID=9088 time=2023-10-22 02:00:00 start
2025-05-28 11:30:21,798 DEBUG __mp_main__: [work] PID=9086 time=2018-06-17 05:00:00 done
2025-05-28 11:30:21,798 DEBUG __mp_main__: [work] PID=9086 time=2024-12-08 03:00:00 start
2025-05-28 11:30:21,805 DEBUG __mp_main__: [work] PID=9087 time=2018-02-18 04:00:00 done
2025-05-28 11:30:21,805 DEBUG __mp_main__: [work] PID=9087 time=2024-09-15 02:00:00 start
2025-05-28 11:30:22,160 DEBUG __mp_main__: [work] PID=9088 time=2023-10-22 02:00:00 done
2025-05-28 11:30:22,160 DEBUG __mp_main__: [work] PID=9088 time=2022-07-09 10:00:00 start
2025-05-28 11:30:22,504 DEBUG __mp_main__: [work] PID=9086 time=2024-12-08 03:00:00 done
2025-05-28 11:30:22,504 DEBUG __mp_main__: [work] PID=9086 time=2023-10-29 05:00:00 start
2025-05-28 11:30:22,510 DEBUG __mp_main__: [work] PID=9087 time=2024-09-15 02:00:00 done
2025-05-28 11:30:22,510 DEBUG __mp_main__: [work] PID=9087 time=2020-05-02 11:00:00 start
2025-05-28 11:30:22,862 DEBUG __mp_main__: [work] PID=9088 time=2022-07-09 10:00:00 done
2025-05-28 11:30:22,862 DEBUG __mp_main__: [work] PID=9088 time=2024-11-30 10:00:00 start
2025-05-28 11:30:23,205 DEBUG __mp_main__: [work] PID=9086 time=2023-10-29 05:00:00 done
2025-05-28 11:30:23,205 DEBUG __mp_main__: [work] PID=9086 time=2022-06-04 23:00:00 start
2025-05-28 11:30:23,211 DEBUG __mp_main__: [work] PID=9087 time=2020-05-02 11:00:00 done
2025-05-28 11:30:23,211 DEBUG __mp_main__: [work] PID=9087 time=2019-09-14 14:00:00 start
2025-05-28 11:30:23,560 DEBUG __mp_main__: [work] PID=9088 time=2024-11-30 10:00:00 done
2025-05-28 11:30:23,560 DEBUG __mp_main__: [work] PID=9088 time=2018-01-20 09:00:00 start
2025-05-28 11:30:23,910 DEBUG __mp_main__: [work] PID=9087 time=2019-09-14 14:00:00 done
2025-05-28 11:30:23,910 DEBUG __mp_main__: [work] PID=9086 time=2022-06-04 23:00:00 done
2025-05-28 11:30:23,910 DEBUG __mp_main__: [work] PID=9087 time=2019-01-26 10:00:00 start
2025-05-28 11:30:23,910 DEBUG __mp_main__: [work] PID=9086 time=2019-01-19 23:00:00 start
2025-05-28 11:30:24,257 DEBUG __mp_main__: [work] PID=9088 time=2018-01-20 09:00:00 done
2025-05-28 11:30:24,259 DEBUG __mp_main__: [work] PID=9088 time=2024-03-09 13:00:00 start
2025-05-28 11:30:24,609 DEBUG __mp_main__: [work] PID=9086 time=2019-01-19 23:00:00 done
2025-05-28 11:30:24,610 DEBUG __mp_main__: [work] PID=9086 time=2022-01-29 21:00:00 start
2025-05-28 11:30:24,611 DEBUG __mp_main__: [work] PID=9087 time=2019-01-26 10:00:00 done
2025-05-28 11:30:24,612 DEBUG __mp_main__: [work] PID=9087 time=2018-12-08 07:00:00 start
2025-05-28 11:30:24,965 DEBUG __mp_main__: [work] PID=9088 time=2024-03-09 13:00:00 done
2025-05-28 11:30:24,965 DEBUG __mp_main__: [work] PID=9088 time=2021-07-18 02:00:00 start
2025-05-28 11:30:25,306 DEBUG __mp_main__: [work] PID=9087 time=2018-12-08 07:00:00 done
2025-05-28 11:30:25,307 DEBUG __mp_main__: [work] PID=9087 time=2019-12-21 21:00:00 start
2025-05-28 11:30:25,308 DEBUG __mp_main__: [work] PID=9086 time=2022-01-29 21:00:00 done
2025-05-28 11:30:25,308 DEBUG __mp_main__: [work] PID=9086 time=2023-12-30 22:00:00 start
2025-05-28 11:30:25,654 DEBUG __mp_main__: [work] PID=9088 time=2021-07-18 02:00:00 done
2025-05-28 11:30:25,654 DEBUG __mp_main__: [work] PID=9088 time=2022-12-18 02:00:00 start
2025-05-28 11:30:25,998 DEBUG __mp_main__: [work] PID=9087 time=2019-12-21 21:00:00 done
2025-05-28 11:30:25,998 DEBUG __mp_main__: [work] PID=9087 time=2018-08-11 22:00:00 start
2025-05-28 11:30:26,005 DEBUG __mp_main__: [work] PID=9086 time=2023-12-30 22:00:00 done
2025-05-28 11:30:26,005 DEBUG __mp_main__: [work] PID=9086 time=2020-05-23 20:00:00 start
2025-05-28 11:30:26,346 DEBUG __mp_main__: [work] PID=9088 time=2022-12-18 02:00:00 done
2025-05-28 11:30:26,347 DEBUG __mp_main__: [work] PID=9088 time=2022-10-23 01:00:00 start
2025-05-28 11:30:26,699 DEBUG __mp_main__: [work] PID=9087 time=2018-08-11 22:00:00 done
2025-05-28 11:30:26,699 DEBUG __mp_main__: [work] PID=9087 time=2023-06-04 03:00:00 start
2025-05-28 11:30:26,709 DEBUG __mp_main__: [work] PID=9086 time=2020-05-23 20:00:00 done
2025-05-28 11:30:26,709 DEBUG __mp_main__: [work] PID=9086 time=2019-11-16 11:00:00 start
2025-05-28 11:30:27,047 DEBUG __mp_main__: [work] PID=9088 time=2022-10-23 01:00:00 done
2025-05-28 11:30:27,047 DEBUG __mp_main__: [work] PID=9088 time=2021-01-10 06:00:00 start
2025-05-28 11:30:27,394 DEBUG __mp_main__: [work] PID=9087 time=2023-06-04 03:00:00 done
2025-05-28 11:30:27,394 DEBUG __mp_main__: [work] PID=9087 time=2022-06-18 21:00:00 start
2025-05-28 11:30:27,401 DEBUG __mp_main__: [work] PID=9086 time=2019-11-16 11:00:00 done
2025-05-28 11:30:27,402 DEBUG __mp_main__: [work] PID=9086 time=2023-10-21 11:00:00 start
2025-05-28 11:30:27,698 DEBUG __mp_main__: [work] PID=9088 time=2021-01-10 06:00:00 done
2025-05-28 11:30:27,698 DEBUG __mp_main__: [work] PID=9088 time=2021-04-17 08:00:00 start
2025-05-28 11:30:28,090 DEBUG __mp_main__: [work] PID=9087 time=2022-06-18 21:00:00 done
2025-05-28 11:30:28,090 DEBUG __mp_main__: [work] PID=9087 time=2022-02-12 13:00:00 start
2025-05-28 11:30:28,101 DEBUG __mp_main__: [work] PID=9086 time=2023-10-21 11:00:00 done
2025-05-28 11:30:28,101 DEBUG __mp_main__: [work] PID=9086 time=2020-12-26 09:00:00 start
2025-05-28 11:30:28,401 DEBUG __mp_main__: [work] PID=9088 time=2021-04-17 08:00:00 done
2025-05-28 11:30:28,401 DEBUG __mp_main__: [work] PID=9088 time=2024-01-20 16:00:00 start
2025-05-28 11:30:28,791 DEBUG __mp_main__: [work] PID=9087 time=2022-02-12 13:00:00 done
2025-05-28 11:30:28,791 DEBUG __mp_main__: [work] PID=9087 time=2023-06-25 04:00:00 start
2025-05-28 11:30:28,806 DEBUG __mp_main__: [work] PID=9086 time=2020-12-26 09:00:00 done
2025-05-28 11:30:28,806 DEBUG __mp_main__: [work] PID=9086 time=2019-09-29 05:00:00 start
2025-05-28 11:30:29,106 DEBUG __mp_main__: [work] PID=9088 time=2024-01-20 16:00:00 done
2025-05-28 11:30:29,106 DEBUG __mp_main__: [work] PID=9088 time=2020-10-17 16:00:00 start
2025-05-28 11:30:29,493 DEBUG __mp_main__: [work] PID=9087 time=2023-06-25 04:00:00 done
2025-05-28 11:30:29,493 DEBUG __mp_main__: [work] PID=9087 time=2022-02-05 21:00:00 start
2025-05-28 11:30:29,505 DEBUG __mp_main__: [work] PID=9086 time=2019-09-29 05:00:00 done
2025-05-28 11:30:29,505 DEBUG __mp_main__: [work] PID=9086 time=2024-02-10 09:00:00 start
2025-05-28 11:30:29,800 DEBUG __mp_main__: [work] PID=9088 time=2020-10-17 16:00:00 done
2025-05-28 11:30:29,800 DEBUG __mp_main__: [work] PID=9088 time=2019-05-12 06:00:00 start
2025-05-28 11:30:30,204 DEBUG __mp_main__: [work] PID=9087 time=2022-02-05 21:00:00 done
2025-05-28 11:30:30,204 DEBUG __mp_main__: [work] PID=9087 time=2018-10-06 15:00:00 start
2025-05-28 11:30:30,211 DEBUG __mp_main__: [work] PID=9086 time=2024-02-10 09:00:00 done
2025-05-28 11:30:30,211 DEBUG __mp_main__: [work] PID=9086 time=2023-01-21 17:00:00 start
2025-05-28 11:30:30,460 DEBUG __mp_main__: [work] PID=9088 time=2019-05-12 06:00:00 done
2025-05-28 11:30:30,460 DEBUG __mp_main__: [work] PID=9088 time=2020-07-12 00:00:00 start
2025-05-28 11:30:30,953 DEBUG __mp_main__: [work] PID=9087 time=2018-10-06 15:00:00 done
2025-05-28 11:30:30,954 DEBUG __mp_main__: [work] PID=9087 time=2023-08-13 01:00:00 start
2025-05-28 11:30:30,979 DEBUG __mp_main__: [work] PID=9086 time=2023-01-21 17:00:00 done
2025-05-28 11:30:30,979 DEBUG __mp_main__: [work] PID=9086 time=2022-02-12 18:00:00 start
2025-05-28 11:30:31,259 DEBUG __mp_main__: [work] PID=9088 time=2020-07-12 00:00:00 done
2025-05-28 11:30:31,261 DEBUG __mp_main__: [work] PID=9088 time=2022-08-13 10:00:00 start
2025-05-28 11:30:31,701 DEBUG __mp_main__: [work] PID=9087 time=2023-08-13 01:00:00 done
2025-05-28 11:30:31,703 DEBUG __mp_main__: [work] PID=9087 time=2023-03-11 11:00:00 start
2025-05-28 11:30:31,735 DEBUG __mp_main__: [work] PID=9086 time=2022-02-12 18:00:00 done
2025-05-28 11:30:31,738 DEBUG __mp_main__: [work] PID=9086 time=2023-01-14 14:00:00 start
2025-05-28 11:30:31,992 DEBUG __mp_main__: [work] PID=9088 time=2022-08-13 10:00:00 done
2025-05-28 11:30:31,992 DEBUG __mp_main__: [work] PID=9088 time=2019-05-18 21:00:00 start
2025-05-28 11:30:32,423 DEBUG __mp_main__: [work] PID=9087 time=2023-03-11 11:00:00 done
2025-05-28 11:30:32,424 DEBUG __mp_main__: [work] PID=9087 time=2024-08-24 19:00:00 start
2025-05-28 11:30:32,453 DEBUG __mp_main__: [work] PID=9086 time=2023-01-14 14:00:00 done
2025-05-28 11:30:32,453 DEBUG __mp_main__: [work] PID=9086 time=2020-02-01 12:00:00 start
2025-05-28 11:30:32,715 DEBUG __mp_main__: [work] PID=9088 time=2019-05-18 21:00:00 done
2025-05-28 11:30:32,715 DEBUG __mp_main__: [work] PID=9088 time=2023-01-21 12:00:00 start
2025-05-28 11:30:33,157 DEBUG __mp_main__: [work] PID=9087 time=2024-08-24 19:00:00 done
2025-05-28 11:30:33,157 DEBUG __mp_main__: [work] PID=9087 time=2019-05-05 02:00:00 start
2025-05-28 11:30:33,179 DEBUG __mp_main__: [work] PID=9086 time=2020-02-01 12:00:00 done
2025-05-28 11:30:33,179 DEBUG __mp_main__: [work] PID=9086 time=2020-07-26 06:00:00 start
2025-05-28 11:30:33,464 DEBUG __mp_main__: [work] PID=9088 time=2023-01-21 12:00:00 done
2025-05-28 11:30:33,464 DEBUG __mp_main__: [work] PID=9088 time=2019-09-21 17:00:00 start
2025-05-28 11:30:33,870 DEBUG __mp_main__: [work] PID=9086 time=2020-07-26 06:00:00 done
2025-05-28 11:30:33,870 DEBUG __mp_main__: [work] PID=9086 time=2020-02-02 02:00:00 start
2025-05-28 11:30:33,904 DEBUG __mp_main__: [work] PID=9087 time=2019-05-05 02:00:00 done
2025-05-28 11:30:33,904 DEBUG __mp_main__: [work] PID=9087 time=2019-03-23 23:00:00 start
2025-05-28 11:30:34,187 DEBUG __mp_main__: [work] PID=9088 time=2019-09-21 17:00:00 done
2025-05-28 11:30:34,187 DEBUG __mp_main__: [work] PID=9088 time=2018-06-03 00:00:00 start
2025-05-28 11:30:34,575 DEBUG __mp_main__: [work] PID=9086 time=2020-02-02 02:00:00 done
2025-05-28 11:30:34,576 DEBUG __mp_main__: [work] PID=9086 time=2023-04-15 22:00:00 start
2025-05-28 11:30:34,610 DEBUG __mp_main__: [work] PID=9087 time=2019-03-23 23:00:00 done
2025-05-28 11:30:34,610 DEBUG __mp_main__: [work] PID=9087 time=2022-06-18 22:00:00 start
2025-05-28 11:30:34,898 DEBUG __mp_main__: [work] PID=9088 time=2018-06-03 00:00:00 done
2025-05-28 11:30:34,898 DEBUG __mp_main__: [work] PID=9088 time=2022-10-22 07:00:00 start
2025-05-28 11:30:35,338 DEBUG __mp_main__: [work] PID=9086 time=2023-04-15 22:00:00 done
2025-05-28 11:30:35,338 DEBUG __mp_main__: [work] PID=9086 time=2020-05-23 23:00:00 start
2025-05-28 11:30:35,372 DEBUG __mp_main__: [work] PID=9087 time=2022-06-18 22:00:00 done
2025-05-28 11:30:35,372 DEBUG __mp_main__: [work] PID=9087 time=2019-07-27 12:00:00 start
2025-05-28 11:30:35,649 DEBUG __mp_main__: [work] PID=9088 time=2022-10-22 07:00:00 done
2025-05-28 11:30:35,650 DEBUG __mp_main__: [work] PID=9088 time=2023-10-07 19:00:00 start
2025-05-28 11:30:36,070 DEBUG __mp_main__: [work] PID=9086 time=2020-05-23 23:00:00 done
2025-05-28 11:30:36,070 DEBUG __mp_main__: [work] PID=9086 time=2023-03-04 15:00:00 start
2025-05-28 11:30:36,106 DEBUG __mp_main__: [work] PID=9087 time=2019-07-27 12:00:00 done
2025-05-28 11:30:36,106 DEBUG __mp_main__: [work] PID=9087 time=2022-08-07 05:00:00 start
2025-05-28 11:30:36,356 DEBUG __mp_main__: [work] PID=9088 time=2023-10-07 19:00:00 done
2025-05-28 11:30:36,356 DEBUG __mp_main__: [work] PID=9088 time=2024-02-24 16:00:00 start
2025-05-28 11:30:36,787 DEBUG __mp_main__: [work] PID=9086 time=2023-03-04 15:00:00 done
2025-05-28 11:30:36,787 DEBUG __mp_main__: [work] PID=9086 time=2020-12-19 10:00:00 start
2025-05-28 11:30:36,816 DEBUG __mp_main__: [work] PID=9087 time=2022-08-07 05:00:00 done
2025-05-28 11:30:36,816 DEBUG __mp_main__: [work] PID=9087 time=2023-05-20 13:00:00 start
2025-05-28 11:30:37,069 DEBUG __mp_main__: [work] PID=9088 time=2024-02-24 16:00:00 done
2025-05-28 11:30:37,070 DEBUG __mp_main__: [work] PID=9088 time=2023-03-04 23:00:00 start
2025-05-28 11:30:37,491 DEBUG __mp_main__: [work] PID=9086 time=2020-12-19 10:00:00 done
2025-05-28 11:30:37,491 DEBUG __mp_main__: [work] PID=9086 time=2024-07-06 10:00:00 start
2025-05-28 11:30:37,519 DEBUG __mp_main__: [work] PID=9087 time=2023-05-20 13:00:00 done
2025-05-28 11:30:37,519 DEBUG __mp_main__: [work] PID=9087 time=2019-12-07 20:00:00 start
2025-05-28 11:30:37,777 DEBUG __mp_main__: [work] PID=9088 time=2023-03-04 23:00:00 done
2025-05-28 11:30:37,777 DEBUG __mp_main__: [work] PID=9088 time=2023-05-27 08:00:00 start
2025-05-28 11:30:38,204 DEBUG __mp_main__: [work] PID=9086 time=2024-07-06 10:00:00 done
2025-05-28 11:30:38,204 DEBUG __mp_main__: [work] PID=9086 time=2022-03-12 22:00:00 start
2025-05-28 11:30:38,223 DEBUG __mp_main__: [work] PID=9087 time=2019-12-07 20:00:00 done
2025-05-28 11:30:38,223 DEBUG __mp_main__: [work] PID=9087 time=2019-08-03 22:00:00 start
2025-05-28 11:30:38,480 DEBUG __mp_main__: [work] PID=9088 time=2023-05-27 08:00:00 done
2025-05-28 11:30:38,482 DEBUG __mp_main__: [work] PID=9088 time=2024-12-28 13:00:00 start
2025-05-28 11:30:38,932 DEBUG __mp_main__: [work] PID=9086 time=2022-03-12 22:00:00 done
2025-05-28 11:30:38,934 DEBUG __mp_main__: [work] PID=9086 time=2020-04-25 09:00:00 start
2025-05-28 11:30:38,950 DEBUG __mp_main__: [work] PID=9087 time=2019-08-03 22:00:00 done
2025-05-28 11:30:38,952 DEBUG __mp_main__: [work] PID=9087 time=2019-01-13 03:00:00 start
2025-05-28 11:30:39,201 DEBUG __mp_main__: [work] PID=9088 time=2024-12-28 13:00:00 done
2025-05-28 11:30:39,201 DEBUG __mp_main__: [work] PID=9088 time=2018-10-13 10:00:00 start
2025-05-28 11:30:39,638 DEBUG __mp_main__: [work] PID=9086 time=2020-04-25 09:00:00 done
2025-05-28 11:30:39,638 DEBUG __mp_main__: [work] PID=9086 time=2019-08-10 16:00:00 start
2025-05-28 11:30:39,651 DEBUG __mp_main__: [work] PID=9087 time=2019-01-13 03:00:00 done
2025-05-28 11:30:39,651 DEBUG __mp_main__: [work] PID=9087 time=2020-04-26 00:00:00 start
2025-05-28 11:30:39,892 DEBUG __mp_main__: [work] PID=9088 time=2018-10-13 10:00:00 done
2025-05-28 11:30:39,892 DEBUG __mp_main__: [work] PID=9088 time=2024-04-13 14:00:00 start
2025-05-28 11:30:40,373 DEBUG __mp_main__: [work] PID=9086 time=2019-08-10 16:00:00 done
2025-05-28 11:30:40,373 DEBUG __mp_main__: [work] PID=9086 time=2021-03-06 23:00:00 start
2025-05-28 11:30:40,378 DEBUG __mp_main__: [work] PID=9087 time=2020-04-26 00:00:00 done
2025-05-28 11:30:40,378 DEBUG __mp_main__: [work] PID=9087 time=2018-03-10 18:00:00 start
2025-05-28 11:30:40,655 DEBUG __mp_main__: [work] PID=9088 time=2024-04-13 14:00:00 done
2025-05-28 11:30:40,655 DEBUG __mp_main__: [work] PID=9088 time=2023-12-30 11:00:00 start
2025-05-28 11:30:41,155 DEBUG __mp_main__: [work] PID=9087 time=2018-03-10 18:00:00 done
2025-05-28 11:30:41,155 DEBUG __mp_main__: [work] PID=9087 time=2018-03-03 19:00:00 start
2025-05-28 11:30:41,155 DEBUG __mp_main__: [work] PID=9086 time=2021-03-06 23:00:00 done
2025-05-28 11:30:41,155 DEBUG __mp_main__: [work] PID=9086 time=2020-08-29 22:00:00 start
2025-05-28 11:30:41,432 DEBUG __mp_main__: [work] PID=9088 time=2023-12-30 11:00:00 done
2025-05-28 11:30:41,433 DEBUG __mp_main__: [work] PID=9088 time=2022-09-18 06:00:00 start
2025-05-28 11:30:41,965 DEBUG __mp_main__: [work] PID=9087 time=2018-03-03 19:00:00 done
2025-05-28 11:30:41,965 DEBUG __mp_main__: [work] PID=9087 time=2020-07-04 21:00:00 start
2025-05-28 11:30:41,967 DEBUG __mp_main__: [work] PID=9086 time=2020-08-29 22:00:00 done
2025-05-28 11:30:41,968 DEBUG __mp_main__: [work] PID=9086 time=2024-06-08 18:00:00 start
2025-05-28 11:30:42,189 DEBUG __mp_main__: [work] PID=9088 time=2022-09-18 06:00:00 done
2025-05-28 11:30:42,189 DEBUG __mp_main__: [work] PID=9088 time=2021-02-14 00:00:00 start
2025-05-28 11:30:42,734 DEBUG __mp_main__: [work] PID=9087 time=2020-07-04 21:00:00 done
2025-05-28 11:30:42,734 DEBUG __mp_main__: [work] PID=9087 time=2024-12-07 12:00:00 start
2025-05-28 11:30:42,745 DEBUG __mp_main__: [work] PID=9086 time=2024-06-08 18:00:00 done
2025-05-28 11:30:42,745 DEBUG __mp_main__: [work] PID=9086 time=2019-08-31 13:00:00 start
2025-05-28 11:30:42,967 DEBUG __mp_main__: [work] PID=9088 time=2021-02-14 00:00:00 done
2025-05-28 11:30:42,968 DEBUG __mp_main__: [work] PID=9088 time=2019-03-30 12:00:00 start
2025-05-28 11:30:43,489 DEBUG __mp_main__: [work] PID=9087 time=2024-12-07 12:00:00 done
2025-05-28 11:30:43,489 DEBUG __mp_main__: [work] PID=9087 time=2019-03-24 01:00:00 start
2025-05-28 11:30:43,498 DEBUG __mp_main__: [work] PID=9086 time=2019-08-31 13:00:00 done
2025-05-28 11:30:43,498 DEBUG __mp_main__: [work] PID=9086 time=2020-05-24 05:00:00 start
2025-05-28 11:30:43,695 DEBUG __mp_main__: [work] PID=9088 time=2019-03-30 12:00:00 done
2025-05-28 11:30:43,695 DEBUG __mp_main__: [work] PID=9088 time=2018-11-24 16:00:00 start
2025-05-28 11:30:44,227 DEBUG __mp_main__: [work] PID=9087 time=2019-03-24 01:00:00 done
2025-05-28 11:30:44,227 DEBUG __mp_main__: [work] PID=9087 time=2024-07-20 19:00:00 start
2025-05-28 11:30:44,239 DEBUG __mp_main__: [work] PID=9086 time=2020-05-24 05:00:00 done
2025-05-28 11:30:44,239 DEBUG __mp_main__: [work] PID=9086 time=2021-01-03 03:00:00 start
2025-05-28 11:30:44,421 DEBUG __mp_main__: [work] PID=9088 time=2018-11-24 16:00:00 done
2025-05-28 11:30:44,421 DEBUG __mp_main__: [work] PID=9088 time=2021-01-10 03:00:00 start
2025-05-28 11:30:44,961 DEBUG __mp_main__: [work] PID=9087 time=2024-07-20 19:00:00 done
2025-05-28 11:30:44,961 DEBUG __mp_main__: [work] PID=9087 time=2022-12-17 14:00:00 start
2025-05-28 11:30:44,981 DEBUG __mp_main__: [work] PID=9086 time=2021-01-03 03:00:00 done
2025-05-28 11:30:44,981 DEBUG __mp_main__: [work] PID=9086 time=2022-10-08 15:00:00 start
2025-05-28 11:30:45,141 DEBUG __mp_main__: [work] PID=9088 time=2021-01-10 03:00:00 done
2025-05-28 11:30:45,142 DEBUG __mp_main__: [work] PID=9088 time=2024-04-14 03:00:00 start
2025-05-28 11:30:45,679 DEBUG __mp_main__: [work] PID=9087 time=2022-12-17 14:00:00 done
2025-05-28 11:30:45,679 DEBUG __mp_main__: [work] PID=9087 time=2018-11-17 15:00:00 start
2025-05-28 11:30:45,694 DEBUG __mp_main__: [work] PID=9086 time=2022-10-08 15:00:00 done
2025-05-28 11:30:45,694 DEBUG __mp_main__: [work] PID=9086 time=2018-12-01 07:00:00 start
2025-05-28 11:30:45,854 DEBUG __mp_main__: [work] PID=9088 time=2024-04-14 03:00:00 done
2025-05-28 11:30:45,856 DEBUG __mp_main__: [work] PID=9088 time=2019-11-16 07:00:00 start
2025-05-28 11:30:46,572 DEBUG __mp_main__: [work] PID=9087 time=2018-11-17 15:00:00 done
2025-05-28 11:30:46,575 DEBUG __mp_main__: [work] PID=9087 time=2019-12-22 04:00:00 start
2025-05-28 11:30:46,596 DEBUG __mp_main__: [work] PID=9086 time=2018-12-01 07:00:00 done
2025-05-28 11:30:46,598 DEBUG __mp_main__: [work] PID=9086 time=2019-09-07 07:00:00 start
2025-05-28 11:30:46,761 DEBUG __mp_main__: [work] PID=9088 time=2019-11-16 07:00:00 done
2025-05-28 11:30:46,761 DEBUG __mp_main__: [work] PID=9088 time=2020-05-30 12:00:00 start
2025-05-28 11:30:47,299 DEBUG __mp_main__: [work] PID=9087 time=2019-12-22 04:00:00 done
2025-05-28 11:30:47,299 DEBUG __mp_main__: [work] PID=9087 time=2022-07-30 08:00:00 start
2025-05-28 11:30:47,323 DEBUG __mp_main__: [work] PID=9086 time=2019-09-07 07:00:00 done
2025-05-28 11:30:47,323 DEBUG __mp_main__: [work] PID=9086 time=2021-11-06 19:00:00 start
2025-05-28 11:30:47,492 DEBUG __mp_main__: [work] PID=9088 time=2020-05-30 12:00:00 done
2025-05-28 11:30:47,492 DEBUG __mp_main__: [work] PID=9088 time=2019-06-09 06:00:00 start
2025-05-28 11:30:48,210 DEBUG __mp_main__: [work] PID=9087 time=2022-07-30 08:00:00 done
2025-05-28 11:30:48,210 DEBUG __mp_main__: [work] PID=9087 time=2019-08-24 23:00:00 start
2025-05-28 11:30:48,261 DEBUG __mp_main__: [work] PID=9086 time=2021-11-06 19:00:00 done
2025-05-28 11:30:48,261 DEBUG __mp_main__: [work] PID=9086 time=2020-12-12 13:00:00 start
2025-05-28 11:30:48,352 DEBUG __mp_main__: [work] PID=9088 time=2019-06-09 06:00:00 done
2025-05-28 11:30:48,352 DEBUG __mp_main__: [work] PID=9088 time=2018-02-03 16:00:00 start
2025-05-28 11:30:49,004 DEBUG __mp_main__: [work] PID=9087 time=2019-08-24 23:00:00 done
2025-05-28 11:30:49,004 DEBUG __mp_main__: [work] PID=9087 time=2018-05-19 19:00:00 start
2025-05-28 11:30:49,046 DEBUG __mp_main__: [work] PID=9086 time=2020-12-12 13:00:00 done
2025-05-28 11:30:49,046 DEBUG __mp_main__: [work] PID=9086 time=2018-11-10 12:00:00 start
2025-05-28 11:30:49,129 DEBUG __mp_main__: [work] PID=9088 time=2018-02-03 16:00:00 done
2025-05-28 11:30:49,129 DEBUG __mp_main__: [work] PID=9088 time=2022-07-09 22:00:00 start
2025-05-28 11:30:49,797 DEBUG __mp_main__: [work] PID=9087 time=2018-05-19 19:00:00 done
2025-05-28 11:30:49,797 DEBUG __mp_main__: [work] PID=9087 time=2019-03-30 14:00:00 start
2025-05-28 11:30:49,839 DEBUG __mp_main__: [work] PID=9086 time=2018-11-10 12:00:00 done
2025-05-28 11:30:49,839 DEBUG __mp_main__: [work] PID=9086 time=2024-05-18 16:00:00 start
2025-05-28 11:30:49,903 DEBUG __mp_main__: [work] PID=9088 time=2022-07-09 22:00:00 done
2025-05-28 11:30:49,903 DEBUG __mp_main__: [work] PID=9088 time=2018-08-18 13:00:00 start
2025-05-28 11:30:50,598 DEBUG __mp_main__: [work] PID=9087 time=2019-03-30 14:00:00 done
2025-05-28 11:30:50,598 DEBUG __mp_main__: [work] PID=9087 time=2022-03-13 00:00:00 start
2025-05-28 11:30:50,665 DEBUG __mp_main__: [work] PID=9086 time=2024-05-18 16:00:00 done
2025-05-28 11:30:50,665 DEBUG __mp_main__: [work] PID=9086 time=2019-04-06 20:00:00 start
2025-05-28 11:30:50,698 DEBUG __mp_main__: [work] PID=9088 time=2018-08-18 13:00:00 done
2025-05-28 11:30:50,698 DEBUG __mp_main__: [work] PID=9088 time=2021-07-31 19:00:00 start
2025-05-28 11:30:51,315 DEBUG __mp_main__: [work] PID=9087 time=2022-03-13 00:00:00 done
2025-05-28 11:30:51,315 DEBUG __mp_main__: [work] PID=9087 time=2019-10-19 21:00:00 start
2025-05-28 11:30:51,382 DEBUG __mp_main__: [work] PID=9086 time=2019-04-06 20:00:00 done
2025-05-28 11:30:51,382 DEBUG __mp_main__: [work] PID=9086 time=2018-05-26 13:00:00 start
2025-05-28 11:30:51,410 DEBUG __mp_main__: [work] PID=9088 time=2021-07-31 19:00:00 done
2025-05-28 11:30:51,410 DEBUG __mp_main__: [work] PID=9088 time=2022-02-27 05:00:00 start
2025-05-28 11:30:52,028 DEBUG __mp_main__: [work] PID=9087 time=2019-10-19 21:00:00 done
2025-05-28 11:30:52,028 DEBUG __mp_main__: [work] PID=9087 time=2018-07-28 08:00:00 start
2025-05-28 11:30:52,102 DEBUG __mp_main__: [work] PID=9086 time=2018-05-26 13:00:00 done
2025-05-28 11:30:52,103 DEBUG __mp_main__: [work] PID=9086 time=2019-12-21 08:00:00 start
2025-05-28 11:30:52,140 DEBUG __mp_main__: [work] PID=9088 time=2022-02-27 05:00:00 done
2025-05-28 11:30:52,140 DEBUG __mp_main__: [work] PID=9088 time=2022-02-12 23:00:00 start
2025-05-28 11:30:52,740 DEBUG __mp_main__: [work] PID=9087 time=2018-07-28 08:00:00 done
2025-05-28 11:30:52,741 DEBUG __mp_main__: [work] PID=9087 time=2021-11-06 10:00:00 start
2025-05-28 11:30:52,813 DEBUG __mp_main__: [work] PID=9086 time=2019-12-21 08:00:00 done
2025-05-28 11:30:52,814 DEBUG __mp_main__: [work] PID=9086 time=2024-11-23 13:00:00 start
2025-05-28 11:30:52,842 DEBUG __mp_main__: [work] PID=9088 time=2022-02-12 23:00:00 done
2025-05-28 11:30:52,842 DEBUG __mp_main__: [work] PID=9088 time=2023-02-11 21:00:00 start
2025-05-28 11:30:53,470 DEBUG __mp_main__: [work] PID=9087 time=2021-11-06 10:00:00 done
2025-05-28 11:30:53,470 DEBUG __mp_main__: [work] PID=9087 time=2022-02-05 10:00:00 start
2025-05-28 11:30:53,560 DEBUG __mp_main__: [work] PID=9086 time=2024-11-23 13:00:00 done
2025-05-28 11:30:53,560 DEBUG __mp_main__: [work] PID=9086 time=2019-01-19 22:00:00 start
2025-05-28 11:30:53,592 DEBUG __mp_main__: [work] PID=9088 time=2023-02-11 21:00:00 done
2025-05-28 11:30:53,593 DEBUG __mp_main__: [work] PID=9088 time=2021-07-25 04:00:00 start
2025-05-28 11:30:54,324 DEBUG __mp_main__: [work] PID=9087 time=2022-02-05 10:00:00 done
2025-05-28 11:30:54,326 DEBUG __mp_main__: [work] PID=9087 time=2021-10-23 19:00:00 start
2025-05-28 11:30:54,391 DEBUG __mp_main__: [work] PID=9086 time=2019-01-19 22:00:00 done
2025-05-28 11:30:54,393 DEBUG __mp_main__: [work] PID=9086 time=2024-03-09 10:00:00 start
2025-05-28 11:30:54,450 DEBUG __mp_main__: [work] PID=9088 time=2021-07-25 04:00:00 done
2025-05-28 11:30:54,450 DEBUG __mp_main__: [work] PID=9088 time=2023-04-09 03:00:00 start
2025-05-28 11:30:55,104 DEBUG __mp_main__: [work] PID=9087 time=2021-10-23 19:00:00 done
2025-05-28 11:30:55,104 DEBUG __mp_main__: [work] PID=9087 time=2023-12-23 22:00:00 start
2025-05-28 11:30:55,158 DEBUG __mp_main__: [work] PID=9086 time=2024-03-09 10:00:00 done
2025-05-28 11:30:55,158 DEBUG __mp_main__: [work] PID=9086 time=2022-04-16 17:00:00 start
2025-05-28 11:30:55,190 DEBUG __mp_main__: [work] PID=9088 time=2023-04-09 03:00:00 done
2025-05-28 11:30:55,190 DEBUG __mp_main__: [work] PID=9088 time=2023-02-25 12:00:00 start
2025-05-28 11:30:55,892 DEBUG __mp_main__: [work] PID=9087 time=2023-12-23 22:00:00 done
2025-05-28 11:30:55,892 DEBUG __mp_main__: [work] PID=9087 time=2020-11-22 01:00:00 start
2025-05-28 11:30:55,959 DEBUG __mp_main__: [work] PID=9086 time=2022-04-16 17:00:00 done
2025-05-28 11:30:55,959 DEBUG __mp_main__: [work] PID=9086 time=2022-07-10 04:00:00 start
2025-05-28 11:30:55,981 DEBUG __mp_main__: [work] PID=9088 time=2023-02-25 12:00:00 done
2025-05-28 11:30:55,981 DEBUG __mp_main__: [work] PID=9088 time=2022-01-01 23:00:00 start
2025-05-28 11:30:56,705 DEBUG __mp_main__: [work] PID=9087 time=2020-11-22 01:00:00 done
2025-05-28 11:30:56,706 DEBUG __mp_main__: [work] PID=9087 time=2020-08-08 19:00:00 start
2025-05-28 11:30:56,782 DEBUG __mp_main__: [work] PID=9086 time=2022-07-10 04:00:00 done
2025-05-28 11:30:56,782 DEBUG __mp_main__: [work] PID=9086 time=2021-12-04 18:00:00 start
2025-05-28 11:30:56,787 DEBUG __mp_main__: [work] PID=9088 time=2022-01-01 23:00:00 done
2025-05-28 11:30:56,787 DEBUG __mp_main__: [work] PID=9088 time=2024-08-03 12:00:00 start
2025-05-28 11:30:57,476 DEBUG __mp_main__: [work] PID=9087 time=2020-08-08 19:00:00 done
2025-05-28 11:30:57,476 DEBUG __mp_main__: [work] PID=9087 time=2020-04-04 12:00:00 start
2025-05-28 11:30:57,553 DEBUG __mp_main__: [work] PID=9086 time=2021-12-04 18:00:00 done
2025-05-28 11:30:57,553 DEBUG __mp_main__: [work] PID=9086 time=2018-05-06 05:00:00 start
2025-05-28 11:30:57,556 DEBUG __mp_main__: [work] PID=9088 time=2024-08-03 12:00:00 done
2025-05-28 11:30:57,556 DEBUG __mp_main__: [work] PID=9088 time=2021-11-07 03:00:00 start
2025-05-28 11:30:58,247 DEBUG __mp_main__: [work] PID=9087 time=2020-04-04 12:00:00 done
2025-05-28 11:30:58,247 DEBUG __mp_main__: [work] PID=9087 time=2018-12-22 12:00:00 start
2025-05-28 11:30:58,321 DEBUG __mp_main__: [work] PID=9088 time=2021-11-07 03:00:00 done
2025-05-28 11:30:58,321 DEBUG __mp_main__: [work] PID=9088 time=2020-08-29 08:00:00 start
2025-05-28 11:30:58,324 DEBUG __mp_main__: [work] PID=9086 time=2018-05-06 05:00:00 done
2025-05-28 11:30:58,324 DEBUG __mp_main__: [work] PID=9086 time=2024-01-06 13:00:00 start
2025-05-28 11:30:59,031 DEBUG __mp_main__: [work] PID=9087 time=2018-12-22 12:00:00 done
2025-05-28 11:30:59,032 DEBUG __mp_main__: [work] PID=9087 time=2019-12-28 19:00:00 start
2025-05-28 11:30:59,099 DEBUG __mp_main__: [work] PID=9088 time=2020-08-29 08:00:00 done
2025-05-28 11:30:59,099 DEBUG __mp_main__: [work] PID=9088 time=2022-07-23 20:00:00 start
2025-05-28 11:30:59,113 DEBUG __mp_main__: [work] PID=9086 time=2024-01-06 13:00:00 done
2025-05-28 11:30:59,113 DEBUG __mp_main__: [work] PID=9086 time=2020-07-04 23:00:00 start
2025-05-28 11:30:59,808 DEBUG __mp_main__: [work] PID=9087 time=2019-12-28 19:00:00 done
2025-05-28 11:30:59,808 DEBUG __mp_main__: [work] PID=9087 time=2023-11-26 01:00:00 start
2025-05-28 11:30:59,870 DEBUG __mp_main__: [work] PID=9088 time=2022-07-23 20:00:00 done
2025-05-28 11:30:59,870 DEBUG __mp_main__: [work] PID=9088 time=2022-12-31 07:00:00 start
2025-05-28 11:30:59,885 DEBUG __mp_main__: [work] PID=9086 time=2020-07-04 23:00:00 done
2025-05-28 11:30:59,885 DEBUG __mp_main__: [work] PID=9086 time=2024-08-11 05:00:00 start
2025-05-28 11:31:00,650 DEBUG __mp_main__: [work] PID=9087 time=2023-11-26 01:00:00 done
2025-05-28 11:31:00,650 DEBUG __mp_main__: [work] PID=9087 time=2022-03-05 20:00:00 start
2025-05-28 11:31:00,711 DEBUG __mp_main__: [work] PID=9088 time=2022-12-31 07:00:00 done
2025-05-28 11:31:00,711 DEBUG __mp_main__: [work] PID=9088 time=2024-02-10 22:00:00 start
2025-05-28 11:31:00,728 DEBUG __mp_main__: [work] PID=9086 time=2024-08-11 05:00:00 done
2025-05-28 11:31:00,728 DEBUG __mp_main__: [work] PID=9086 time=2023-09-17 00:00:00 start
2025-05-28 11:31:01,415 DEBUG __mp_main__: [work] PID=9087 time=2022-03-05 20:00:00 done
2025-05-28 11:31:01,415 DEBUG __mp_main__: [work] PID=9087 time=2020-02-22 14:00:00 start
2025-05-28 11:31:01,480 DEBUG __mp_main__: [work] PID=9088 time=2024-02-10 22:00:00 done
2025-05-28 11:31:01,482 DEBUG __mp_main__: [work] PID=9088 time=2018-05-12 16:00:00 start
2025-05-28 11:31:01,498 DEBUG __mp_main__: [work] PID=9086 time=2023-09-17 00:00:00 done
2025-05-28 11:31:01,498 DEBUG __mp_main__: [work] PID=9086 time=2023-04-01 13:00:00 start
2025-05-28 11:31:02,198 DEBUG __mp_main__: [work] PID=9087 time=2020-02-22 14:00:00 done
2025-05-28 11:31:02,199 DEBUG __mp_main__: [work] PID=9087 time=2022-05-07 08:00:00 start
2025-05-28 11:31:02,256 DEBUG __mp_main__: [work] PID=9088 time=2018-05-12 16:00:00 done
2025-05-28 11:31:02,256 DEBUG __mp_main__: [work] PID=9088 time=2021-01-16 17:00:00 start
2025-05-28 11:31:02,287 DEBUG __mp_main__: [work] PID=9086 time=2023-04-01 13:00:00 done
2025-05-28 11:31:02,289 DEBUG __mp_main__: [work] PID=9086 time=2020-10-03 18:00:00 start
2025-05-28 11:31:03,070 DEBUG __mp_main__: [work] PID=9087 time=2022-05-07 08:00:00 done
2025-05-28 11:31:03,070 DEBUG __mp_main__: [work] PID=9087 time=2024-05-12 04:00:00 start
2025-05-28 11:31:03,119 DEBUG __mp_main__: [work] PID=9088 time=2021-01-16 17:00:00 done
2025-05-28 11:31:03,119 DEBUG __mp_main__: [work] PID=9088 time=2024-03-24 00:00:00 start
2025-05-28 11:31:03,160 DEBUG __mp_main__: [work] PID=9086 time=2020-10-03 18:00:00 done
2025-05-28 11:31:03,160 DEBUG __mp_main__: [work] PID=9086 time=2024-10-13 04:00:00 start
2025-05-28 11:31:03,831 DEBUG __mp_main__: [work] PID=9087 time=2024-05-12 04:00:00 done
2025-05-28 11:31:03,831 DEBUG __mp_main__: [work] PID=9087 time=2024-11-09 23:00:00 start
2025-05-28 11:31:03,884 DEBUG __mp_main__: [work] PID=9088 time=2024-03-24 00:00:00 done
2025-05-28 11:31:03,884 DEBUG __mp_main__: [work] PID=9088 time=2020-07-19 02:00:00 start
2025-05-28 11:31:03,928 DEBUG __mp_main__: [work] PID=9086 time=2024-10-13 04:00:00 done
2025-05-28 11:31:03,928 DEBUG __mp_main__: [work] PID=9086 time=2019-10-13 03:00:00 start
2025-05-28 11:31:04,605 DEBUG __mp_main__: [work] PID=9087 time=2024-11-09 23:00:00 done
2025-05-28 11:31:04,605 DEBUG __mp_main__: [work] PID=9087 time=2024-04-21 01:00:00 start
2025-05-28 11:31:04,658 DEBUG __mp_main__: [work] PID=9088 time=2020-07-19 02:00:00 done
2025-05-28 11:31:04,658 DEBUG __mp_main__: [work] PID=9088 time=2020-08-29 13:00:00 start
2025-05-28 11:31:04,705 DEBUG __mp_main__: [work] PID=9086 time=2019-10-13 03:00:00 done
2025-05-28 11:31:04,705 DEBUG __mp_main__: [work] PID=9086 time=2024-10-12 10:00:00 start
2025-05-28 11:31:05,377 DEBUG __mp_main__: [work] PID=9087 time=2024-04-21 01:00:00 done
2025-05-28 11:31:05,377 DEBUG __mp_main__: [work] PID=9087 time=2024-06-01 10:00:00 start
2025-05-28 11:31:05,421 DEBUG __mp_main__: [work] PID=9088 time=2020-08-29 13:00:00 done
2025-05-28 11:31:05,421 DEBUG __mp_main__: [work] PID=9088 time=2019-09-14 07:00:00 start
2025-05-28 11:31:05,484 DEBUG __mp_main__: [work] PID=9086 time=2024-10-12 10:00:00 done
2025-05-28 11:31:05,484 DEBUG __mp_main__: [work] PID=9086 time=2021-05-02 02:00:00 start
2025-05-28 11:31:06,148 DEBUG __mp_main__: [work] PID=9087 time=2024-06-01 10:00:00 done
2025-05-28 11:31:06,148 DEBUG __mp_main__: [work] PID=9087 time=2018-07-29 04:00:00 start
2025-05-28 11:31:06,187 DEBUG __mp_main__: [work] PID=9088 time=2019-09-14 07:00:00 done
2025-05-28 11:31:06,187 DEBUG __mp_main__: [work] PID=9088 time=2021-03-14 03:00:00 start
2025-05-28 11:31:06,254 DEBUG __mp_main__: [work] PID=9086 time=2021-05-02 02:00:00 done
2025-05-28 11:31:06,254 DEBUG __mp_main__: [work] PID=9086 time=2023-02-18 21:00:00 start
2025-05-28 11:31:06,905 DEBUG __mp_main__: [work] PID=9087 time=2018-07-29 04:00:00 done
2025-05-28 11:31:06,905 DEBUG __mp_main__: [work] PID=9087 time=2022-10-01 14:00:00 start
2025-05-28 11:31:06,949 DEBUG __mp_main__: [work] PID=9088 time=2021-03-14 03:00:00 done
2025-05-28 11:31:06,950 DEBUG __mp_main__: [work] PID=9088 time=2024-02-24 18:00:00 start
2025-05-28 11:31:07,046 DEBUG __mp_main__: [work] PID=9086 time=2023-02-18 21:00:00 done
2025-05-28 11:31:07,046 DEBUG __mp_main__: [work] PID=9086 time=2018-04-21 08:00:00 start
2025-05-28 11:31:07,711 DEBUG __mp_main__: [work] PID=9087 time=2022-10-01 14:00:00 done
2025-05-28 11:31:07,711 DEBUG __mp_main__: [work] PID=9087 time=2018-09-23 02:00:00 start
2025-05-28 11:31:07,744 DEBUG __mp_main__: [work] PID=9088 time=2024-02-24 18:00:00 done
2025-05-28 11:31:07,744 DEBUG __mp_main__: [work] PID=9088 time=2019-01-27 01:00:00 start
2025-05-28 11:31:07,819 DEBUG __mp_main__: [work] PID=9086 time=2018-04-21 08:00:00 done
2025-05-28 11:31:07,819 DEBUG __mp_main__: [work] PID=9086 time=2020-01-19 05:00:00 start
2025-05-28 11:31:08,448 DEBUG __mp_main__: [work] PID=9087 time=2018-09-23 02:00:00 done
2025-05-28 11:31:08,448 DEBUG __mp_main__: [work] PID=9087 time=2023-06-10 08:00:00 start
2025-05-28 11:31:08,472 DEBUG __mp_main__: [work] PID=9088 time=2019-01-27 01:00:00 done
2025-05-28 11:31:08,472 DEBUG __mp_main__: [work] PID=9088 time=2020-10-17 19:00:00 start
2025-05-28 11:31:08,554 DEBUG __mp_main__: [work] PID=9086 time=2020-01-19 05:00:00 done
2025-05-28 11:31:08,554 DEBUG __mp_main__: [work] PID=9086 time=2018-03-03 16:00:00 start
2025-05-28 11:31:09,182 DEBUG __mp_main__: [work] PID=9087 time=2023-06-10 08:00:00 done
2025-05-28 11:31:09,182 DEBUG __mp_main__: [work] PID=9087 time=2024-07-27 16:00:00 start
2025-05-28 11:31:09,197 DEBUG __mp_main__: [work] PID=9088 time=2020-10-17 19:00:00 done
2025-05-28 11:31:09,198 DEBUG __mp_main__: [work] PID=9088 time=2021-11-21 02:00:00 start
2025-05-28 11:31:09,278 DEBUG __mp_main__: [work] PID=9086 time=2018-03-03 16:00:00 done
2025-05-28 11:31:09,279 DEBUG __mp_main__: [work] PID=9086 time=2024-09-28 11:00:00 start
2025-05-28 11:31:09,901 DEBUG __mp_main__: [work] PID=9087 time=2024-07-27 16:00:00 done
2025-05-28 11:31:09,902 DEBUG __mp_main__: [work] PID=9087 time=2018-08-04 21:00:00 start
2025-05-28 11:31:09,909 DEBUG __mp_main__: [work] PID=9088 time=2021-11-21 02:00:00 done
2025-05-28 11:31:09,909 DEBUG __mp_main__: [work] PID=9088 time=2019-09-29 00:00:00 start
2025-05-28 11:31:09,989 DEBUG __mp_main__: [work] PID=9086 time=2024-09-28 11:00:00 done
2025-05-28 11:31:09,991 DEBUG __mp_main__: [work] PID=9086 time=2022-10-08 20:00:00 start
2025-05-28 11:31:10,687 DEBUG __mp_main__: [work] PID=9087 time=2018-08-04 21:00:00 done
2025-05-28 11:31:10,687 DEBUG __mp_main__: [work] PID=9087 time=2023-11-19 03:00:00 start
2025-05-28 11:31:10,702 DEBUG __mp_main__: [work] PID=9088 time=2019-09-29 00:00:00 done
2025-05-28 11:31:10,703 DEBUG __mp_main__: [work] PID=9088 time=2024-05-26 01:00:00 start
2025-05-28 11:31:10,780 DEBUG __mp_main__: [work] PID=9086 time=2022-10-08 20:00:00 done
2025-05-28 11:31:10,780 DEBUG __mp_main__: [work] PID=9086 time=2021-09-18 15:00:00 start
2025-05-28 11:31:11,415 DEBUG __mp_main__: [work] PID=9087 time=2023-11-19 03:00:00 done
2025-05-28 11:31:11,415 DEBUG __mp_main__: [work] PID=9087 time=2021-11-20 15:00:00 start
2025-05-28 11:31:11,430 DEBUG __mp_main__: [work] PID=9088 time=2024-05-26 01:00:00 done
2025-05-28 11:31:11,430 DEBUG __mp_main__: [work] PID=9088 time=2022-01-22 19:00:00 start
2025-05-28 11:31:11,511 DEBUG __mp_main__: [work] PID=9086 time=2021-09-18 15:00:00 done
2025-05-28 11:31:11,511 DEBUG __mp_main__: [work] PID=9086 time=2018-01-27 10:00:00 start
2025-05-28 11:31:12,138 DEBUG __mp_main__: [work] PID=9087 time=2021-11-20 15:00:00 done
2025-05-28 11:31:12,138 DEBUG __mp_main__: [work] PID=9087 time=2018-06-03 01:00:00 start
2025-05-28 11:31:12,154 DEBUG __mp_main__: [work] PID=9088 time=2022-01-22 19:00:00 done
2025-05-28 11:31:12,155 DEBUG __mp_main__: [work] PID=9088 time=2019-03-03 00:00:00 start
2025-05-28 11:31:12,234 DEBUG __mp_main__: [work] PID=9086 time=2018-01-27 10:00:00 done
2025-05-28 11:31:12,234 DEBUG __mp_main__: [work] PID=9086 time=2024-02-11 04:00:00 start
2025-05-28 11:31:12,935 DEBUG __mp_main__: [work] PID=9087 time=2018-06-03 01:00:00 done
2025-05-28 11:31:12,935 DEBUG __mp_main__: [work] PID=9087 time=2023-09-10 06:00:00 start
2025-05-28 11:31:12,939 DEBUG __mp_main__: [work] PID=9088 time=2019-03-03 00:00:00 done
2025-05-28 11:31:12,939 DEBUG __mp_main__: [work] PID=9088 time=2019-05-25 16:00:00 start
2025-05-28 11:31:13,014 DEBUG __mp_main__: [work] PID=9086 time=2024-02-11 04:00:00 done
2025-05-28 11:31:13,014 DEBUG __mp_main__: [work] PID=9086 time=2020-02-15 20:00:00 start
2025-05-28 11:31:13,616 DEBUG __mp_main__: [work] PID=9087 time=2023-09-10 06:00:00 done
2025-05-28 11:31:13,616 DEBUG __mp_main__: [work] PID=9087 time=2022-07-16 22:00:00 start
2025-05-28 11:31:13,662 DEBUG __mp_main__: [work] PID=9088 time=2019-05-25 16:00:00 done
2025-05-28 11:31:13,662 DEBUG __mp_main__: [work] PID=9088 time=2018-06-24 03:00:00 start
2025-05-28 11:31:13,737 DEBUG __mp_main__: [work] PID=9086 time=2020-02-15 20:00:00 done
2025-05-28 11:31:13,737 DEBUG __mp_main__: [work] PID=9086 time=2024-11-23 10:00:00 start
2025-05-28 11:31:14,321 DEBUG __mp_main__: [work] PID=9087 time=2022-07-16 22:00:00 done
2025-05-28 11:31:14,321 DEBUG __mp_main__: [work] PID=9087 time=2021-10-23 15:00:00 start
2025-05-28 11:31:14,362 DEBUG __mp_main__: [work] PID=9088 time=2018-06-24 03:00:00 done
2025-05-28 11:31:14,362 DEBUG __mp_main__: [work] PID=9088 time=2023-05-14 00:00:00 start
2025-05-28 11:31:14,446 DEBUG __mp_main__: [work] PID=9086 time=2024-11-23 10:00:00 done
2025-05-28 11:31:14,446 DEBUG __mp_main__: [work] PID=9086 time=2024-08-24 11:00:00 start
2025-05-28 11:31:15,022 DEBUG __mp_main__: [work] PID=9087 time=2021-10-23 15:00:00 done
2025-05-28 11:31:15,023 DEBUG __mp_main__: [work] PID=9087 time=2018-08-04 10:00:00 start
2025-05-28 11:31:15,074 DEBUG __mp_main__: [work] PID=9088 time=2023-05-14 00:00:00 done
2025-05-28 11:31:15,074 DEBUG __mp_main__: [work] PID=9088 time=2024-03-16 07:00:00 start
2025-05-28 11:31:15,164 DEBUG __mp_main__: [work] PID=9086 time=2024-08-24 11:00:00 done
2025-05-28 11:31:15,164 DEBUG __mp_main__: [work] PID=9086 time=2021-11-07 00:00:00 start
2025-05-28 11:31:15,809 DEBUG __mp_main__: [work] PID=9087 time=2018-08-04 10:00:00 done
2025-05-28 11:31:15,809 DEBUG __mp_main__: [work] PID=9087 time=2020-06-20 17:00:00 start
2025-05-28 11:31:15,838 DEBUG __mp_main__: [work] PID=9088 time=2024-03-16 07:00:00 done
2025-05-28 11:31:15,838 DEBUG __mp_main__: [work] PID=9088 time=2021-11-06 09:00:00 start
2025-05-28 11:31:15,946 DEBUG __mp_main__: [work] PID=9086 time=2021-11-07 00:00:00 done
2025-05-28 11:31:15,947 DEBUG __mp_main__: [work] PID=9086 time=2023-03-11 12:00:00 start
2025-05-28 11:31:16,556 DEBUG __mp_main__: [work] PID=9087 time=2020-06-20 17:00:00 done
2025-05-28 11:31:16,556 DEBUG __mp_main__: [work] PID=9087 time=2018-05-12 22:00:00 start
2025-05-28 11:31:16,593 DEBUG __mp_main__: [work] PID=9088 time=2021-11-06 09:00:00 done
2025-05-28 11:31:16,594 DEBUG __mp_main__: [work] PID=9088 time=2021-02-20 23:00:00 start
2025-05-28 11:31:16,702 DEBUG __mp_main__: [work] PID=9086 time=2023-03-11 12:00:00 done
2025-05-28 11:31:16,702 DEBUG __mp_main__: [work] PID=9086 time=2024-07-27 13:00:00 start
2025-05-28 11:31:17,314 DEBUG __mp_main__: [work] PID=9087 time=2018-05-12 22:00:00 done
2025-05-28 11:31:17,316 DEBUG __mp_main__: [work] PID=9087 time=2022-01-08 19:00:00 start
2025-05-28 11:31:17,348 DEBUG __mp_main__: [work] PID=9088 time=2021-02-20 23:00:00 done
2025-05-28 11:31:17,348 DEBUG __mp_main__: [work] PID=9088 time=2022-11-20 02:00:00 start
2025-05-28 11:31:17,470 DEBUG __mp_main__: [work] PID=9086 time=2024-07-27 13:00:00 done
2025-05-28 11:31:17,472 DEBUG __mp_main__: [work] PID=9086 time=2018-08-25 10:00:00 start
2025-05-28 11:31:18,049 DEBUG __mp_main__: [work] PID=9087 time=2022-01-08 19:00:00 done
2025-05-28 11:31:18,049 DEBUG __mp_main__: [work] PID=9087 time=2019-02-23 12:00:00 start
2025-05-28 11:31:18,091 DEBUG __mp_main__: [work] PID=9088 time=2022-11-20 02:00:00 done
2025-05-28 11:31:18,091 DEBUG __mp_main__: [work] PID=9088 time=2019-10-26 18:00:00 start
2025-05-28 11:31:18,207 DEBUG __mp_main__: [work] PID=9086 time=2018-08-25 10:00:00 done
2025-05-28 11:31:18,207 DEBUG __mp_main__: [work] PID=9086 time=2018-11-24 08:00:00 start
2025-05-28 11:31:18,763 DEBUG __mp_main__: [work] PID=9087 time=2019-02-23 12:00:00 done
2025-05-28 11:31:18,763 DEBUG __mp_main__: [work] PID=9087 time=2024-06-01 21:00:00 start
2025-05-28 11:31:18,796 DEBUG __mp_main__: [work] PID=9088 time=2019-10-26 18:00:00 done
2025-05-28 11:31:18,796 DEBUG __mp_main__: [work] PID=9088 time=2021-11-27 14:00:00 start
2025-05-28 11:31:18,926 DEBUG __mp_main__: [work] PID=9086 time=2018-11-24 08:00:00 done
2025-05-28 11:31:18,926 DEBUG __mp_main__: [work] PID=9086 time=2018-08-26 06:00:00 start
2025-05-28 11:31:19,482 DEBUG __mp_main__: [work] PID=9087 time=2024-06-01 21:00:00 done
2025-05-28 11:31:19,482 DEBUG __mp_main__: [work] PID=9087 time=2023-11-11 12:00:00 start
2025-05-28 11:31:19,507 DEBUG __mp_main__: [work] PID=9088 time=2021-11-27 14:00:00 done
2025-05-28 11:31:19,507 DEBUG __mp_main__: [work] PID=9088 time=2023-02-12 06:00:00 start
2025-05-28 11:31:19,596 DEBUG __mp_main__: [work] PID=9086 time=2018-08-26 06:00:00 done
2025-05-28 11:31:19,597 DEBUG __mp_main__: [work] PID=9086 time=2023-02-04 18:00:00 start
2025-05-28 11:31:20,183 DEBUG __mp_main__: [work] PID=9088 time=2023-02-12 06:00:00 done
2025-05-28 11:31:20,183 DEBUG __mp_main__: [work] PID=9088 time=2022-11-06 03:00:00 start
2025-05-28 11:31:20,216 DEBUG __mp_main__: [work] PID=9087 time=2023-11-11 12:00:00 done
2025-05-28 11:31:20,216 DEBUG __mp_main__: [work] PID=9087 time=2020-05-09 12:00:00 start
2025-05-28 11:31:20,324 DEBUG __mp_main__: [work] PID=9086 time=2023-02-04 18:00:00 done
2025-05-28 11:31:20,324 DEBUG __mp_main__: [work] PID=9086 time=2021-08-22 06:00:00 start
2025-05-28 11:31:20,900 DEBUG __mp_main__: [work] PID=9088 time=2022-11-06 03:00:00 done
2025-05-28 11:31:20,900 DEBUG __mp_main__: [work] PID=9088 time=2023-12-23 15:00:00 start
2025-05-28 11:31:20,924 DEBUG __mp_main__: [work] PID=9087 time=2020-05-09 12:00:00 done
2025-05-28 11:31:20,924 DEBUG __mp_main__: [work] PID=9087 time=2021-12-25 09:00:00 start
2025-05-28 11:31:21,028 DEBUG __mp_main__: [work] PID=9086 time=2021-08-22 06:00:00 done
2025-05-28 11:31:21,028 DEBUG __mp_main__: [work] PID=9086 time=2019-06-23 06:00:00 start
2025-05-28 11:31:21,669 DEBUG __mp_main__: [work] PID=9088 time=2023-12-23 15:00:00 done
2025-05-28 11:31:21,669 DEBUG __mp_main__: [work] PID=9088 time=2024-12-07 21:00:00 start
2025-05-28 11:31:21,688 DEBUG __mp_main__: [work] PID=9087 time=2021-12-25 09:00:00 done
2025-05-28 11:31:21,688 DEBUG __mp_main__: [work] PID=9087 time=2021-08-14 23:00:00 start
2025-05-28 11:31:21,712 DEBUG __mp_main__: [work] PID=9086 time=2019-06-23 06:00:00 done
2025-05-28 11:31:21,713 DEBUG __mp_main__: [work] PID=9086 time=2023-07-01 16:00:00 start
2025-05-28 11:31:22,376 DEBUG __mp_main__: [work] PID=9088 time=2024-12-07 21:00:00 done
2025-05-28 11:31:22,376 DEBUG __mp_main__: [work] PID=9088 time=2021-05-15 16:00:00 start
2025-05-28 11:31:22,401 DEBUG __mp_main__: [work] PID=9087 time=2021-08-14 23:00:00 done
2025-05-28 11:31:22,401 DEBUG __mp_main__: [work] PID=9087 time=2021-07-17 16:00:00 start
2025-05-28 11:31:22,432 DEBUG __mp_main__: [work] PID=9086 time=2023-07-01 16:00:00 done
2025-05-28 11:31:22,432 DEBUG __mp_main__: [work] PID=9086 time=2022-11-05 16:00:00 start
2025-05-28 11:31:23,136 DEBUG __mp_main__: [work] PID=9088 time=2021-05-15 16:00:00 done
2025-05-28 11:31:23,136 DEBUG __mp_main__: [work] PID=9088 time=2021-01-17 01:00:00 start
2025-05-28 11:31:23,162 DEBUG __mp_main__: [work] PID=9087 time=2021-07-17 16:00:00 done
2025-05-28 11:31:23,162 DEBUG __mp_main__: [work] PID=9087 time=2022-12-31 09:00:00 start
2025-05-28 11:31:23,190 DEBUG __mp_main__: [work] PID=9086 time=2022-11-05 16:00:00 done
2025-05-28 11:31:23,190 DEBUG __mp_main__: [work] PID=9086 time=2024-03-16 23:00:00 start
2025-05-28 11:31:23,834 DEBUG __mp_main__: [work] PID=9088 time=2021-01-17 01:00:00 done
2025-05-28 11:31:23,835 DEBUG __mp_main__: [work] PID=9088 time=2018-02-04 00:00:00 start
2025-05-28 11:31:23,866 DEBUG __mp_main__: [work] PID=9087 time=2022-12-31 09:00:00 done
2025-05-28 11:31:23,866 DEBUG __mp_main__: [work] PID=9087 time=2020-09-27 01:00:00 start
2025-05-28 11:31:23,896 DEBUG __mp_main__: [work] PID=9086 time=2024-03-16 23:00:00 done
2025-05-28 11:31:23,896 DEBUG __mp_main__: [work] PID=9086 time=2020-10-31 11:00:00 start
2025-05-28 11:31:24,548 DEBUG __mp_main__: [work] PID=9088 time=2018-02-04 00:00:00 done
2025-05-28 11:31:24,549 DEBUG __mp_main__: [work] PID=9088 time=2019-02-02 11:00:00 start
2025-05-28 11:31:24,576 DEBUG __mp_main__: [work] PID=9087 time=2020-09-27 01:00:00 done
2025-05-28 11:31:24,578 DEBUG __mp_main__: [work] PID=9087 time=2020-09-12 21:00:00 start
2025-05-28 11:31:24,621 DEBUG __mp_main__: [work] PID=9086 time=2020-10-31 11:00:00 done
2025-05-28 11:31:24,622 DEBUG __mp_main__: [work] PID=9086 time=2024-09-29 02:00:00 start
2025-05-28 11:31:25,250 DEBUG __mp_main__: [work] PID=9088 time=2019-02-02 11:00:00 done
2025-05-28 11:31:25,250 DEBUG __mp_main__: [work] PID=9088 time=2018-10-20 17:00:00 start
2025-05-28 11:31:25,278 DEBUG __mp_main__: [work] PID=9087 time=2020-09-12 21:00:00 done
2025-05-28 11:31:25,278 DEBUG __mp_main__: [work] PID=9087 time=2022-11-12 18:00:00 start
2025-05-28 11:31:25,328 DEBUG __mp_main__: [work] PID=9086 time=2024-09-29 02:00:00 done
2025-05-28 11:31:25,328 DEBUG __mp_main__: [work] PID=9086 time=2022-11-20 01:00:00 start
2025-05-28 11:31:25,955 DEBUG __mp_main__: [work] PID=9088 time=2018-10-20 17:00:00 done
2025-05-28 11:31:25,956 DEBUG __mp_main__: [work] PID=9088 time=2024-04-20 14:00:00 start
2025-05-28 11:31:25,983 DEBUG __mp_main__: [work] PID=9087 time=2022-11-12 18:00:00 done
2025-05-28 11:31:25,983 DEBUG __mp_main__: [work] PID=9087 time=2019-03-30 15:00:00 start
2025-05-28 11:31:26,039 DEBUG __mp_main__: [work] PID=9086 time=2022-11-20 01:00:00 done
2025-05-28 11:31:26,039 DEBUG __mp_main__: [work] PID=9086 time=2019-09-22 00:00:00 start
2025-05-28 11:31:26,647 DEBUG __mp_main__: [work] PID=9088 time=2024-04-20 14:00:00 done
2025-05-28 11:31:26,647 DEBUG __mp_main__: [work] PID=9088 time=2022-05-21 19:00:00 start
2025-05-28 11:31:26,681 DEBUG __mp_main__: [work] PID=9087 time=2019-03-30 15:00:00 done
2025-05-28 11:31:26,681 DEBUG __mp_main__: [work] PID=9087 time=2019-03-03 05:00:00 start
2025-05-28 11:31:26,739 DEBUG __mp_main__: [work] PID=9086 time=2019-09-22 00:00:00 done
2025-05-28 11:31:26,740 DEBUG __mp_main__: [work] PID=9086 time=2021-04-10 17:00:00 start
2025-05-28 11:31:27,348 DEBUG __mp_main__: [work] PID=9088 time=2022-05-21 19:00:00 done
2025-05-28 11:31:27,348 DEBUG __mp_main__: [work] PID=9088 time=2018-05-12 09:00:00 start
2025-05-28 11:31:27,383 DEBUG __mp_main__: [work] PID=9087 time=2019-03-03 05:00:00 done
2025-05-28 11:31:27,383 DEBUG __mp_main__: [work] PID=9087 time=2018-05-05 18:00:00 start
2025-05-28 11:31:27,438 DEBUG __mp_main__: [work] PID=9086 time=2021-04-10 17:00:00 done
2025-05-28 11:31:27,438 DEBUG __mp_main__: [work] PID=9086 time=2020-11-07 17:00:00 start
2025-05-28 11:31:28,128 DEBUG __mp_main__: [work] PID=9088 time=2018-05-12 09:00:00 done
2025-05-28 11:31:28,128 DEBUG __mp_main__: [work] PID=9088 time=2019-06-29 21:00:00 start
2025-05-28 11:31:28,162 DEBUG __mp_main__: [work] PID=9087 time=2018-05-05 18:00:00 done
2025-05-28 11:31:28,163 DEBUG __mp_main__: [work] PID=9087 time=2022-08-06 17:00:00 start
2025-05-28 11:31:28,244 DEBUG __mp_main__: [work] PID=9086 time=2020-11-07 17:00:00 done
2025-05-28 11:31:28,245 DEBUG __mp_main__: [work] PID=9086 time=2022-08-13 13:00:00 start
2025-05-28 11:31:28,884 DEBUG __mp_main__: [work] PID=9088 time=2019-06-29 21:00:00 done
2025-05-28 11:31:28,884 DEBUG __mp_main__: [work] PID=9088 time=2022-04-02 23:00:00 start
2025-05-28 11:31:28,897 DEBUG __mp_main__: [work] PID=9087 time=2022-08-06 17:00:00 done
2025-05-28 11:31:28,897 DEBUG __mp_main__: [work] PID=9087 time=2022-06-04 10:00:00 start
2025-05-28 11:31:28,991 DEBUG __mp_main__: [work] PID=9086 time=2022-08-13 13:00:00 done
2025-05-28 11:31:28,991 DEBUG __mp_main__: [work] PID=9086 time=2020-10-10 13:00:00 start
2025-05-28 11:31:29,596 DEBUG __mp_main__: [work] PID=9088 time=2022-04-02 23:00:00 done
2025-05-28 11:31:29,596 DEBUG __mp_main__: [work] PID=9088 time=2018-07-28 14:00:00 start
2025-05-28 11:31:29,603 DEBUG __mp_main__: [work] PID=9087 time=2022-06-04 10:00:00 done
2025-05-28 11:31:29,603 DEBUG __mp_main__: [work] PID=9087 time=2021-04-10 19:00:00 start
2025-05-28 11:31:29,699 DEBUG __mp_main__: [work] PID=9086 time=2020-10-10 13:00:00 done
2025-05-28 11:31:29,699 DEBUG __mp_main__: [work] PID=9086 time=2023-07-02 05:00:00 start
2025-05-28 11:31:30,288 DEBUG __mp_main__: [work] PID=9088 time=2018-07-28 14:00:00 done
2025-05-28 11:31:30,288 DEBUG __mp_main__: [work] PID=9088 time=2020-07-19 03:00:00 start
2025-05-28 11:31:30,292 DEBUG __mp_main__: [work] PID=9087 time=2021-04-10 19:00:00 done
2025-05-28 11:31:30,292 DEBUG __mp_main__: [work] PID=9087 time=2022-04-16 21:00:00 start
2025-05-28 11:31:30,399 DEBUG __mp_main__: [work] PID=9086 time=2023-07-02 05:00:00 done
2025-05-28 11:31:30,399 DEBUG __mp_main__: [work] PID=9086 time=2019-05-11 18:00:00 start
2025-05-28 11:31:30,986 DEBUG __mp_main__: [work] PID=9087 time=2022-04-16 21:00:00 done
2025-05-28 11:31:30,986 DEBUG __mp_main__: [work] PID=9087 time=2024-08-24 15:00:00 start
2025-05-28 11:31:30,989 DEBUG __mp_main__: [work] PID=9088 time=2020-07-19 03:00:00 done
2025-05-28 11:31:30,991 DEBUG __mp_main__: [work] PID=9088 time=2024-11-03 01:00:00 start
2025-05-28 11:31:31,101 DEBUG __mp_main__: [work] PID=9086 time=2019-05-11 18:00:00 done
2025-05-28 11:31:31,101 DEBUG __mp_main__: [work] PID=9086 time=2024-02-03 11:00:00 start
2025-05-28 11:31:31,692 DEBUG __mp_main__: [work] PID=9088 time=2024-11-03 01:00:00 done
2025-05-28 11:31:31,692 DEBUG __mp_main__: [work] PID=9088 time=2023-05-14 04:00:00 start
2025-05-28 11:31:31,695 DEBUG __mp_main__: [work] PID=9087 time=2024-08-24 15:00:00 done
2025-05-28 11:31:31,697 DEBUG __mp_main__: [work] PID=9087 time=2024-06-08 12:00:00 start
2025-05-28 11:31:31,812 DEBUG __mp_main__: [work] PID=9086 time=2024-02-03 11:00:00 done
2025-05-28 11:31:31,814 DEBUG __mp_main__: [work] PID=9086 time=2022-12-10 13:00:00 start
2025-05-28 11:31:32,484 DEBUG __mp_main__: [work] PID=9088 time=2023-05-14 04:00:00 done
2025-05-28 11:31:32,484 DEBUG __mp_main__: [work] PID=9088 time=2023-05-06 12:00:00 start
2025-05-28 11:31:32,486 DEBUG __mp_main__: [work] PID=9087 time=2024-06-08 12:00:00 done
2025-05-28 11:31:32,486 DEBUG __mp_main__: [work] PID=9087 time=2020-07-18 22:00:00 start
2025-05-28 11:31:32,602 DEBUG __mp_main__: [work] PID=9086 time=2022-12-10 13:00:00 done
2025-05-28 11:31:32,602 DEBUG __mp_main__: [work] PID=9086 time=2021-11-20 13:00:00 start
2025-05-28 11:31:33,192 DEBUG __mp_main__: [work] PID=9087 time=2020-07-18 22:00:00 done
2025-05-28 11:31:33,192 DEBUG __mp_main__: [work] PID=9087 time=2019-01-06 03:00:00 start
2025-05-28 11:31:33,193 DEBUG __mp_main__: [work] PID=9088 time=2023-05-06 12:00:00 done
2025-05-28 11:31:33,193 DEBUG __mp_main__: [work] PID=9088 time=2018-03-25 04:00:00 start
2025-05-28 11:31:33,318 DEBUG __mp_main__: [work] PID=9086 time=2021-11-20 13:00:00 done
2025-05-28 11:31:33,318 DEBUG __mp_main__: [work] PID=9086 time=2022-11-12 09:00:00 start
2025-05-28 11:31:33,889 DEBUG __mp_main__: [work] PID=9087 time=2019-01-06 03:00:00 done
2025-05-28 11:31:33,890 DEBUG __mp_main__: [work] PID=9087 time=2021-05-01 23:00:00 start
2025-05-28 11:31:33,890 DEBUG __mp_main__: [work] PID=9088 time=2018-03-25 04:00:00 done
2025-05-28 11:31:33,891 DEBUG __mp_main__: [work] PID=9088 time=2023-07-01 22:00:00 start
2025-05-28 11:31:34,019 DEBUG __mp_main__: [work] PID=9086 time=2022-11-12 09:00:00 done
2025-05-28 11:31:34,020 DEBUG __mp_main__: [work] PID=9086 time=2018-11-24 15:00:00 start
2025-05-28 11:31:34,585 DEBUG __mp_main__: [work] PID=9087 time=2021-05-01 23:00:00 done
2025-05-28 11:31:34,586 DEBUG __mp_main__: [work] PID=9087 time=2023-12-02 18:00:00 start
2025-05-28 11:31:34,588 DEBUG __mp_main__: [work] PID=9088 time=2023-07-01 22:00:00 done
2025-05-28 11:31:34,588 DEBUG __mp_main__: [work] PID=9088 time=2021-08-08 05:00:00 start
2025-05-28 11:31:34,721 DEBUG __mp_main__: [work] PID=9086 time=2018-11-24 15:00:00 done
2025-05-28 11:31:34,722 DEBUG __mp_main__: [work] PID=9086 time=2018-09-15 18:00:00 start
2025-05-28 11:31:35,279 DEBUG __mp_main__: [work] PID=9087 time=2023-12-02 18:00:00 done
2025-05-28 11:31:35,279 DEBUG __mp_main__: [work] PID=9087 time=2022-04-23 10:00:00 start
2025-05-28 11:31:35,283 DEBUG __mp_main__: [work] PID=9088 time=2021-08-08 05:00:00 done
2025-05-28 11:31:35,284 DEBUG __mp_main__: [work] PID=9088 time=2019-03-30 08:00:00 start
2025-05-28 11:31:35,416 DEBUG __mp_main__: [work] PID=9086 time=2018-09-15 18:00:00 done
2025-05-28 11:31:35,416 DEBUG __mp_main__: [work] PID=9086 time=2021-03-13 21:00:00 start
2025-05-28 11:31:35,972 DEBUG __mp_main__: [work] PID=9087 time=2022-04-23 10:00:00 done
2025-05-28 11:31:35,972 DEBUG __mp_main__: [work] PID=9087 time=2024-06-22 17:00:00 start
2025-05-28 11:31:35,977 DEBUG __mp_main__: [work] PID=9088 time=2019-03-30 08:00:00 done
2025-05-28 11:31:35,977 DEBUG __mp_main__: [work] PID=9088 time=2019-02-02 22:00:00 start
2025-05-28 11:31:36,108 DEBUG __mp_main__: [work] PID=9086 time=2021-03-13 21:00:00 done
2025-05-28 11:31:36,108 DEBUG __mp_main__: [work] PID=9086 time=2019-08-24 08:00:00 start
2025-05-28 11:31:36,682 DEBUG __mp_main__: [work] PID=9087 time=2024-06-22 17:00:00 done
2025-05-28 11:31:36,682 DEBUG __mp_main__: [work] PID=9087 time=2022-02-26 17:00:00 start
2025-05-28 11:31:36,685 DEBUG __mp_main__: [work] PID=9088 time=2019-02-02 22:00:00 done
2025-05-28 11:31:36,685 DEBUG __mp_main__: [work] PID=9088 time=2021-11-13 10:00:00 start
2025-05-28 11:31:36,815 DEBUG __mp_main__: [work] PID=9086 time=2019-08-24 08:00:00 done
2025-05-28 11:31:36,815 DEBUG __mp_main__: [work] PID=9086 time=2024-03-30 14:00:00 start
2025-05-28 11:31:37,376 DEBUG __mp_main__: [work] PID=9087 time=2022-02-26 17:00:00 done
2025-05-28 11:31:37,376 DEBUG __mp_main__: [work] PID=9087 time=2021-12-18 08:00:00 start
2025-05-28 11:31:37,383 DEBUG __mp_main__: [work] PID=9088 time=2021-11-13 10:00:00 done
2025-05-28 11:31:37,383 DEBUG __mp_main__: [work] PID=9088 time=2023-03-11 08:00:00 start
2025-05-28 11:31:37,518 DEBUG __mp_main__: [work] PID=9086 time=2024-03-30 14:00:00 done
2025-05-28 11:31:37,518 DEBUG __mp_main__: [work] PID=9086 time=2019-10-06 02:00:00 start
2025-05-28 11:31:38,072 DEBUG __mp_main__: [work] PID=9087 time=2021-12-18 08:00:00 done
2025-05-28 11:31:38,072 DEBUG __mp_main__: [work] PID=9087 time=2018-06-30 15:00:00 start
2025-05-28 11:31:38,081 DEBUG __mp_main__: [work] PID=9088 time=2023-03-11 08:00:00 done
2025-05-28 11:31:38,083 DEBUG __mp_main__: [work] PID=9088 time=2023-05-27 11:00:00 start
2025-05-28 11:31:38,217 DEBUG __mp_main__: [work] PID=9086 time=2019-10-06 02:00:00 done
2025-05-28 11:31:38,217 DEBUG __mp_main__: [work] PID=9086 time=2019-02-16 19:00:00 start
2025-05-28 11:31:38,771 DEBUG __mp_main__: [work] PID=9087 time=2018-06-30 15:00:00 done
2025-05-28 11:31:38,773 DEBUG __mp_main__: [work] PID=9087 time=2023-03-12 05:00:00 start
2025-05-28 11:31:38,788 DEBUG __mp_main__: [work] PID=9088 time=2023-05-27 11:00:00 done
2025-05-28 11:31:38,788 DEBUG __mp_main__: [work] PID=9088 time=2020-05-09 17:00:00 start
2025-05-28 11:31:38,925 DEBUG __mp_main__: [work] PID=9086 time=2019-02-16 19:00:00 done
2025-05-28 11:31:38,926 DEBUG __mp_main__: [work] PID=9086 time=2022-12-24 21:00:00 start
2025-05-28 11:31:39,481 DEBUG __mp_main__: [work] PID=9087 time=2023-03-12 05:00:00 done
2025-05-28 11:31:39,481 DEBUG __mp_main__: [work] PID=9087 time=2024-12-01 04:00:00 start
2025-05-28 11:31:39,501 DEBUG __mp_main__: [work] PID=9088 time=2020-05-09 17:00:00 done
2025-05-28 11:31:39,501 DEBUG __mp_main__: [work] PID=9088 time=2023-07-22 19:00:00 start
2025-05-28 11:31:39,640 DEBUG __mp_main__: [work] PID=9086 time=2022-12-24 21:00:00 done
2025-05-28 11:31:39,640 DEBUG __mp_main__: [work] PID=9086 time=2020-03-21 07:00:00 start
2025-05-28 11:31:40,187 DEBUG __mp_main__: [work] PID=9087 time=2024-12-01 04:00:00 done
2025-05-28 11:31:40,187 DEBUG __mp_main__: [work] PID=9087 time=2020-10-10 22:00:00 start
2025-05-28 11:31:40,209 DEBUG __mp_main__: [work] PID=9088 time=2023-07-22 19:00:00 done
2025-05-28 11:31:40,209 DEBUG __mp_main__: [work] PID=9088 time=2022-06-11 16:00:00 start
2025-05-28 11:31:40,335 DEBUG __mp_main__: [work] PID=9086 time=2020-03-21 07:00:00 done
2025-05-28 11:31:40,335 DEBUG __mp_main__: [work] PID=9086 time=2020-05-09 07:00:00 start
2025-05-28 11:31:40,884 DEBUG __mp_main__: [work] PID=9087 time=2020-10-10 22:00:00 done
2025-05-28 11:31:40,884 DEBUG __mp_main__: [work] PID=9087 time=2019-03-30 20:00:00 start
2025-05-28 11:31:40,906 DEBUG __mp_main__: [work] PID=9088 time=2022-06-11 16:00:00 done
2025-05-28 11:31:40,906 DEBUG __mp_main__: [work] PID=9088 time=2019-08-31 11:00:00 start
2025-05-28 11:31:41,030 DEBUG __mp_main__: [work] PID=9086 time=2020-05-09 07:00:00 done
2025-05-28 11:31:41,030 DEBUG __mp_main__: [work] PID=9086 time=2021-01-16 14:00:00 start
2025-05-28 11:31:41,579 DEBUG __mp_main__: [work] PID=9087 time=2019-03-30 20:00:00 done
2025-05-28 11:31:41,579 DEBUG __mp_main__: [work] PID=9087 time=2021-02-27 17:00:00 start
2025-05-28 11:31:41,602 DEBUG __mp_main__: [work] PID=9088 time=2019-08-31 11:00:00 done
2025-05-28 11:31:41,602 DEBUG __mp_main__: [work] PID=9088 time=2020-09-13 01:00:00 start
2025-05-28 11:31:41,728 DEBUG __mp_main__: [work] PID=9086 time=2021-01-16 14:00:00 done
2025-05-28 11:31:41,728 DEBUG __mp_main__: [work] PID=9086 time=2024-03-30 23:00:00 start
2025-05-28 11:31:42,274 DEBUG __mp_main__: [work] PID=9087 time=2021-02-27 17:00:00 done
2025-05-28 11:31:42,274 DEBUG __mp_main__: [work] PID=9087 time=2020-09-26 12:00:00 start
2025-05-28 11:31:42,293 DEBUG __mp_main__: [work] PID=9088 time=2020-09-13 01:00:00 done
2025-05-28 11:31:42,293 DEBUG __mp_main__: [work] PID=9088 time=2024-12-28 18:00:00 start
2025-05-28 11:31:42,429 DEBUG __mp_main__: [work] PID=9086 time=2024-03-30 23:00:00 done
2025-05-28 11:31:42,429 DEBUG __mp_main__: [work] PID=9086 time=2020-02-22 13:00:00 start
2025-05-28 11:31:42,968 DEBUG __mp_main__: [work] PID=9087 time=2020-09-26 12:00:00 done
2025-05-28 11:31:42,968 DEBUG __mp_main__: [work] PID=9087 time=2019-03-31 05:00:00 start
2025-05-28 11:31:42,991 DEBUG __mp_main__: [work] PID=9088 time=2024-12-28 18:00:00 done
2025-05-28 11:31:42,991 DEBUG __mp_main__: [work] PID=9088 time=2020-07-25 15:00:00 start
2025-05-28 11:31:43,123 DEBUG __mp_main__: [work] PID=9086 time=2020-02-22 13:00:00 done
2025-05-28 11:31:43,123 DEBUG __mp_main__: [work] PID=9086 time=2018-10-27 12:00:00 start
2025-05-28 11:31:43,671 DEBUG __mp_main__: [work] PID=9087 time=2019-03-31 05:00:00 done
2025-05-28 11:31:43,672 DEBUG __mp_main__: [work] PID=9087 time=2023-01-01 02:00:00 start
2025-05-28 11:31:43,703 DEBUG __mp_main__: [work] PID=9088 time=2020-07-25 15:00:00 done
2025-05-28 11:31:43,704 DEBUG __mp_main__: [work] PID=9088 time=2019-02-02 16:00:00 start
2025-05-28 11:31:43,833 DEBUG __mp_main__: [work] PID=9086 time=2018-10-27 12:00:00 done
2025-05-28 11:31:43,833 DEBUG __mp_main__: [work] PID=9086 time=2021-07-24 19:00:00 start
2025-05-28 11:31:44,406 DEBUG __mp_main__: [work] PID=9087 time=2023-01-01 02:00:00 done
2025-05-28 11:31:44,406 DEBUG __mp_main__: [work] PID=9087 time=2018-05-06 06:00:00 start
2025-05-28 11:31:44,435 DEBUG __mp_main__: [work] PID=9088 time=2019-02-02 16:00:00 done
2025-05-28 11:31:44,435 DEBUG __mp_main__: [work] PID=9088 time=2021-05-30 05:00:00 start
2025-05-28 11:31:44,560 DEBUG __mp_main__: [work] PID=9086 time=2021-07-24 19:00:00 done
2025-05-28 11:31:44,560 DEBUG __mp_main__: [work] PID=9086 time=2023-02-25 08:00:00 start
2025-05-28 11:31:45,064 DEBUG __mp_main__: [work] PID=9087 time=2018-05-06 06:00:00 done
2025-05-28 11:31:45,064 DEBUG __mp_main__: [work] PID=9087 time=2018-10-14 02:00:00 start
2025-05-28 11:31:45,139 DEBUG __mp_main__: [work] PID=9088 time=2021-05-30 05:00:00 done
2025-05-28 11:31:45,140 DEBUG __mp_main__: [work] PID=9088 time=2022-08-14 04:00:00 start
2025-05-28 11:31:45,290 DEBUG __mp_main__: [work] PID=9086 time=2023-02-25 08:00:00 done
2025-05-28 11:31:45,290 DEBUG __mp_main__: [work] PID=9086 time=2021-09-25 13:00:00 start
2025-05-28 11:31:45,796 DEBUG __mp_main__: [work] PID=9087 time=2018-10-14 02:00:00 done
2025-05-28 11:31:45,797 DEBUG __mp_main__: [work] PID=9087 time=2022-11-12 22:00:00 start
2025-05-28 11:31:45,866 DEBUG __mp_main__: [work] PID=9088 time=2022-08-14 04:00:00 done
2025-05-28 11:31:45,866 DEBUG __mp_main__: [work] PID=9088 time=2018-06-23 23:00:00 start
2025-05-28 11:31:46,026 DEBUG __mp_main__: [work] PID=9086 time=2021-09-25 13:00:00 done
2025-05-28 11:31:46,028 DEBUG __mp_main__: [work] PID=9086 time=2019-02-09 14:00:00 start
2025-05-28 11:31:46,551 DEBUG __mp_main__: [work] PID=9087 time=2022-11-12 22:00:00 done
2025-05-28 11:31:46,551 DEBUG __mp_main__: [work] PID=9087 time=2023-10-14 12:00:00 start
2025-05-28 11:31:46,610 DEBUG __mp_main__: [work] PID=9088 time=2018-06-23 23:00:00 done
2025-05-28 11:31:46,610 DEBUG __mp_main__: [work] PID=9088 time=2021-11-06 11:00:00 start
2025-05-28 11:31:46,802 DEBUG __mp_main__: [work] PID=9086 time=2019-02-09 14:00:00 done
2025-05-28 11:31:46,802 DEBUG __mp_main__: [work] PID=9086 time=2018-01-27 15:00:00 start
2025-05-28 11:31:47,304 DEBUG __mp_main__: [work] PID=9087 time=2023-10-14 12:00:00 done
2025-05-28 11:31:47,304 DEBUG __mp_main__: [work] PID=9087 time=2019-06-29 16:00:00 start
2025-05-28 11:31:47,368 DEBUG __mp_main__: [work] PID=9088 time=2021-11-06 11:00:00 done
2025-05-28 11:31:47,368 DEBUG __mp_main__: [work] PID=9088 time=2021-02-06 14:00:00 start
2025-05-28 11:31:47,514 DEBUG __mp_main__: [work] PID=9086 time=2018-01-27 15:00:00 done
2025-05-28 11:31:47,514 DEBUG __mp_main__: [work] PID=9086 time=2023-02-26 06:00:00 start
2025-05-28 11:31:48,018 DEBUG __mp_main__: [work] PID=9087 time=2019-06-29 16:00:00 done
2025-05-28 11:31:48,018 DEBUG __mp_main__: [work] PID=9087 time=2018-09-23 00:00:00 start
2025-05-28 11:31:48,089 DEBUG __mp_main__: [work] PID=9088 time=2021-02-06 14:00:00 done
2025-05-28 11:31:48,089 DEBUG __mp_main__: [work] PID=9088 time=2024-08-04 06:00:00 start
2025-05-28 11:31:48,182 DEBUG __mp_main__: [work] PID=9086 time=2023-02-26 06:00:00 done
2025-05-28 11:31:48,182 DEBUG __mp_main__: [work] PID=9086 time=2023-04-08 22:00:00 start
2025-05-28 11:31:48,740 DEBUG __mp_main__: [work] PID=9087 time=2018-09-23 00:00:00 done
2025-05-28 11:31:48,740 DEBUG __mp_main__: [work] PID=9087 time=2019-10-12 14:00:00 start
2025-05-28 11:31:48,765 DEBUG __mp_main__: [work] PID=9088 time=2024-08-04 06:00:00 done
2025-05-28 11:31:48,766 DEBUG __mp_main__: [work] PID=9088 time=2023-10-15 03:00:00 start
2025-05-28 11:31:48,936 DEBUG __mp_main__: [work] PID=9086 time=2023-04-08 22:00:00 done
2025-05-28 11:31:48,937 DEBUG __mp_main__: [work] PID=9086 time=2019-04-27 22:00:00 start
2025-05-28 11:31:49,526 DEBUG __mp_main__: [work] PID=9087 time=2019-10-12 14:00:00 done
2025-05-28 11:31:49,527 DEBUG __mp_main__: [work] PID=9087 time=2018-07-07 22:00:00 start
2025-05-28 11:31:49,559 DEBUG __mp_main__: [work] PID=9088 time=2023-10-15 03:00:00 done
2025-05-28 11:31:49,559 DEBUG __mp_main__: [work] PID=9088 time=2021-12-26 00:00:00 start
2025-05-28 11:31:49,694 DEBUG __mp_main__: [work] PID=9086 time=2019-04-27 22:00:00 done
2025-05-28 11:31:49,694 DEBUG __mp_main__: [work] PID=9086 time=2018-02-04 06:00:00 start
2025-05-28 11:31:50,228 DEBUG __mp_main__: [work] PID=9087 time=2018-07-07 22:00:00 done
2025-05-28 11:31:50,229 DEBUG __mp_main__: [work] PID=9087 time=2021-06-05 12:00:00 start
2025-05-28 11:31:50,274 DEBUG __mp_main__: [work] PID=9088 time=2021-12-26 00:00:00 done
2025-05-28 11:31:50,274 DEBUG __mp_main__: [work] PID=9088 time=2018-07-29 00:00:00 start
2025-05-28 11:31:50,364 DEBUG __mp_main__: [work] PID=9086 time=2018-02-04 06:00:00 done
2025-05-28 11:31:50,365 DEBUG __mp_main__: [work] PID=9086 time=2022-05-14 11:00:00 start
2025-05-28 11:31:50,925 DEBUG __mp_main__: [work] PID=9087 time=2021-06-05 12:00:00 done
2025-05-28 11:31:50,925 DEBUG __mp_main__: [work] PID=9087 time=2023-09-16 08:00:00 start
2025-05-28 11:31:50,977 DEBUG __mp_main__: [work] PID=9088 time=2018-07-29 00:00:00 done
2025-05-28 11:31:50,977 DEBUG __mp_main__: [work] PID=9088 time=2023-11-11 20:00:00 start
2025-05-28 11:31:51,077 DEBUG __mp_main__: [work] PID=9086 time=2022-05-14 11:00:00 done
2025-05-28 11:31:51,077 DEBUG __mp_main__: [work] PID=9086 time=2022-07-24 05:00:00 start
2025-05-28 11:31:51,628 DEBUG __mp_main__: [work] PID=9087 time=2023-09-16 08:00:00 done
2025-05-28 11:31:51,628 DEBUG __mp_main__: [work] PID=9087 time=2022-01-23 00:00:00 start
2025-05-28 11:31:51,683 DEBUG __mp_main__: [work] PID=9088 time=2023-11-11 20:00:00 done
2025-05-28 11:31:51,683 DEBUG __mp_main__: [work] PID=9088 time=2018-11-25 04:00:00 start
2025-05-28 11:31:51,782 DEBUG __mp_main__: [work] PID=9086 time=2022-07-24 05:00:00 done
2025-05-28 11:31:51,782 DEBUG __mp_main__: [work] PID=9086 time=2024-03-23 12:00:00 start
2025-05-28 11:31:52,343 DEBUG __mp_main__: [work] PID=9087 time=2022-01-23 00:00:00 done
2025-05-28 11:31:52,343 DEBUG __mp_main__: [work] PID=9087 time=2024-08-18 03:00:00 start
2025-05-28 11:31:52,407 DEBUG __mp_main__: [work] PID=9088 time=2018-11-25 04:00:00 done
2025-05-28 11:31:52,409 DEBUG __mp_main__: [work] PID=9088 time=2024-12-21 10:00:00 start
2025-05-28 11:31:52,511 DEBUG __mp_main__: [work] PID=9086 time=2024-03-23 12:00:00 done
2025-05-28 11:31:52,511 DEBUG __mp_main__: [work] PID=9086 time=2021-12-12 05:00:00 start
2025-05-28 11:31:53,053 DEBUG __mp_main__: [work] PID=9087 time=2024-08-18 03:00:00 done
2025-05-28 11:31:53,055 DEBUG __mp_main__: [work] PID=9087 time=2022-06-12 05:00:00 start
2025-05-28 11:31:53,118 DEBUG __mp_main__: [work] PID=9088 time=2024-12-21 10:00:00 done
2025-05-28 11:31:53,118 DEBUG __mp_main__: [work] PID=9088 time=2024-05-18 20:00:00 start
2025-05-28 11:31:53,222 DEBUG __mp_main__: [work] PID=9086 time=2021-12-12 05:00:00 done
2025-05-28 11:31:53,224 DEBUG __mp_main__: [work] PID=9086 time=2021-03-27 09:00:00 start
2025-05-28 11:31:53,779 DEBUG __mp_main__: [work] PID=9087 time=2022-06-12 05:00:00 done
2025-05-28 11:31:53,779 DEBUG __mp_main__: [work] PID=9087 time=2018-03-17 15:00:00 start
2025-05-28 11:31:53,838 DEBUG __mp_main__: [work] PID=9088 time=2024-05-18 20:00:00 done
2025-05-28 11:31:53,839 DEBUG __mp_main__: [work] PID=9088 time=2023-04-01 16:00:00 start
2025-05-28 11:31:53,940 DEBUG __mp_main__: [work] PID=9086 time=2021-03-27 09:00:00 done
2025-05-28 11:31:53,940 DEBUG __mp_main__: [work] PID=9086 time=2020-07-25 21:00:00 start
2025-05-28 11:31:54,467 DEBUG __mp_main__: [work] PID=9087 time=2018-03-17 15:00:00 done
2025-05-28 11:31:54,467 DEBUG __mp_main__: [work] PID=9087 time=2020-09-05 10:00:00 start
2025-05-28 11:31:54,535 DEBUG __mp_main__: [work] PID=9088 time=2023-04-01 16:00:00 done
2025-05-28 11:31:54,535 DEBUG __mp_main__: [work] PID=9088 time=2023-09-02 15:00:00 start
2025-05-28 11:31:54,639 DEBUG __mp_main__: [work] PID=9086 time=2020-07-25 21:00:00 done
2025-05-28 11:31:54,639 DEBUG __mp_main__: [work] PID=9086 time=2024-01-20 17:00:00 start
2025-05-28 11:31:55,161 DEBUG __mp_main__: [work] PID=9087 time=2020-09-05 10:00:00 done
2025-05-28 11:31:55,161 DEBUG __mp_main__: [work] PID=9087 time=2024-06-01 20:00:00 start
2025-05-28 11:31:55,230 DEBUG __mp_main__: [work] PID=9088 time=2023-09-02 15:00:00 done
2025-05-28 11:31:55,230 DEBUG __mp_main__: [work] PID=9088 time=2024-01-27 12:00:00 start
2025-05-28 11:31:55,339 DEBUG __mp_main__: [work] PID=9086 time=2024-01-20 17:00:00 done
2025-05-28 11:31:55,339 DEBUG __mp_main__: [work] PID=9086 time=2022-02-26 21:00:00 start
2025-05-28 11:31:55,857 DEBUG __mp_main__: [work] PID=9087 time=2024-06-01 20:00:00 done
2025-05-28 11:31:55,857 DEBUG __mp_main__: [work] PID=9087 time=2022-12-04 06:00:00 start
2025-05-28 11:31:55,924 DEBUG __mp_main__: [work] PID=9088 time=2024-01-27 12:00:00 done
2025-05-28 11:31:55,924 DEBUG __mp_main__: [work] PID=9088 time=2019-09-28 13:00:00 start
2025-05-28 11:31:56,035 DEBUG __mp_main__: [work] PID=9086 time=2022-02-26 21:00:00 done
2025-05-28 11:31:56,035 DEBUG __mp_main__: [work] PID=9086 time=2024-01-13 10:00:00 start
2025-05-28 11:31:56,507 DEBUG __mp_main__: [work] PID=9087 time=2022-12-04 06:00:00 done
2025-05-28 11:31:56,507 DEBUG __mp_main__: [work] PID=9087 time=2022-05-29 03:00:00 start
2025-05-28 11:31:56,619 DEBUG __mp_main__: [work] PID=9088 time=2019-09-28 13:00:00 done
2025-05-28 11:31:56,619 DEBUG __mp_main__: [work] PID=9088 time=2023-05-21 05:00:00 start
2025-05-28 11:31:56,735 DEBUG __mp_main__: [work] PID=9086 time=2024-01-13 10:00:00 done
2025-05-28 11:31:56,735 DEBUG __mp_main__: [work] PID=9086 time=2018-05-19 20:00:00 start
2025-05-28 11:31:57,206 DEBUG __mp_main__: [work] PID=9087 time=2022-05-29 03:00:00 done
2025-05-28 11:31:57,206 DEBUG __mp_main__: [work] PID=9087 time=2023-06-10 21:00:00 start
2025-05-28 11:31:57,312 DEBUG __mp_main__: [work] PID=9088 time=2023-05-21 05:00:00 done
2025-05-28 11:31:57,312 DEBUG __mp_main__: [work] PID=9088 time=2024-01-06 07:00:00 start
2025-05-28 11:31:57,444 DEBUG __mp_main__: [work] PID=9086 time=2018-05-19 20:00:00 done
2025-05-28 11:31:57,444 DEBUG __mp_main__: [work] PID=9086 time=2019-11-09 21:00:00 start
2025-05-28 11:31:57,906 DEBUG __mp_main__: [work] PID=9087 time=2023-06-10 21:00:00 done
2025-05-28 11:31:57,906 DEBUG __mp_main__: [work] PID=9087 time=2020-09-26 16:00:00 start
2025-05-28 11:31:58,010 DEBUG __mp_main__: [work] PID=9088 time=2024-01-06 07:00:00 done
2025-05-28 11:31:58,010 DEBUG __mp_main__: [work] PID=9088 time=2019-06-08 14:00:00 start
2025-05-28 11:31:58,138 DEBUG __mp_main__: [work] PID=9086 time=2019-11-09 21:00:00 done
2025-05-28 11:31:58,138 DEBUG __mp_main__: [work] PID=9086 time=2022-02-05 18:00:00 start
2025-05-28 11:31:58,595 DEBUG __mp_main__: [work] PID=9087 time=2020-09-26 16:00:00 done
2025-05-28 11:31:58,595 DEBUG __mp_main__: [work] PID=9087 time=2018-02-04 03:00:00 start
2025-05-28 11:31:58,694 DEBUG __mp_main__: [work] PID=9088 time=2019-06-08 14:00:00 done
2025-05-28 11:31:58,694 DEBUG __mp_main__: [work] PID=9088 time=2018-03-18 02:00:00 start
2025-05-28 11:31:58,830 DEBUG __mp_main__: [work] PID=9086 time=2022-02-05 18:00:00 done
2025-05-28 11:31:58,830 DEBUG __mp_main__: [work] PID=9086 time=2020-11-07 13:00:00 start
2025-05-28 11:31:59,281 DEBUG __mp_main__: [work] PID=9087 time=2018-02-04 03:00:00 done
2025-05-28 11:31:59,281 DEBUG __mp_main__: [work] PID=9087 time=2018-05-27 02:00:00 start
2025-05-28 11:31:59,388 DEBUG __mp_main__: [work] PID=9088 time=2018-03-18 02:00:00 done
2025-05-28 11:31:59,389 DEBUG __mp_main__: [work] PID=9088 time=2024-11-23 22:00:00 start
2025-05-28 11:31:59,526 DEBUG __mp_main__: [work] PID=9086 time=2020-11-07 13:00:00 done
2025-05-28 11:31:59,526 DEBUG __mp_main__: [work] PID=9086 time=2021-10-02 09:00:00 start
2025-05-28 11:31:59,964 DEBUG __mp_main__: [work] PID=9087 time=2018-05-27 02:00:00 done
2025-05-28 11:31:59,966 DEBUG __mp_main__: [work] PID=9087 time=2018-01-07 00:00:00 start
2025-05-28 11:32:00,072 DEBUG __mp_main__: [work] PID=9088 time=2024-11-23 22:00:00 done
2025-05-28 11:32:00,072 DEBUG __mp_main__: [work] PID=9088 time=2018-06-02 08:00:00 start
2025-05-28 11:32:00,223 DEBUG __mp_main__: [work] PID=9086 time=2021-10-02 09:00:00 done
2025-05-28 11:32:00,225 DEBUG __mp_main__: [work] PID=9086 time=2021-08-08 01:00:00 start
2025-05-28 11:32:00,669 DEBUG __mp_main__: [work] PID=9087 time=2018-01-07 00:00:00 done
2025-05-28 11:32:00,669 DEBUG __mp_main__: [work] PID=9087 time=2018-04-28 13:00:00 start
2025-05-28 11:32:00,775 DEBUG __mp_main__: [work] PID=9088 time=2018-06-02 08:00:00 done
2025-05-28 11:32:00,775 DEBUG __mp_main__: [work] PID=9088 time=2020-12-13 00:00:00 start
2025-05-28 11:32:00,926 DEBUG __mp_main__: [work] PID=9086 time=2021-08-08 01:00:00 done
2025-05-28 11:32:00,926 DEBUG __mp_main__: [work] PID=9086 time=2024-06-01 14:00:00 start
2025-05-28 11:32:01,358 DEBUG __mp_main__: [work] PID=9087 time=2018-04-28 13:00:00 done
2025-05-28 11:32:01,358 DEBUG __mp_main__: [work] PID=9087 time=2020-04-11 16:00:00 start
2025-05-28 11:32:01,457 DEBUG __mp_main__: [work] PID=9088 time=2020-12-13 00:00:00 done
2025-05-28 11:32:01,457 DEBUG __mp_main__: [work] PID=9088 time=2020-02-16 01:00:00 start
2025-05-28 11:32:01,613 DEBUG __mp_main__: [work] PID=9086 time=2024-06-01 14:00:00 done
2025-05-28 11:32:01,614 DEBUG __mp_main__: [work] PID=9086 time=2018-02-10 23:00:00 start
2025-05-28 11:32:02,041 DEBUG __mp_main__: [work] PID=9087 time=2020-04-11 16:00:00 done
2025-05-28 11:32:02,041 DEBUG __mp_main__: [work] PID=9087 time=2020-08-22 12:00:00 start
2025-05-28 11:32:02,138 DEBUG __mp_main__: [work] PID=9088 time=2020-02-16 01:00:00 done
2025-05-28 11:32:02,138 DEBUG __mp_main__: [work] PID=9088 time=2018-02-24 13:00:00 start
2025-05-28 11:32:02,297 DEBUG __mp_main__: [work] PID=9086 time=2018-02-10 23:00:00 done
2025-05-28 11:32:02,297 DEBUG __mp_main__: [work] PID=9086 time=2018-11-03 10:00:00 start
2025-05-28 11:32:02,729 DEBUG __mp_main__: [work] PID=9087 time=2020-08-22 12:00:00 done
2025-05-28 11:32:02,729 DEBUG __mp_main__: [work] PID=9087 time=2022-05-14 20:00:00 start
2025-05-28 11:32:02,828 DEBUG __mp_main__: [work] PID=9088 time=2018-02-24 13:00:00 done
2025-05-28 11:32:02,828 DEBUG __mp_main__: [work] PID=9088 time=2018-04-28 21:00:00 start
2025-05-28 11:32:02,985 DEBUG __mp_main__: [work] PID=9086 time=2018-11-03 10:00:00 done
2025-05-28 11:32:02,985 DEBUG __mp_main__: [work] PID=9086 time=2018-09-15 08:00:00 start
2025-05-28 11:32:03,426 DEBUG __mp_main__: [work] PID=9087 time=2022-05-14 20:00:00 done
2025-05-28 11:32:03,426 DEBUG __mp_main__: [work] PID=9087 time=2020-04-18 09:00:00 start
2025-05-28 11:32:03,515 DEBUG __mp_main__: [work] PID=9088 time=2018-04-28 21:00:00 done
2025-05-28 11:32:03,515 DEBUG __mp_main__: [work] PID=9088 time=2022-04-30 20:00:00 start
2025-05-28 11:32:03,675 DEBUG __mp_main__: [work] PID=9086 time=2018-09-15 08:00:00 done
2025-05-28 11:32:03,675 DEBUG __mp_main__: [work] PID=9086 time=2018-03-03 09:00:00 start
2025-05-28 11:32:04,113 DEBUG __mp_main__: [work] PID=9087 time=2020-04-18 09:00:00 done
2025-05-28 11:32:04,113 DEBUG __mp_main__: [work] PID=9087 time=2019-05-18 23:00:00 start
2025-05-28 11:32:04,205 DEBUG __mp_main__: [work] PID=9088 time=2022-04-30 20:00:00 done
2025-05-28 11:32:04,206 DEBUG __mp_main__: [work] PID=9088 time=2021-05-29 10:00:00 start
2025-05-28 11:32:04,370 DEBUG __mp_main__: [work] PID=9086 time=2018-03-03 09:00:00 done
2025-05-28 11:32:04,371 DEBUG __mp_main__: [work] PID=9086 time=2023-05-20 09:00:00 start
2025-05-28 11:32:04,815 DEBUG __mp_main__: [work] PID=9087 time=2019-05-18 23:00:00 done
2025-05-28 11:32:04,815 DEBUG __mp_main__: [work] PID=9087 time=2019-03-30 19:00:00 start
2025-05-28 11:32:04,904 DEBUG __mp_main__: [work] PID=9088 time=2021-05-29 10:00:00 done
2025-05-28 11:32:04,905 DEBUG __mp_main__: [work] PID=9088 time=2021-08-28 19:00:00 start
2025-05-28 11:32:05,067 DEBUG __mp_main__: [work] PID=9086 time=2023-05-20 09:00:00 done
2025-05-28 11:32:05,067 DEBUG __mp_main__: [work] PID=9086 time=2020-03-08 02:00:00 start
2025-05-28 11:32:05,507 DEBUG __mp_main__: [work] PID=9087 time=2019-03-30 19:00:00 done
2025-05-28 11:32:05,507 DEBUG __mp_main__: [work] PID=9087 time=2020-10-25 03:00:00 start
2025-05-28 11:32:05,600 DEBUG __mp_main__: [work] PID=9088 time=2021-08-28 19:00:00 done
2025-05-28 11:32:05,600 DEBUG __mp_main__: [work] PID=9088 time=2018-12-23 05:00:00 start
2025-05-28 11:32:05,761 DEBUG __mp_main__: [work] PID=9086 time=2020-03-08 02:00:00 done
2025-05-28 11:32:05,761 DEBUG __mp_main__: [work] PID=9086 time=2019-09-08 05:00:00 start
2025-05-28 11:32:06,195 DEBUG __mp_main__: [work] PID=9087 time=2020-10-25 03:00:00 done
2025-05-28 11:32:06,195 DEBUG __mp_main__: [work] PID=9087 time=2020-01-04 20:00:00 start
2025-05-28 11:32:06,290 DEBUG __mp_main__: [work] PID=9088 time=2018-12-23 05:00:00 done
2025-05-28 11:32:06,291 DEBUG __mp_main__: [work] PID=9088 time=2020-10-10 19:00:00 start
2025-05-28 11:32:06,452 DEBUG __mp_main__: [work] PID=9086 time=2019-09-08 05:00:00 done
2025-05-28 11:32:06,452 DEBUG __mp_main__: [work] PID=9086 time=2018-04-22 00:00:00 start
2025-05-28 11:32:06,891 DEBUG __mp_main__: [work] PID=9087 time=2020-01-04 20:00:00 done
2025-05-28 11:32:06,893 DEBUG __mp_main__: [work] PID=9087 time=2021-08-29 03:00:00 start
2025-05-28 11:32:06,980 DEBUG __mp_main__: [work] PID=9088 time=2020-10-10 19:00:00 done
2025-05-28 11:32:06,980 DEBUG __mp_main__: [work] PID=9088 time=2024-10-19 07:00:00 start
2025-05-28 11:32:07,152 DEBUG __mp_main__: [work] PID=9086 time=2018-04-22 00:00:00 done
2025-05-28 11:32:07,154 DEBUG __mp_main__: [work] PID=9086 time=2018-06-03 05:00:00 start
2025-05-28 11:32:07,580 DEBUG __mp_main__: [work] PID=9087 time=2021-08-29 03:00:00 done
2025-05-28 11:32:07,580 DEBUG __mp_main__: [work] PID=9087 time=2020-03-21 13:00:00 start
2025-05-28 11:32:07,671 DEBUG __mp_main__: [work] PID=9088 time=2024-10-19 07:00:00 done
2025-05-28 11:32:07,671 DEBUG __mp_main__: [work] PID=9088 time=2024-11-23 18:00:00 start
2025-05-28 11:32:07,845 DEBUG __mp_main__: [work] PID=9086 time=2018-06-03 05:00:00 done
2025-05-28 11:32:07,845 DEBUG __mp_main__: [work] PID=9086 time=2021-02-28 02:00:00 start
2025-05-28 11:32:08,276 DEBUG __mp_main__: [work] PID=9087 time=2020-03-21 13:00:00 done
2025-05-28 11:32:08,276 DEBUG __mp_main__: [work] PID=9087 time=2024-06-15 07:00:00 start
2025-05-28 11:32:08,375 DEBUG __mp_main__: [work] PID=9088 time=2024-11-23 18:00:00 done
2025-05-28 11:32:08,375 DEBUG __mp_main__: [work] PID=9088 time=2018-04-15 05:00:00 start
2025-05-28 11:32:08,540 DEBUG __mp_main__: [work] PID=9086 time=2021-02-28 02:00:00 done
2025-05-28 11:32:08,541 DEBUG __mp_main__: [work] PID=9086 time=2021-09-26 00:00:00 start
2025-05-28 11:32:08,984 DEBUG __mp_main__: [work] PID=9087 time=2024-06-15 07:00:00 done
2025-05-28 11:32:08,984 DEBUG __mp_main__: [work] PID=9087 time=2023-04-15 21:00:00 start
2025-05-28 11:32:09,088 DEBUG __mp_main__: [work] PID=9088 time=2018-04-15 05:00:00 done
2025-05-28 11:32:09,088 DEBUG __mp_main__: [work] PID=9088 time=2022-12-24 11:00:00 start
